Date,GARCH_Volatility,VaR_GARCH,ES_97_5
2017-10-05,0.005063649172303728,0.009182467449699066,0.011095710615377735
2017-10-06,0.005022409308491043,0.00912758869920773,0.011025249843915298
2017-10-09,0.005011495226052016,0.009121568857129014,0.011015106237941101
2017-10-10,0.004984533785381686,0.009046511972178515,0.010929862274394892
2017-10-11,0.004965777661929731,0.008998724535961594,0.010874988046856536
2017-10-12,0.004948852414027479,0.008954825413441869,0.01082469390885005
2017-10-13,0.004929400576442822,0.008884470614823859,0.010746989451112231
2017-10-16,0.004913753279695743,0.008864596159770713,0.010721202840113046
2017-10-17,0.004873303557818196,0.008781476496403793,0.01062279970206168
2017-10-18,0.004894010336382571,0.008757377879536406,0.010606524909717564
2017-10-19,0.004874232952047849,0.00871901378507545,0.010560688151940917
2017-10-20,0.004837788412938436,0.008638407644354034,0.010466311850016632
2017-10-23,0.004821865893910301,0.00858891057162129,0.010410798631679333
2017-10-24,0.0050890026235158835,0.009147178959611202,0.011070001643065973
2017-10-25,0.004335120496439387,0.007696908012712613,0.009334884772155591
2017-10-26,0.0048995785627748865,0.008740363270049194,0.010591614192251212
2017-10-27,0.005110164670191525,0.00914177486778486,0.011072593393723228
2017-10-30,0.005010647617112658,0.008951507886407672,0.010844725007668749
2017-10-31,0.004307202945752286,0.00760695240236248,0.009234380827741018
2017-11-01,0.004269610392488662,0.007547703263027398,0.009160927762903863
2017-11-02,0.004215562314519352,0.0074059341698866216,0.008998737208426774
2017-11-03,0.0043813532609894,0.007760574428515885,0.009416019720591327
2017-11-06,0.0046434872769707805,0.008227148513545569,0.0099816382096669
2017-11-07,0.004645833063640014,0.008232512890766727,0.009987888916126189
2017-11-08,0.004641979225642219,0.008218717879417614,0.00997263777522307
2017-11-09,0.004679955701812582,0.00825788181523338,0.010026150697514226
2017-11-10,0.004677377797711385,0.008255337800659387,0.010022632650728372
2017-11-13,0.004666057027821997,0.008209833745094455,0.009972851168966623
2017-11-14,0.004684206896184482,0.008200395910316622,0.009970271058810083
2017-11-15,0.0049052847752438285,0.00859205416582499,0.010445461116542537
2017-11-16,0.004845697959849994,0.008481001821566407,0.010311894561003211
2017-11-17,0.004916149920056982,0.008609353519249973,0.01046686574332879
2017-11-20,0.0048514840038900876,0.008517368739252955,0.010350447670670941
2017-11-21,0.005129177414706555,0.009023544185806469,0.010961546464462766
2017-11-22,0.0052716968388830466,0.009269334726046742,0.011261186374002469
2017-11-24,0.005089693776377042,0.008887184920828996,0.010810268748656739
2017-11-27,0.004691665956368831,0.008157545201962156,0.009930238672861944
2017-11-28,0.004701878084262023,0.008171821276144794,0.009948373285271433
2017-11-29,0.004722465394957262,0.008187117068917888,0.009971447762970568
2017-11-30,0.004716411254971894,0.008152405751909215,0.009934448956928412
2017-12-01,0.004709346740511857,0.008146320646120375,0.009925694603419282
2017-12-04,0.004721472689223907,0.008158364756442042,0.009942320367744074
2017-12-05,0.004716843294017243,0.008148850376053798,0.009931056822190752
2017-12-06,0.004764586766988634,0.008269505022358029,0.010069750805396105
2017-12-07,0.004763310895299882,0.008260818270837501,0.01006058198003797
2017-12-08,0.004756329094802556,0.008239610782872067,0.010036736496897297
2017-12-11,0.00474266063137608,0.008226515910744518,0.010018477148846124
2017-12-12,0.004790729186422657,0.008351900284798345,0.010162023688424756
2017-12-13,0.004798763481349039,0.00834326363382797,0.010156422705869764
2017-12-14,0.004823054786734505,0.008415375326544948,0.010237712596450125
2017-12-15,0.00485549166230223,0.008437832191463148,0.010272425371757096
2017-12-18,0.00485105955303205,0.008428300256297526,0.010261218813709403
2017-12-19,0.00564115435984024,0.009928711983963535,0.01206015902111925
2017-12-20,0.005666215693236071,0.009993607646752953,0.012134523828237351
2017-12-21,0.0053031154955046865,0.009276071765372339,0.011279794601084308
2017-12-22,0.005102650299125142,0.008893220089124585,0.010821199394058907
2017-12-26,0.004918187393943323,0.00855534368435299,0.01041362574513566
2017-12-27,0.004918588388052101,0.00852276889717294,0.010381202469091553
2017-12-28,0.004801594092786973,0.00834974989207539,0.010163978478967845
2017-12-29,0.004805050360285884,0.008318027534080431,0.010133562032963634
2018-01-02,0.004724162359055139,0.008119683441707748,0.009904655314651817
2018-01-03,0.0050341126604199005,0.008696009873629573,0.010598092998875581
2018-01-04,0.005081395828142792,0.008748586431050068,0.010668534972010944
2018-01-05,0.005155825571926311,0.008862293780957646,0.01081036476756423
2018-01-08,0.004974097551888064,0.00850049780462993,0.010379904892826601
2018-01-09,0.00493770535764255,0.008388933029559084,0.01025458973447385
2018-01-10,0.004884797827962247,0.008261894127381273,0.010107560314365327
2018-01-11,0.004844145443800105,0.008169047867019812,0.009999354005643451
2018-01-12,0.004780000703834553,0.008060188070338339,0.009866257836895643
2018-01-16,0.004786485681826906,0.008059335244041559,0.009867855286951204
2018-01-17,0.004809847670782666,0.008070166320146389,0.009887513429107677
2018-01-18,0.004962503831662666,0.008440166225917417,0.010315192756687765
2018-01-19,0.004929930473663366,0.008331514275904433,0.010194233327926799
2018-01-22,0.0051285403121396145,0.008693654885084437,0.010631416441666484
2018-01-25,0.0072436589843984135,0.012795357289970553,0.015532292763741143
2018-01-26,0.006603166282257013,0.011532875405578473,0.014027807880456152
2018-01-29,0.00649826342248458,0.011297185546068251,0.013752481649489248
2018-01-30,0.006204306850319217,0.010727236853818893,0.01307146475650871
2018-01-31,0.005881184254710592,0.010111706474940158,0.012333846121376769
2018-02-01,0.00529051839900407,0.008933615747503296,0.010932578911293477
2018-02-02,0.005375480986493966,0.009126795487559928,0.011157860814103115
2018-02-05,0.005887240394906973,0.010158381577334855,0.012382809468562295
2018-02-06,0.018170305112462,0.03448671329916909,0.04135215971770483
2018-02-07,0.016911866463726152,0.032066230105234024,0.038456189565216445
2018-02-08,0.01591653023278852,0.03016661603414491,0.0361804988394077
2018-02-09,0.018901374876031024,0.03589311459481729,0.04303478754113722
2018-02-12,0.017453050222459722,0.033073470894292585,0.03966791058040059
2018-02-13,0.018545443196070176,0.03520693463610875,0.042214122780863374
2018-02-21,0.017580521934560292,0.03332206852194436,0.039964671967762995
2018-02-22,0.017767985664979166,0.03370416788104532,0.040417602399245176
2018-02-23,0.01679820120943267,0.031822604651305736,0.03816961696713338
2018-02-26,0.017165415250556478,0.032558794809709204,0.03904455484099158
2018-02-27,0.016538631240986625,0.03134450852707112,0.037593445235516415
2018-02-28,0.015729165363625293,0.029770231227676993,0.035713320314177524
2018-03-01,0.01494391191433001,0.028220773546507552,0.03386716340601439
2018-03-02,0.014652273591268193,0.027664403164817882,0.03320060074807068
2018-03-05,0.01395384629929699,0.026330203066156303,0.03160250771417255
2018-03-06,0.01343761068563044,0.02530459884482354,0.030381849644099682
2018-03-07,0.013446344569561224,0.025381057591364185,0.030461608390930987
2018-03-08,0.012791934993553706,0.024082603364074914,0.028915892829720864
2018-03-09,0.0113956401284414,0.02128785715709765,0.025593572235765888
2018-03-12,0.009706631245293088,0.017852566638740786,0.02152010861487082
2018-03-13,0.008065839327742847,0.014549207291514425,0.017596794405896884
2018-03-14,0.006876940320353595,0.012160670135796654,0.014759045066797385
2018-03-15,0.006711800905151916,0.011981449008200026,0.014517427859463057
2018-03-16,0.005649651222689558,0.009822113851300995,0.011956771332984558
2018-03-19,0.005670733998034565,0.009827366063542921,0.011969989435925034
2018-03-20,0.005673433738223925,0.009818946673742461,0.011962590112738716
2018-03-21,0.005137897215278759,0.008722901095012416,0.01066419805271996
2018-03-22,0.004787235762738989,0.007971888984418384,0.0097806924370055
2018-03-23,0.007201281603884388,0.012872362739842798,0.015593286394688155
2018-03-26,0.01080787209061725,0.019924835034099784,0.024008468538175086
2018-03-27,0.014570916594382954,0.02708328496200003,0.0325887427145548
2018-03-28,0.012903652253307963,0.0238367919366951,0.02871229251856179
2018-03-29,0.009711036870121743,0.017456418628947992,0.021125625221110292
2018-04-02,0.006881782583784723,0.011895868053628375,0.014496072579670302
2018-04-03,0.007030788306952812,0.012165399815160566,0.014821904485979044
2018-04-04,0.007259789437422543,0.012576164167506586,0.015319194352414849
2018-04-05,0.0067412680974866445,0.011570089268129666,0.01411720196820958
2018-04-06,0.005667848888604864,0.009449078958898356,0.011590612224973578
2018-04-09,0.008049689312726234,0.014155517372590996,0.017197002384555862
2018-04-10,0.006350267116489321,0.010830397887163052,0.013229775242788514
2018-04-11,0.006042687985885236,0.010235725809389976,0.012518887833046475
2018-04-12,0.0076495563794046015,0.013417688545770285,0.016307987807302863
2018-04-13,0.006824800511480481,0.011772489309481672,0.014351163797266092
2018-04-16,0.00839875145791077,0.014861175719154693,0.018034549955855805
2018-04-17,0.006570655764529913,0.01128900628719123,0.01377165502681445
2018-04-18,0.006459036088519804,0.011067771892974034,0.013508246387302046
2018-04-19,0.007290618401278716,0.0127681599421993,0.015522838506052416
2018-04-20,0.01799201301818294,0.033738129072751206,0.040536209818969104
2018-04-23,0.01237351710536977,0.022718143525237933,0.027393338474908283
2018-04-24,0.021882550014689063,0.041358882346357255,0.049626958952497434
2018-04-26,0.014455296481928705,0.026823139395995434,0.032284911383118814
2018-04-27,0.013096130185663003,0.02446859396367917,0.029416820178008014
2018-05-02,0.012275607527598143,0.022857273216084963,0.027495474127631453
2018-05-03,0.014321386424286299,0.02688850308792919,0.032299678658539104
2018-05-04,0.013333719350659048,0.024965426312387066,0.030003422933531275
2018-05-07,0.012720807645630248,0.02367234805648218,0.028478762849796616
2018-05-08,0.012495545361673067,0.02325783508662935,0.02797913704716233
2018-05-09,0.011813253373061758,0.0219192943480689,0.026382799917148085
2018-05-10,0.011063586166067375,0.020463661973686223,0.024643914179131827
2018-05-11,0.010882445174833548,0.02016753777141082,0.02427934788071004
2018-05-14,0.008128784003394628,0.014535284964889907,0.017606655020469264
2018-05-15,0.008095069504030916,0.014417730017051359,0.017476361426390228
2018-05-16,0.007467662078475887,0.013115343210022678,0.015936915745771954
2018-05-17,0.00786253464583151,0.013901816212004772,0.01687258692778188
2018-05-18,0.009778282458764033,0.017705808652960068,0.021400423238155452
2018-05-21,0.008456125914470295,0.015123733864578838,0.018318786397536615
2018-05-22,0.010846171813673523,0.020126534043966533,0.024224638669735177
2018-05-23,0.010843726395022782,0.02012038940330271,0.024217570055004127
2018-05-24,0.010161289534578793,0.018746760178598706,0.02258608970064581
2018-05-25,0.009505214634294861,0.017469352626796754,0.021060791590784025
2018-05-29,0.010253695287943518,0.018952958178642617,0.02282720218036209
2018-05-30,0.010663138931231265,0.019704914118207503,0.023733861817911348
2018-05-31,0.010073987160274207,0.01858046075309184,0.022386804050125688
2018-06-01,0.009801994179291305,0.01805392620904168,0.02175750000244869
2018-06-04,0.010580627166500427,0.01964859681609294,0.023646368368992848
2018-06-05,0.010196896127215535,0.01888536932346228,0.022738152398016128
2018-06-06,0.00961659690779851,0.017710654164484495,0.021344177673887
2018-06-07,0.01048718065182853,0.019415426608022587,0.023377890441238752
2018-06-08,0.009824547432253344,0.018117601301493497,0.02182969658910857
2018-06-11,0.008966423290326887,0.016283865256356854,0.019671727941361006
2018-06-12,0.009101224613862752,0.016551984374900915,0.01999078023126103
2018-06-13,0.008337491869848562,0.015086686192046683,0.018236914179036542
2018-06-14,0.006951445527339387,0.012152034960009203,0.014778560849582005
2018-06-15,0.007288395226404359,0.012889945689240552,0.015643784251349917
2018-06-18,0.006565696364088098,0.011479339824815884,0.013960114710489453
2018-06-19,0.009419270240139572,0.017369816634338803,0.020928782470913267
2018-06-20,0.01043930365762444,0.01940270354315568,0.023347077589967364
2018-06-21,0.010446802272202958,0.01937545309866171,0.023322660413064862
2018-06-22,0.010405953068834293,0.019324360603847554,0.023256133503955966
2018-06-25,0.010114603408046863,0.018774454521879112,0.02259614421354306
2018-06-26,0.0096603265176541,0.017905539825292617,0.021555586078342452
2018-06-27,0.009176568148341386,0.016953577163993164,0.02042084073158568
2018-06-28,0.00962324037484373,0.01784789895620866,0.021483932625278264
2018-06-29,0.009144133874715587,0.016998619026299854,0.020453627666618235
2018-07-02,0.008623364962471517,0.01594745638023705,0.01920569831568603
2018-07-03,0.008408479169612224,0.015520187210458525,0.01869723695415018
2018-07-05,0.011626627377374774,0.021852237878251076,0.02624522890364128
2018-07-06,0.011045152025872418,0.020712591459182958,0.024885878531077037
2018-07-09,0.01138223102821606,0.02134947501812332,0.0256501236183506
2018-07-10,0.011041969000977155,0.020644624822610164,0.024816709224173065
2018-07-11,0.010752586044688048,0.020117908395558503,0.024180652685959605
2018-07-12,0.011236424299131242,0.021059033011568928,0.025304590171129803
2018-07-13,0.010879485402250238,0.02036589267191626,0.02447658446427165
2018-07-16,0.010518731426508743,0.01966571028368816,0.02364009522399029
2018-07-17,0.010009348835962835,0.018652013905480245,0.022433934335127057
2018-07-18,0.009762787516140783,0.01818779907342989,0.021876559067979726
2018-07-19,0.009960491183062465,0.018527052235055633,0.02229051234738544
2018-07-20,0.009519348087464916,0.017571017943502278,0.02116779707458346
2018-07-23,0.00932595037129693,0.017186328423783544,0.02071003439238339
2018-07-24,0.009282209155035762,0.0172183428338028,0.020725521673404863
2018-07-25,0.009439633977174575,0.0175010955481807,0.021067755594875996
2018-07-26,0.009045666601939166,0.016701767659603663,0.020119571542982537
2018-07-27,0.008515479391211923,0.015611137326295219,0.018828615906135607
2018-07-30,0.008010922545821478,0.0146041004980803,0.01763093792106099
2018-07-31,0.0076719444160089,0.013939977649162934,0.01683873597975196
2018-08-01,0.006760267015461738,0.011852769019878587,0.014407060248473068
2018-08-02,0.006320072393765404,0.010961997981954545,0.013349966599548338
2018-08-03,0.005754892302193576,0.009772805674675197,0.011947227320355552
2018-08-06,0.005590403456196372,0.009437268455321236,0.011549539831556415
2018-08-07,0.005179253404453857,0.008590134099624398,0.010547057030539281
2018-08-08,0.00493615884205707,0.008144589969617956,0.010009662340927875
2018-08-09,0.004858622908003578,0.007966680338089376,0.009802456624525613
2018-08-10,0.004948767270110319,0.008220932625391673,0.010090768950123716
2018-08-13,0.004813827183701998,0.007986429920040535,0.009805280643418336
2018-08-14,0.004479528951893565,0.0073378337303813615,0.009030373608449363
2018-08-15,0.004331759368624345,0.007005668953775887,0.00864237574869283
2018-08-16,0.007421776185908096,0.01329644572336806,0.016100680788181044
2018-08-17,0.00726970481013678,0.012917834107268053,0.01566461070478018
2018-08-20,0.006911157618122161,0.01210714520255136,0.014718448756542357
2018-08-21,0.0060574040926132736,0.01061733814599322,0.012906060485869257
2018-08-22,0.005940619103008558,0.010312971669789978,0.012557568108441025
2018-08-23,0.005568312752649609,0.009566259380847706,0.011670184031994376
2018-08-24,0.005345073099010723,0.009272002206571428,0.011291578253164446
2018-08-27,0.005110576435644083,0.008772045371628331,0.01070301947853433
2018-08-28,0.004943371825612897,0.00843515371475994,0.010302951431176273
2018-08-29,0.00581392628923694,0.009944718651581645,0.01214144562853796
2018-08-30,0.005554361122218649,0.009426477555405002,0.011525130739144705
2018-08-31,0.005276756349533238,0.008821447576683588,0.010815210904110733
2018-09-04,0.0054370108822259225,0.00917760392938827,0.011231917638370349
2018-09-05,0.006328052936873967,0.010963491653779148,0.01335447563026557
2018-09-06,0.006416084661077608,0.011178358245348657,0.013602604023544556
2018-09-07,0.007043833472357035,0.012375063455820012,0.015036497096380566
2018-09-10,0.006605097781492034,0.011583927689243921,0.01407958995948956
2018-09-11,0.00617671116451503,0.010782987815662604,0.013116788997331569
2018-09-12,0.006521066192537957,0.011444693058773426,0.013908604933642769
2018-09-13,0.006127256422876211,0.010681930574063084,0.01299704583511804
2018-09-14,0.00581429994732176,0.010188356732736627,0.012385224892218185
2018-09-17,0.005521105944094745,0.009506642666302734,0.011592730753191536
2018-09-18,0.005802729559306503,0.010126157042499216,0.012318653460368912
2018-09-19,0.005861856883187527,0.010195436786815214,0.01241027380224032
2018-09-20,0.005541980782035991,0.009618160204279325,0.011712135615045971
2018-09-21,0.006056102046484975,0.010603652661547149,0.01289188303786655
2018-09-24,0.0057632100339073625,0.010018367774795518,0.012195932182309058
2018-09-25,0.005848716396173956,0.010328947502575823,0.012538819532055632
2018-09-26,0.005576109874904327,0.009746717044275342,0.011853587750797923
2018-09-27,0.005379391569314453,0.00933742066357106,0.011369963560064401
2018-09-28,0.005215367794853924,0.00898584619263985,0.01095641454176291
2018-10-01,0.004912715464777555,0.008356839387242205,0.010213053940833279
2018-10-02,0.00471871210406069,0.008042515908018839,0.009825428463114355
2018-10-03,0.004523555503242634,0.007534536750805747,0.009243711568540923
2018-10-04,0.00431100427433691,0.007175566870811285,0.008804431585649766
2018-10-05,0.004339350450659104,0.007198900113528749,0.008838475113830567
2018-10-08,0.0061095320667071285,0.010702835688691235,0.013011254000144695
2018-10-09,0.011715815054009548,0.021300751202721815,0.025727440793509786
2018-10-10,0.010400026754370698,0.018725883329020514,0.022655417037538175
2018-10-11,0.014563737402096322,0.026894423383094116,0.032397168558195334
2018-10-12,0.027229449161453204,0.05161690419426058,0.06190524679869966
2018-10-15,0.023746710048305163,0.04475471614228691,0.05372714475281855
2018-10-16,0.020438046942339385,0.0383231963173131,0.046045483604933504
2018-10-17,0.018412353972278684,0.03436289676583848,0.04131979863696315
2018-10-18,0.01411836478749352,0.02590105122696723,0.031235517344401904
2018-10-19,0.013825386114556271,0.02532927196329807,0.03055303936827992
2018-10-22,0.010883153109702181,0.019564823615662058,0.023676901210227946
2018-10-23,0.009399928716946945,0.016689244200973,0.020240902059486005
2018-10-24,0.010834761071326868,0.01953774412775345,0.023631537332239307
2018-10-25,0.019864505920536416,0.03722023874946291,0.0447258199812604
2018-10-26,0.014741044312458018,0.027177165996488024,0.03274690460319042
2018-10-29,0.015266770888930036,0.02825180305278005,0.03402018156229253
2018-10-30,0.01813588237300521,0.03385428625893188,0.04070672643063483
2018-10-31,0.01693663743069322,0.031486760680414096,0.03788607957301997
2018-11-01,0.017810342110557056,0.03317379842838595,0.03990323685547972
2018-11-02,0.013316054447715539,0.024285771508449804,0.029317093643728382
2018-11-05,0.010412990800353947,0.018612238806165186,0.022546670834359628
2018-11-06,0.007904242442975272,0.013689506400006641,0.016676035940126725
2018-11-07,0.0063062296502707175,0.010608863820888067,0.012991602112785066
2018-11-08,0.008269423838547584,0.014424385053935382,0.01754889429713862
2018-11-09,0.006717525976270614,0.011352854210606968,0.013890996215915266
2018-11-12,0.01074031250435259,0.01929348146061368,0.02335158833116865
2018-11-13,0.010910991294577914,0.019657734588390898,0.023780330529537687
2018-11-14,0.0100389353336871,0.01790302748238302,0.021696126839052844
2018-11-15,0.01004632661768494,0.017995512759435672,0.02179140483003833
2018-11-16,0.007978979550591885,0.013968166258354998,0.016982934378105
2018-11-19,0.006595884109041379,0.011277292475578064,0.013769473462810766
2018-11-20,0.009426685437262154,0.016921211439695667,0.0204829790255095
2018-11-21,0.007736652570522494,0.013606961437228633,0.01653016901976504
2018-11-23,0.006784908373141873,0.011761396942420918,0.014324998632220413
2018-11-26,0.007563189241053054,0.013368064125850367,0.016225730530807073
2018-11-27,0.006589055537288382,0.011441132060834924,0.013930732948658443
2018-11-28,0.007685244711077654,0.013577440175210292,0.01648122387342964
2018-11-29,0.011344433328278704,0.02075584490290951,0.025042212065260118
2018-11-30,0.009319600004228098,0.016785646360685295,0.02030695291416364
2018-12-03,0.007772218510571142,0.013777723909371497,0.016714369684289243
2018-12-04,0.01045320244692968,0.019040180519901903,0.022989806068692616
2018-12-06,0.010525430769258229,0.01924801789226889,0.023224934104247603
2018-12-07,0.00883144664502652,0.01597631563826396,0.01931317890854569
2018-12-10,0.00992947094390398,0.018205699573087087,0.02195743903523988
2018-12-11,0.008215931004528543,0.014918514500073733,0.018022812074652794
2018-12-12,0.007198340181184564,0.012970770006313389,0.015690582277513018
2018-12-13,0.0071838189787361405,0.012919239863391026,0.015633565460771732
2018-12-14,0.0065461202625974576,0.011692772926234864,0.01416615120106255
2018-12-17,0.01110764250972038,0.020780944121866023,0.0249778425236674
2018-12-18,0.01655078248191031,0.03139605565899034,0.03764958357781784
2018-12-19,0.012256181536731454,0.02296853620213264,0.027599397220452418
2018-12-20,0.012635913127952775,0.02370418531533326,0.02847852366531145
2018-12-21,0.011465300452452665,0.021426856273314365,0.02575889172574832
2018-12-24,0.013189958064662846,0.024774282867510565,0.029757960895766104
2018-12-26,0.015017636599887987,0.02838823753276293,0.0340624834395562
2018-12-27,0.01426109534843289,0.02686062458315462,0.03224901984555146
2018-12-28,0.011869804766354885,0.022205687467879476,0.026690560347972125
2019-01-02,0.01024226601019292,0.01905760049637894,0.022927526073420697
2019-01-03,0.008461131681681335,0.01562988192576713,0.018826825831839356
2019-01-04,0.014786034565919003,0.02806978620132501,0.03365652387175149
2019-01-07,0.01566490194977672,0.02977361753456825,0.03569242540940399
2019-01-08,0.012885141164914682,0.024344034043012178,0.029212540417311837
2019-01-09,0.010348387967169628,0.019415931068307767,0.023325953639040293
2019-01-10,0.009375686076702982,0.01753484652353705,0.02107734457176571
2019-01-11,0.008018513649976508,0.014883908473311143,0.017913614110034604
2019-01-14,0.007167195942737435,0.013224139965617863,0.015932184734897107
2019-01-15,0.007121227967268157,0.01317740815672452,0.015868084440961844
2019-01-16,0.008753056429248602,0.01636371969332345,0.019670964097943337
2019-01-17,0.007529472940236254,0.013999611273539547,0.016844538351596883
2019-01-18,0.006919377292855071,0.012843081284799586,0.01545749055089103
2019-01-22,0.007671001452569404,0.014310886837020982,0.017209288879428363
2019-01-23,0.007822007841127868,0.014679769363550916,0.01763522747976047
2019-01-24,0.007149574713542121,0.013396521434956737,0.016097908220007298
2019-01-25,0.006777863585220383,0.012683548663923575,0.015244488559454593
2019-01-28,0.006923004984752738,0.012941735150617606,0.015557515099490226
2019-01-29,0.010051823688437043,0.019250146505636074,0.023048115582897332
2019-01-30,0.009307173973887852,0.017966153092730055,0.021482764609720678
2019-01-31,0.008832603820333369,0.017108549068331994,0.020445849564351918
2019-02-01,0.008173460984596651,0.015852551790167764,0.018940802543054403
2019-02-11,0.0076891336689574015,0.014910023389789922,0.0178152764872176
2019-02-12,0.007434946063139516,0.014406116172613333,0.017215327328136486
2019-02-13,0.010000203791678859,0.019388404114893322,0.023166869191911865
2019-02-14,0.009486253173318311,0.018349700590633948,0.021933975178814322
2019-02-15,0.008886972139172479,0.017140903606659347,0.020498746563443998
2019-02-19,0.00841128994589495,0.01616048294357883,0.019338594707629754
2019-02-20,0.008299750966197427,0.015879196786927462,0.019015164795881712
2019-02-21,0.007735654286288883,0.014731052759495555,0.01765388315150743
2019-02-22,0.007674636500644393,0.014568838839188863,0.017468614343826686
2019-02-25,0.007248294739652966,0.01366281189492195,0.016401498936930527
2019-02-26,0.0071407234543211665,0.013463051650690862,0.016161094086511073
2019-02-27,0.006838053352888,0.012841993495164728,0.015425675420744692
2019-02-28,0.006508743293468587,0.012088050641210109,0.014547306446588148
2019-03-01,0.009455751120738466,0.018032597968416608,0.02160534769741899
2019-03-04,0.009634525815370132,0.018373300550573235,0.02201359829703527
2019-03-05,0.008715819148132065,0.016569158676494868,0.01986233339121713
2019-03-06,0.007896416743698955,0.014985214272678071,0.017968786959914478
2019-03-07,0.007341861881288842,0.013927453874766108,0.016701494214006667
2019-03-08,0.007238944546951249,0.013812714551694234,0.016547868728040992
2019-03-11,0.0073498086577239155,0.014123643948517789,0.016900686888291324
2019-03-12,0.006961099398768624,0.013354587589813402,0.015984761086656345
2019-03-13,0.01092307518972375,0.020970809770638924,0.025097971476319522
2019-03-14,0.009524912843420264,0.018152842053589358,0.02175172376542564
2019-03-15,0.008405848050266417,0.01597085142928712,0.019146907033982346
2019-03-18,0.007622694505338547,0.014413632313492207,0.01729378211655612
2019-03-19,0.007528182396061964,0.01424517105897196,0.01708961051935725
2019-03-20,0.0072068939009541045,0.013618307395144035,0.016341351593622457
2019-03-21,0.0071250095176967065,0.013521316730110864,0.016213421830853225
2019-03-22,0.0072635945793357295,0.013873118987723483,0.01661758690291521
2019-03-25,0.007565179998159085,0.014512852922665076,0.01737127151291307
2019-03-26,0.0117495577144706,0.022815862097885106,0.027255300975269
2019-03-27,0.011028447731386474,0.021378520964040807,0.025545496505223492
2019-03-28,0.009013643489011812,0.017436051033970598,0.020841755342543393
2019-03-29,0.008333037589556214,0.01610807467043109,0.019256619657466296
2019-04-01,0.007893064402343298,0.015154870766936605,0.018137176809512316
2019-04-02,0.008459726773744085,0.01619628067070407,0.01939269374803641
2019-04-03,0.007802374089552631,0.014905510551912615,0.017853550274837066
2019-04-04,0.007316861450995509,0.013932501741306082,0.01669709594777359
2019-04-05,0.007048867281582227,0.013315328979164685,0.01597866458820088
2019-04-08,0.006879194504359505,0.013033653930699529,0.0156328805798973
2019-04-09,0.006846597761167599,0.012891543837400361,0.015478454172016858
2019-04-10,0.007471873704556446,0.014172765206646355,0.016995929058172224
2019-04-11,0.00711799080093741,0.01350881162473949,0.016198264781910204
2019-04-12,0.00683284314541275,0.012923406786678247,0.01550512009367809
2019-04-16,0.006599790515972482,0.01248622903321912,0.014979886012588909
2019-04-17,0.00663122807648994,0.012592035514073677,0.015097570823825165
2019-04-18,0.006608547974692144,0.012573489329135865,0.015070455216266435
2019-04-22,0.0066538385606421105,0.012658521198905932,0.01517259962703012
2019-04-23,0.006384118588122537,0.012116571763149243,0.014528739518454183
2019-04-24,0.006116219352475967,0.01158632474356684,0.01389726977110169
2019-04-25,0.007107101087771401,0.013439856630378189,0.016125195231310483
2019-04-26,0.006737811741528422,0.012723427550031523,0.01526923430469733
2019-05-02,0.006659374207154316,0.012525185361997792,0.015041355372199788
2019-05-03,0.006502582837084142,0.01221977633236979,0.01467670447825288
2019-05-06,0.006265418231173272,0.011734852210366723,0.014102170364332974
2019-05-07,0.007564039309266427,0.01435186337268489,0.017209850966401766
2019-05-08,0.00772026291221274,0.01469827468317792,0.017615289616760593
2019-05-09,0.007446792206026651,0.014174006501952071,0.016987693589979085
2019-05-10,0.007110103406931282,0.013509586140982806,0.01619605913460669
2019-05-13,0.007004778441541436,0.013270849652168555,0.015917526786452564
2019-05-14,0.007762342928189177,0.014791572881697065,0.01772448727834265
2019-05-15,0.007738061409700103,0.014705262160974713,0.017629002057626176
2019-05-16,0.008018550433616415,0.015109710718048851,0.018139430253058954
2019-05-17,0.007517675478671742,0.014132441652219437,0.016972911191465805
2019-05-20,0.007183101988700686,0.013511435758282965,0.016225490449003573
2019-05-21,0.006912311113564974,0.013004542437230395,0.015616281826564146
2019-05-23,0.0067122530485200504,0.012608772000752362,0.0151449216893265
2019-05-24,0.009063177452799099,0.017346445584478634,0.02077086574686756
2019-05-28,0.008307184592358192,0.015839791091051516,0.01897856781245095
2019-05-29,0.007828099293514405,0.014921107545621213,0.017878867248937422
2019-05-30,0.008190140471351347,0.015693245127373398,0.018787798037647834
2019-05-31,0.007907216408042898,0.015133489055492317,0.01812114227502758
2019-06-03,0.00855034840835932,0.016413076677246067,0.019643730124949754
2019-06-04,0.010518722498267886,0.020278070599130057,0.02425245216599631
2019-06-05,0.015193609798459401,0.02955796216847857,0.03529869757880042
2019-06-06,0.008538298827609276,0.01645963622027887,0.019685736868759143
2019-06-07,0.006981674283403223,0.013365035558616501,0.01600298304533755
2019-06-10,0.008967537609905776,0.017203791360987084,0.020592075079172278
2019-06-11,0.007469814622573334,0.01422566625110815,0.017048052101552646
2019-06-12,0.006893888066531635,0.01306821444378354,0.015672992890992724
2019-06-13,0.007498459285512119,0.014235821013245149,0.017069029928980295
2019-06-14,0.006842756697369643,0.01298320866171042,0.015568667693361345
2019-06-17,0.006678651897935342,0.012671790919584302,0.015195244789485465
2019-06-18,0.008435781899206005,0.016211927722017894,0.01939929349650517
2019-06-19,0.00870244023759828,0.01672776947879607,0.02001588912191444
2019-06-20,0.007256017998564652,0.013887778360177573,0.0166293835491246
2019-06-21,0.00869126385780168,0.01672166021923147,0.02000555699233352
2019-06-24,0.006967647781241399,0.013336013107594476,0.015968660837463042
2019-06-25,0.008061004938870839,0.015510768474139635,0.018556528968794922
2019-06-26,0.006880504911870077,0.013158147494281241,0.015757869266290355
2019-06-27,0.006671399335149085,0.012758881240849673,0.015279594811075188
2019-06-28,0.007751688198898857,0.014908333400993994,0.017837222027428566
2019-07-01,0.007712041890770054,0.014772758140443962,0.017686666853086973
2019-07-02,0.009696632908408283,0.01860091775857199,0.022264681975014876
2019-07-03,0.008111369588341279,0.015484390024946445,0.01854918023870592
2019-07-05,0.006722784782563389,0.012710932121375777,0.015251061107783459
2019-07-08,0.010155096103247187,0.019403856755445627,0.02324084615878306
2019-07-09,0.008528916192346293,0.01619228891104491,0.01941484443580469
2019-07-10,0.006920583444373388,0.01307824808558211,0.015693113082525096
2019-07-11,0.007013942412698077,0.013214399653184352,0.01586453929140363
2019-07-12,0.0068198756413697425,0.012793716170931394,0.015370529851665284
2019-07-15,0.006500070351488071,0.012113586540188582,0.014569565371509786
2019-07-16,0.006530178613873739,0.012157028023660412,0.014624382924942175
2019-07-17,0.006267400379786271,0.011588303666770803,0.013956370753405598
2019-07-18,0.006538912377850367,0.01219209167513004,0.014662746531379129
2019-07-19,0.0064179974596136665,0.011892773440016905,0.014317741947730965
2019-07-22,0.0061914920491867005,0.011483923132651718,0.013823309106161207
2019-07-23,0.006951875396875724,0.013072579027786215,0.015699267338752078
2019-07-24,0.010074675998530317,0.01910226961669941,0.022908873183558616
2019-07-25,0.006895314121579914,0.012870599390156572,0.015475916656304859
2019-07-26,0.006265831816572555,0.011548325783909637,0.013915800206490019
2019-07-29,0.006281794261543057,0.011598344748547346,0.013971850402302742
2019-07-30,0.006149392024425762,0.011361309285067936,0.01368478823541924
2019-07-31,0.007559569407300026,0.014178547425954815,0.017034846117242344
2019-08-01,0.006641876382826017,0.012411259324996631,0.014920817978117755
2019-08-02,0.0062915659182062175,0.011803159668197158,0.014180357433055039
2019-08-05,0.007581339501258417,0.014358660172618273,0.01722318445024972
2019-08-06,0.017184492030753052,0.03317731905205176,0.039670287031217624
2019-08-07,0.0079807965278268,0.015106535175620897,0.01812198981988289
2019-08-08,0.006359892916318627,0.011991665891960055,0.01439468024831581
2019-08-09,0.010519389219295405,0.02007787843333279,0.024052511913277123
2019-08-12,0.007434438316065363,0.014020799936791253,0.016829819245765314
2019-08-13,0.00744925104802714,0.014085181467706646,0.016899797601663352
2019-08-14,0.006638856920556193,0.012524667264659294,0.01503308504775661
2019-08-15,0.010815274795147774,0.02083728008380231,0.024923710616930893
2019-08-16,0.00790630988064447,0.015119245980789007,0.018106556679092934
2019-08-19,0.007892432707011074,0.01509120241721376,0.018073269780778337
2019-08-20,0.007602412554452098,0.01452523508073061,0.01739772157565454
2019-08-21,0.006777027909948365,0.012926354023935185,0.01548697816891783
2019-08-22,0.00837342902846614,0.016013662620505607,0.019177469060658266
2019-08-23,0.0067309139993154965,0.01280211922158937,0.015345319741561888
2019-08-26,0.011437424456159482,0.022093221377122767,0.026414724196354936
2019-08-27,0.011869061476120945,0.022963652178888173,0.027448244215085082
2019-08-28,0.009844881792892474,0.018986760562388485,0.022706538960582
2019-08-29,0.007177476543371214,0.013750673113700158,0.016462602292864913
2019-08-30,0.0077448886404384056,0.014738333889112387,0.01766465337848564
2019-09-03,0.006945746222071518,0.013181068213440159,0.015805440684306053
2019-09-04,0.007648231728268315,0.014615648182643704,0.01750544693957038
2019-09-05,0.007200194544388444,0.013741126255116745,0.0164616391766983
2019-09-06,0.007523023770932859,0.014375075371366897,0.017217565702984234
2019-09-09,0.0068252395050872935,0.013013888941396438,0.015592729298001828
2019-09-10,0.010165856646577837,0.019647911268286734,0.023488966422486008
2019-09-11,0.009339836374458437,0.018011663684616284,0.02154061632409385
2019-09-12,0.007161662755311986,0.013744797095395472,0.01645075121173532
2019-09-13,0.0073568182931365465,0.014149085135455262,0.016928776587515255
2019-09-16,0.007456889125839378,0.014316673761698534,0.01713417585786864
2019-09-17,0.006871960751285095,0.013166658917018919,0.015763152373580138
2019-09-18,0.007285480249435637,0.01393060829778674,0.016683345468473883
2019-09-19,0.006840758602847401,0.013015725883098957,0.015600429957098006
2019-09-20,0.006772401271302659,0.012854175390516741,0.01541305141187001
2019-09-23,0.007689064522863582,0.014650028656482215,0.01755525562783225
2019-09-24,0.006905622482697457,0.013147233347084487,0.015756445512106372
2019-09-25,0.007204501492756354,0.013785815511477511,0.016507955765295054
2019-09-26,0.006895320145024511,0.013213532028342577,0.015818851570381987
2019-09-27,0.006742059449998033,0.012918324261081988,0.015465735964851244
2019-09-30,0.006731396653753881,0.01290549978926425,0.01544888267481428
2019-10-01,0.007738842935309544,0.014911055435804142,0.017835090623160032
2019-10-02,0.007036639521680384,0.01351727771781166,0.016175993204626177
2019-10-03,0.015070478621018114,0.029454733391675023,0.03514894506472651
2019-10-04,0.007699261987477795,0.015035142715986166,0.017944222685207203
2019-10-07,0.01080239131810933,0.021049422607282636,0.025130985262808485
2019-10-08,0.01020751940358755,0.01990473709231121,0.023761534052942918
2019-10-09,0.007438625761661053,0.01446504144520011,0.017275642933625195
2019-10-10,0.007427693205750349,0.014438571261217595,0.017245042005752685
2019-10-11,0.007222219975944058,0.014043183469732563,0.016772018454111314
2019-10-14,0.008247898250115088,0.016037321122988942,0.01915369716352464
2019-10-15,0.008400515125637442,0.016368478131335674,0.019542518750147737
2019-10-16,0.010051457031200733,0.019553902217106418,0.02335173275703469
2019-10-17,0.007342859659818049,0.014245597637955382,0.01702001497664573
2019-10-18,0.00715899516090294,0.01386962368355246,0.01657456987920147
2019-10-21,0.007168812630868686,0.013865919604486745,0.01657457522128186
2019-10-22,0.007006126482333464,0.013526718519888443,0.01617390499629799
2019-10-23,0.006969755611386088,0.013430307988857217,0.016063752138754404
2019-10-24,0.006906045341129014,0.013248474907787963,0.015857846845135432
2019-10-25,0.007051875082207281,0.013511418758536299,0.016175890831374346
2019-10-28,0.007153101320380821,0.013626215109656122,0.016328934383629704
2019-10-29,0.007104631407157446,0.013583160545501193,0.01626756600525501
2019-10-30,0.006993234270524585,0.013337128445239519,0.015979443743711085
2019-10-31,0.007222361107106608,0.013839256519209461,0.016568144828418396
2019-11-01,0.007093489166823907,0.01358450302664884,0.01626469851560035
2019-11-04,0.009331646940502853,0.01787180256775282,0.02139766092126919
2019-11-05,0.007582330451304357,0.014386973099011565,0.01725187179602682
2019-11-06,0.007103703736717738,0.013394496598300644,0.016078551548161613
2019-11-07,0.00685975047181002,0.012915756518335696,0.01550763645745884
2019-11-08,0.006951206688574872,0.013099974498022082,0.015726410145040875
2019-11-11,0.0068643239877986964,0.012913286861286736,0.015506894852237862
2019-11-12,0.007149684579493041,0.013476337566322683,0.01617776586299314
2019-11-13,0.00689371096677083,0.012896414462930605,0.015501125994977332
2019-11-14,0.007026163740740606,0.013175026048387571,0.015829783378622477
2019-11-15,0.006824192632840537,0.012857727349030054,0.015436172156673955
2019-11-18,0.006879491913956577,0.012964934484156268,0.015564273506241583
2019-11-19,0.008635618709534934,0.01649019941237943,0.019753071289008235
2019-11-20,0.008232351084923189,0.015677789876723587,0.018788291594900662
2019-11-21,0.007364949060613917,0.014006874173077513,0.016789637744626523
2019-11-22,0.00757651512582174,0.014493334668892707,0.017356036110261448
2019-11-25,0.0071014431284730384,0.013574152898227864,0.01625735370256507
2019-11-26,0.0069100716014753975,0.013155861997811446,0.01576675521256753
2019-11-27,0.006805647346612847,0.01291332297062066,0.015484760649428551
2019-11-29,0.006852711215918747,0.012970224072245436,0.0155594443073158
2019-12-02,0.007305591863203304,0.013853036559758213,0.016613372678611474
2019-12-03,0.011206483370223516,0.02155795469122338,0.025792199005905486
2019-12-04,0.006982986189092957,0.013273693350933546,0.015912136526536166
2019-12-05,0.007947238479770549,0.015083789252211611,0.018086564363608587
2019-12-06,0.006953887969301421,0.013152721383790684,0.0157801701227222
2019-12-09,0.007134583681261182,0.01349669248303948,0.016192415074327397
2019-12-10,0.006904046011130761,0.013022408106129939,0.01563102461901475
2019-12-11,0.007093200054500858,0.013429206871891744,0.016109293122987835
2019-12-12,0.0068891252048643185,0.013041822856876904,0.015644801710112656
2019-12-13,0.007491137031665287,0.014247981886157855,0.01707842417023012
2019-12-16,0.00685699065559783,0.01299484921916713,0.015585686392623298
2019-12-17,0.006769776182921968,0.012840381383311098,0.015398265544400602
2019-12-18,0.006981370799946167,0.013323576175312242,0.01596140899420573
2019-12-19,0.006793998816381671,0.012934291690275535,0.015501328102309872
2019-12-20,0.006784209458871235,0.012887617345197517,0.01545095495806234
2019-12-23,0.00694174036700797,0.013140077632763593,0.015762936536128612
2019-12-24,0.0067234193370907195,0.012694366246886008,0.015234734992619691
2019-12-26,0.006686133223513352,0.012627592764029525,0.01515387336906681
2019-12-27,0.006697089549003393,0.012655807909660886,0.015186228239657679
2019-12-30,0.006555512824032343,0.01233248662893875,0.01480941377797988
2019-12-31,0.006571457295629537,0.01236097461079802,0.014843926199976225
2020-01-02,0.0065649706350096445,0.01232407454031259,0.014804575217376471
2020-01-03,0.007157739346604801,0.01344098922345883,0.016145460923730783
2020-01-06,0.006864658562870305,0.012848663780404465,0.01544239818680172
2020-01-07,0.006688284689241183,0.012505802984560617,0.015032896496843232
2020-01-08,0.0064913388888812144,0.012105436081269336,0.014558115827170027
2020-01-09,0.0066408396101562605,0.012343189842512122,0.014852356762683889
2020-01-10,0.0073152109392212,0.013664010307110968,0.016427980886177636
2020-01-13,0.0065451453043764716,0.012172188928612148,0.014645198826388097
2020-01-14,0.007118965329226461,0.013302663194691911,0.01599248456646939
2020-01-15,0.007276705396513888,0.013561706092611184,0.01631112778333297
2020-01-16,0.0064355229691719675,0.011808519175337514,0.01424010950068674
2020-01-17,0.006872822233153363,0.01268921613202136,0.015286035089864508
2020-01-21,0.0065061143760441476,0.011986655944112537,0.014444918442465487
2020-01-22,0.006395889590227968,0.011774998035872973,0.014191613332578408
2020-01-30,0.006390407139755023,0.011783181285389834,0.014197725099545509
2020-01-31,0.01021749579782729,0.019403848596035292,0.023264415025571306
2020-02-03,0.010735232470074439,0.020443347394563077,0.024499534831023514
2020-02-04,0.0065757501770204755,0.012290253522057721,0.014774827128422109
2020-02-05,0.007133771187904679,0.013390631622907297,0.01608604722267416
2020-02-06,0.0067733019619455334,0.012664735185480131,0.015223951522711977
2020-02-07,0.007220275327088219,0.013511020278843284,0.016239120499417028
2020-02-10,0.006616454499855722,0.012355383447556628,0.014855336726727748
2020-02-11,0.006617547283405949,0.012345882961054105,0.014846249136258876
2020-02-12,0.006620428869953664,0.012348793863998116,0.014850248814428249
2020-02-13,0.006757380368274239,0.012602687863492952,0.015155888404755968
2020-02-14,0.006547258121519448,0.012192709078290877,0.014666517280376937
2020-02-18,0.006507018579758427,0.012063662135316613,0.014522266276922848
2020-02-19,0.007059553946607385,0.013214930736599297,0.015882304182406475
2020-02-20,0.006541565793152848,0.012225750597701887,0.014697408017225091
2020-02-21,0.006563119876966918,0.01225878387824183,0.014738585267093578
2020-02-24,0.0072782484516779175,0.013695566321250106,0.016445571038095224
2020-02-25,0.018366142848777196,0.03542426273112435,0.04236370424644452
2020-02-26,0.008809284938064627,0.0167694847361848,0.02009797445353231
2020-02-27,0.008070791222813274,0.01536841040240142,0.01841786853491295
2020-02-28,0.013043902942946328,0.0251314025676771,0.030059895302890435
2020-03-02,0.009710755373326642,0.01863097700774189,0.02230007723949077
2020-03-03,0.01476229761823631,0.0285065743739974,0.03408434330441393
2020-03-04,0.01006904270056731,0.01933422365208312,0.02313869874035679
2020-03-05,0.013187357732962077,0.02545255911990325,0.03043525464192945
2020-03-06,0.012176293526206982,0.02350182505543502,0.028102501283111796
2020-03-09,0.009600547463258712,0.018451377648534113,0.022078837054948074
2020-03-10,0.05051253024471212,0.0986210894688607,0.11770668366848107
2020-03-11,0.038640061972682875,0.07532606252351141,0.08992577746723093
2020-03-12,0.03887320051169496,0.07572772862604815,0.0904155323573679
2020-03-13,0.06260213588539959,0.12228376899668437,0.14593728537667813
2020-03-16,0.04990291993515116,0.0974171429022195,0.11627240266933729
2020-03-17,0.0631165751049156,0.12331189788411093,0.14715978936542087
2020-03-18,0.04664349389721112,0.09102144046834733,0.10864516258762946
2020-03-19,0.0362853024552446,0.07072146989523512,0.08443146531055652
2020-03-20,0.025657549527205167,0.049902765088513,0.05959718300938447
2020-03-23,0.030565406043077538,0.059583183755783135,0.07113198033078486
2020-03-24,0.04055422791873072,0.07920931604511719,0.09453227716755741
2020-03-25,0.03984226781174261,0.07783981991856903,0.09289377488308241
2020-03-26,0.033969426753183575,0.06633338464060702,0.07916835234196978
2020-03-27,0.033385505865205924,0.06518501050242134,0.07779935023170206
2020-03-30,0.025459432697409915,0.049670866894376234,0.05929042858850022
2020-03-31,0.020062234841363758,0.03907607684007211,0.04665636773155517
2020-04-01,0.014240206411363946,0.027650637945535683,0.033031140556857075
2020-04-03,0.012196145314267185,0.023649845595343392,0.02825802259895078
2020-04-06,0.016633986063106752,0.03234357873669765,0.038628544197437574
2020-04-07,0.03242648327341127,0.06319795972098335,0.07544994349766007
2020-04-08,0.029366649282539747,0.057274794233564845,0.06837065398348897
2020-04-09,0.02705596048747382,0.052741562959871834,0.0629643548105918
2020-04-13,0.024887091993375,0.04851645597605432,0.05791976514098969
2020-04-14,0.021574329075366966,0.042024164373674476,0.05017578314760493
2020-04-15,0.020638294489332035,0.040269050316326126,0.04806699889833934
2020-04-16,0.018012193035455218,0.03509069035011536,0.041896395889997995
2020-04-17,0.015091732129490826,0.029342973470843803,0.03504521554419524
2020-04-20,0.016103150777235148,0.03133275205088634,0.037417147340147956
2020-04-21,0.015938729268001946,0.031046943957332703,0.03706921441959177
2020-04-22,0.01791527025655764,0.03499025033605902,0.04175933468872777
2020-04-23,0.016782465246498495,0.03269173847230849,0.03903280513066368
2020-04-24,0.014705848233634706,0.028599389920465092,0.03415583008271053
2020-04-27,0.01343446551099089,0.026106225927478285,0.03118228835771874
2020-04-28,0.011756131872528131,0.022808845828080588,0.02725076867750632
2020-04-29,0.00791303696297568,0.015199678557207292,0.018189531008278286
2020-05-04,0.011648240181027251,0.02251764254465899,0.02691879972601146
2020-05-05,0.014519150891203765,0.02817842538176603,0.033664324042753824
2020-05-06,0.012993029299643572,0.025202307189687665,0.030111577888174097
2020-05-07,0.012092799234619107,0.02342250572034523,0.02799163456444191
2020-05-08,0.0127025036397759,0.024657223795369523,0.029456722624936527
2020-05-11,0.017267244651382144,0.03351236763590902,0.04003660276658424
2020-05-13,0.013114270266690537,0.02543167978027615,0.03038676002119132
2020-05-15,0.01624869424000699,0.031529988070815806,0.03766937532851405
2020-05-18,0.01157813680758702,0.022353207276710807,0.026727876683029582
2020-05-19,0.012981805400393107,0.02506240934390742,0.029967439217683748
2020-05-20,0.011129650604539298,0.02138295316041694,0.025588167074523594
2020-05-21,0.011496233532893953,0.022060552723933726,0.02640427589459891
2020-05-26,0.008758498612349801,0.016663128131708678,0.019972428804302597
2020-05-28,0.008938141584312161,0.01698592286750522,0.020363099626430143
2020-06-01,0.007639187777344728,0.014372185241240521,0.017258566842533685
2020-06-02,0.01005166627518981,0.01909990752924,0.02289781712966761
2020-06-03,0.00909840089814964,0.01724914763183118,0.02068687657881308
2020-06-04,0.009071621213336174,0.01717941344918411,0.020607023991986544
2020-06-05,0.007236083393245726,0.013552082776022283,0.016286155897464412
2020-06-08,0.011831869948733746,0.022502719170696697,0.026973258804530522
2020-06-09,0.013200606301420408,0.025111434035936575,0.030099135381272287
2020-06-10,0.010184657762758134,0.019160945964672032,0.02300910491019157
2020-06-11,0.00810878604144896,0.015084320480927255,0.018148134530409404
2020-06-12,0.024855592922533126,0.04828024701731618,0.057671654610882216
2020-06-15,0.020600691214683046,0.03995769861464911,0.047741439220204795
2020-06-16,0.01918375535190903,0.037210445167875715,0.04445881241650824
2020-06-17,0.020061693976069384,0.03889127969097924,0.04647136622256437
2020-06-18,0.017459049708985534,0.03372050898580376,0.040317215510747254
2020-06-19,0.0158340762522862,0.030633045691371968,0.03661577418295483
2020-06-22,0.014514618856292651,0.028073560885446647,0.03355774716776734
2020-06-23,0.013299400575056455,0.025692972687575026,0.030718002343465153
2020-06-24,0.012125934175329986,0.02347255930499473,0.02805420781558154
2020-06-25,0.01355535086818629,0.0263615607447104,0.03148329835417728
2020-06-26,0.012404128405743772,0.024084900713680732,0.02877166180058536
2020-06-29,0.012783123108165262,0.024809447440506362,0.029639407433883894
2020-06-30,0.012099271615160456,0.02347535225513044,0.02804692661577359
2020-07-01,0.011338190568981794,0.021978083142855202,0.026262091548476554
2020-07-02,0.011833162055632345,0.022844526646582906,0.02731555448854667
2020-07-06,0.010881181815027478,0.021030680351225572,0.02514201311416202
2020-07-07,0.012364471342649334,0.0239273153082295,0.02859909241769917
2020-07-08,0.011516029295446064,0.02235016231559295,0.026701365093577574
2020-07-09,0.010703998621618655,0.02072630027061659,0.024770686347017817
2020-07-10,0.009947830519796768,0.019159521457408533,0.022918197879825825
2020-07-13,0.009233697062806643,0.01775289564356416,0.02124174473208122
2020-07-14,0.009846540221636975,0.01899618990870575,0.02271659492563868
2020-07-15,0.009759460409819922,0.018752816362300338,0.02244031924696494
2020-07-21,0.009966212973360639,0.019157362983578542,0.022922985010332294
2020-07-22,0.009328633983034332,0.017981908526247814,0.021506628467506745
2020-07-23,0.0087136146629346,0.016723901628765414,0.02001624340342916
2020-07-24,0.008465925881510681,0.01626418078976229,0.019462936130581726
2020-07-27,0.011408134570809515,0.0222519805906977,0.0265624165545727
2020-07-28,0.014821182634492456,0.028848697149770345,0.03444871512451822
2020-07-29,0.014779947437697314,0.028771056276203258,0.034355493993360374
2020-07-30,0.013984220639855096,0.027281131823390824,0.03256491307602705
2020-07-31,0.012962363218260773,0.025315500816757406,0.030213184679618515
2020-08-03,0.011881860551431478,0.023207820332521764,0.027697248356073175
2020-08-04,0.012284962252970705,0.02395333469244804,0.028595070182275296
2020-08-05,0.011959824892609945,0.023313507740397737,0.027832393717660123
2020-08-06,0.01165362476212215,0.022669433711046957,0.027072625396100083
2020-08-07,0.01088140935217054,0.021133982470655555,0.025245401205954837
2020-08-10,0.01006643064157989,0.019531380168457606,0.02333486831947792
2020-08-11,0.009456313769244757,0.01831695107510985,0.02188991339455298
2020-08-12,0.008735633185369393,0.01693979860724044,0.020240459834167415
2020-08-13,0.009120873392150232,0.01767026655904869,0.021116486486368952
2020-08-14,0.008657628723757667,0.01674395543094233,0.02001514354510166
2020-08-17,0.008217380690878389,0.015894852413273368,0.018999697735614333
2020-08-18,0.007720333715787624,0.014907270789775275,0.01782431247569626
2020-08-19,0.0072991899797478065,0.014058357806791578,0.016816275045633232
2020-08-26,0.006890887441279503,0.01322713878721331,0.01583078348175499
2020-08-27,0.012752343419452033,0.0246431335726991,0.029461463805193037
2020-08-28,0.011708991290503803,0.02257987452485807,0.027003985832979267
2020-08-31,0.011049487134348428,0.02112988404309162,0.02530480908720336
2020-09-01,0.010304496009990352,0.01967562528038287,0.023569063766348857
2020-09-03,0.010253479247017033,0.019546155414511455,0.02342031778758486
2020-09-04,0.009780570895959202,0.018727520414186904,0.02242299965976352
2020-09-08,0.009480075919733101,0.01812496544656308,0.0217069060286142
2020-09-09,0.012072976830798245,0.023277865090702222,0.027839504261374246
2020-09-10,0.0117691567812978,0.02266683674862547,0.02711368091405063
2020-09-11,0.01161430091767103,0.02228064636556205,0.026668979976115104
2020-09-16,0.01079559083876009,0.020725475074356996,0.024804468244874003
2020-09-17,0.011050349462492719,0.02122704016415004,0.02540229102929963
2020-09-21,0.010469009846720856,0.020136184056588114,0.024091782254468154
2020-09-22,0.010066541407916128,0.019353268102868342,0.023156798105709073
2020-09-23,0.009573591052493242,0.018424260873009867,0.02204153510132137
2020-09-24,0.009644344513602996,0.018586761726628938,0.022230769358324066
2020-09-25,0.009137621516442268,0.017550601193571904,0.02100314921220523
2020-09-29,0.009141579563045255,0.017367034429377065,0.020821077951619534
2020-09-30,0.00878624755168131,0.01674261740339671,0.02006240270214151
2020-10-01,0.008469496593350688,0.016128458511912996,0.019328563006236567
2020-10-02,0.00850323346402202,0.016217216900570663,0.019430068493882912
2020-10-05,0.00859131357051935,0.01644223226697833,0.019688363942708214
2020-10-06,0.00924032480451622,0.01759905687983167,0.02109041018637376
2020-10-07,0.009127989322782566,0.017435300045965895,0.020884208648031678
2020-10-08,0.009539997182869695,0.01823711631181715,0.02184169747248536
2020-10-09,0.009068721291750965,0.017283267083219915,0.02070978192310828
2020-10-12,0.00892692717675035,0.0168114991701141,0.02018443869065724
2020-10-13,0.009074034681735309,0.01715724207514977,0.020585764519974462
2020-10-14,0.008644587804999741,0.016336659039988852,0.01960291978895388
2020-10-15,0.008270331165550836,0.015629586900187935,0.018754438966744245
2020-10-16,0.007923307049450152,0.0149881792232959,0.01798191211159499
2020-10-19,0.007609172125065135,0.014346701838909128,0.01722174236193379
2020-10-20,0.008070038273159231,0.015344102472117413,0.018393276111029432
2020-10-21,0.007738143239530859,0.014680797912523429,0.017604568727660575
2020-10-22,0.0074594330723620535,0.014143803735924622,0.016962267033815606
2020-10-23,0.007849541285446172,0.01480217641101765,0.017768037730999248
2020-10-26,0.008010324105616546,0.015059389149684497,0.018086000458731696
2020-10-27,0.009827407806394435,0.018689503168242867,0.022402679216212872
2020-10-28,0.009318931096262974,0.017734904385492686,0.02125595819958305
2020-10-29,0.016477890170848004,0.031710309675487866,0.0379362960504159
2020-10-30,0.014945456569508977,0.028717038251611128,0.03436401174178903
2020-11-02,0.013615836089937963,0.026133589580556296,0.03127818085409096
2020-11-03,0.013206028608330962,0.02528510775503679,0.03027485785835036
2020-11-04,0.012658234635549367,0.024052777282820268,0.028835549564613962
2020-11-05,0.012735855662981299,0.024194295948855138,0.029006396467103162
2020-11-06,0.012186348866141877,0.023293412269968686,0.02789788779529709
2020-11-09,0.011347382784102699,0.021460300854700253,0.02574778243592265
2020-11-10,0.011625582355003652,0.021983564343685695,0.026376160519069214
2020-11-11,0.010858629790488317,0.020509706299406676,0.024612518032280897
2020-11-12,0.010216670615473964,0.019246730699173795,0.023106985342793325
2020-11-13,0.0096652412207639,0.018242106310215028,0.021894009528827883
2020-11-16,0.009853746607975411,0.018448919418057354,0.022172047287411945
2020-11-17,0.009560209778493,0.018135651046832575,0.02174786931053084
2020-11-18,0.009322617681093265,0.01760015855750496,0.021122605306411944
2020-11-19,0.00896029798722604,0.016844535693175615,0.02023008400095958
2020-11-20,0.008795387930084006,0.016404975460304973,0.019728214348727027
2020-11-23,0.00834953976791045,0.015493922324511567,0.018648702474939955
2020-11-24,0.008119500893310934,0.014974130423211609,0.018041992959545554
2020-11-25,0.008422507126507323,0.015513175618816755,0.018695525669015584
2020-11-27,0.008063946480002648,0.014827532833337133,0.01787440475638635
2020-11-30,0.00809509088720746,0.014868893741016307,0.017927533229749104
2020-12-01,0.008310560395933694,0.01534465388572266,0.018484706116719957
2020-12-02,0.00849401309443827,0.01562797054999417,0.0188373383298567
2020-12-03,0.00816528944546399,0.014991933573365136,0.01807709680164913
2020-12-04,0.007830655709462987,0.014278898364360203,0.017237623980830313
2020-12-07,0.007702465454448963,0.014186130383236776,0.017096420746598583
2020-12-08,0.007514004205702542,0.0138532736031142,0.016692355992959287
2020-12-09,0.007288193783339649,0.013370083495483166,0.01612384594458515
2020-12-10,0.007096992738729565,0.012960870819511257,0.015642390093894162
2020-12-11,0.007355116915276612,0.013494714139160858,0.016273762744638865
2020-12-14,0.007568141555010636,0.013847811923574288,0.01670734950493189
2020-12-15,0.007683430310565906,0.013965938411836198,0.01686903655912957
2020-12-16,0.007402408777517933,0.013395276672942972,0.016192193979262328
2020-12-17,0.007511873241485489,0.013525815280540456,0.016364092509406604
2020-12-18,0.007623891913834097,0.013757836939072421,0.016638439169534575
2020-12-21,0.007550510510923289,0.013568343896164275,0.01642121978484609
2020-12-22,0.007372371853071173,0.01310758282914729,0.015893151019747868
2020-12-23,0.0071200697141402414,0.012709228782320104,0.015399467433576607
2020-12-24,0.006993652344277991,0.012429675100696565,0.015072148363656631
2020-12-28,0.007122754030408804,0.012661163111095584,0.015352416001210388
2020-12-29,0.00955684745753772,0.017229442548688613,0.02084039039704616
2020-12-30,0.008802097121700204,0.015759635226165088,0.019085409107547774
2020-12-31,0.008258936385887872,0.014684416364388862,0.01780496304098375
2021-01-04,0.007974701924838396,0.014068552928732839,0.017081704795468524
2021-01-05,0.007575896980920006,0.01326383806784633,0.016126305950082433
2021-01-06,0.007829675720375264,0.013632840817111889,0.016591196155673574
2021-01-07,0.007941037521565655,0.013807670784353344,0.016808102933095825
2021-01-08,0.009278982749940922,0.016449023793484868,0.019954983572032868
2021-01-11,0.008978208226056314,0.015779958144416878,0.019172273635485404
2021-01-12,0.008589246415033865,0.015035627753356137,0.01828097837752214
2021-01-13,0.008733616613031733,0.015226745213928496,0.018526644501567845
2021-01-14,0.008274909535635602,0.014271374874966485,0.017397956827416655
2021-01-15,0.00795211545407508,0.013633373960302446,0.01663799178185564
2021-01-19,0.007645783333453398,0.013078908284300255,0.01596778194264938
2021-01-20,0.013708893608124611,0.02513315674397152,0.03031290875922175
2021-02-05,0.012647424863593146,0.02304072048335956,0.027819408413806222
2021-02-08,0.011464409676991177,0.02069756036134029,0.025029259244235987
2021-02-09,0.013385105637184914,0.02446774770473612,0.029525160059111405
2021-02-17,0.013123533107861343,0.023937439520676534,0.028896019622455235
2021-02-18,0.014924898347351223,0.027405786558699147,0.03304499235472932
2021-02-19,0.013355832063937995,0.02432355362617266,0.029369905288536342
2021-02-22,0.012089337851603934,0.021826843598602243,0.02639466459786761
2021-02-23,0.012137651038243207,0.02195339919301701,0.026539474789116484
2021-02-24,0.01140207198541378,0.02048660542021127,0.024794750704049
2021-02-25,0.010527300322831943,0.018748731936313753,0.02272635453818562
2021-02-26,0.011353063161102548,0.020412583217857366,0.024702211065952457
2021-03-01,0.010499603139077197,0.018779884654885916,0.02274704218587231
2021-03-02,0.012333407130718718,0.022255579470145594,0.026915619314818458
2021-03-03,0.011508598089743907,0.020648215517141223,0.02499661049722386
2021-03-04,0.011185971670084808,0.020051240966205787,0.024277735164564374
2021-03-05,0.012518229822297966,0.02271073261408178,0.02744060564416971
2021-03-08,0.01192720644504403,0.021559560987164838,0.026066122449091154
2021-03-09,0.011130708945215863,0.020013005183600704,0.024218618979886693
2021-03-10,0.010505025401423042,0.018776462084272482,0.022745668356398456
2021-03-11,0.01002237123144708,0.017804231821916008,0.021591072617945482
2021-03-12,0.011465311110908774,0.0205160890226506,0.024848128502262905
2021-03-15,0.010572879894715835,0.018740121550547873,0.022734965883514063
2021-03-16,0.01016951105041842,0.017926082677570607,0.02176851860735972
2021-03-17,0.009640842709662555,0.01680383364240494,0.02044651815667455
2021-03-18,0.008972583299131188,0.015400932798137463,0.01879112297352342
2021-03-19,0.008635279833156375,0.01466893963227061,0.017931683468252593
2021-03-22,0.008483149465324047,0.014279486819072451,0.01748474989826359
2021-03-23,0.008476222250914042,0.014387269535448277,0.017589915244206323
2021-03-24,0.008256661338766604,0.01427423815384845,0.017393925229351664
2021-03-25,0.00944420516936407,0.016791326760560308,0.020359713981062073
2021-03-26,0.008895485652418633,0.015771315964075265,0.01913237565655385
2021-03-29,0.008343407081151145,0.014809269225833383,0.017961732209208874
2021-03-30,0.008352606586993286,0.014766108828306961,0.01792204774200092
2021-03-31,0.008099806066034502,0.01426224950570381,0.01732267057198253
2021-04-01,0.0078851749964542,0.013820973213592495,0.016800298332453913
2021-04-05,0.008007694651741042,0.013957410040150895,0.016983027839480976
2021-04-06,0.00793794208835003,0.013723313393025426,0.016722575966972523
2021-04-07,0.007679620116190861,0.013195366559272621,0.016097025067266367
2021-04-08,0.007682981080562402,0.013193298325283207,0.016096226736047686
2021-04-09,0.007694922433032298,0.013227373435720472,0.016134813752864043
2021-04-12,0.007702240379831945,0.013228199222345832,0.01613840454378271
2021-04-13,0.007681464638109928,0.013185026091588413,0.01608738153154476
2021-04-14,0.007711990527098914,0.013199535474816788,0.01611342478027154
2021-04-15,0.00772362559917808,0.013221476947270093,0.01613976243448629
2021-04-16,0.007726127265697094,0.013215602045958544,0.01613483275986945
2021-04-19,0.007746432704533116,0.013271959265699728,0.016198862162409476
2021-04-20,0.007756087828378457,0.01331422766674943,0.016244778643940725
2021-04-22,0.0077845544718439675,0.013339281734242954,0.016280588514059384
2021-04-23,0.007972898234827412,0.013818251982987959,0.016830722345640505
2021-04-26,0.00805730376626495,0.013916708529926483,0.01696107057793741
2021-04-27,0.00833187829257868,0.01457815556632527,0.01772626252597276
2021-04-28,0.008279422672375794,0.014412166015103717,0.017540453205758613
2021-04-29,0.008284638166145726,0.01442097776975346,0.01755123557635575
2021-05-04,0.008279924869471472,0.014370592531993848,0.017499069472200583
2021-05-05,0.008175766716445947,0.014161018493114307,0.017250140440973668
2021-05-06,0.008156327509618456,0.014116607463163152,0.017198384524292933
2021-05-07,0.00799662720248338,0.013743811803558806,0.016765247891057516
2021-05-10,0.007974351873297855,0.013725644925035932,0.01673866452871492
2021-05-11,0.008013605500365967,0.013846498828325468,0.016874349975652254
2021-05-12,0.00801073534114851,0.013820828912373247,0.016847595602163513
2021-05-13,0.007995584092746123,0.013805220130331926,0.01682626209049125
2021-05-14,0.007899189511205974,0.013547237010784807,0.016531857357189986
2021-05-17,0.007856014090699507,0.013439762767156527,0.016408069764157266
2021-05-18,0.007832356631317783,0.013446319550160561,0.01640568784091621
2021-05-19,0.007811678294342948,0.013473432170668148,0.01642498738323681
2021-05-20,0.007780551429222186,0.013392522089576161,0.016332316364541355
2021-05-21,0.007811606378720212,0.013389214135832819,0.016340742175888334
2021-05-24,0.007801505940858133,0.013383735441557144,0.01633144714421399
2021-05-25,0.007827589654037329,0.013385914738095103,0.01634348187983896
2021-05-26,0.007804806718663921,0.01335653800477922,0.016305496869386562
2021-05-27,0.007470891552783579,0.012693682952961742,0.01551647570943281
2021-05-28,0.007492754801694916,0.012784525801015915,0.015615579341387246
2021-06-01,0.0074398217911762,0.012684075976274226,0.015495129371065237
2021-06-02,0.0073951805997152335,0.012599724663414372,0.015393910883651192
2021-06-03,0.007380563452499272,0.01256516298974101,0.01535382628450234
2021-06-04,0.007339949571889293,0.012484617362049144,0.0152579351565863
2021-06-07,0.007341689817927258,0.012435574374988174,0.015209549702013351
2021-06-08,0.007403712681986207,0.012606729489151102,0.015404139461180055
2021-06-09,0.007608411905056368,0.01313119952614893,0.01600595280855192
2021-06-10,0.007539811982665085,0.012958353373810025,0.01580718694333103
2021-06-11,0.007350824087976946,0.0125446822269199,0.015322108835649509
2021-06-14,0.007406580299809733,0.012628466791282591,0.015426960260610812
2021-06-15,0.0073952457892773205,0.012596836872318162,0.015391047723701392
2021-06-16,0.007368673730533658,0.012565316421617685,0.015349487318008104
2021-06-17,0.007440347859594771,0.012754889866399277,0.015566142030254313
2021-06-18,0.007422539964239943,0.012712530151949274,0.01551705380185648
2021-06-21,0.007378536590798909,0.012658369053427895,0.015446266521181064
2021-06-22,0.007164670400172658,0.012168907668912876,0.014875998190200747
2021-06-23,0.007189954829296621,0.0122087071951653,0.014925351155005769
2021-06-24,0.0072000715466367824,0.012261286921233776,0.014981753369491499
2021-06-25,0.007131213934865851,0.01214077638052139,0.014835225750849173
2021-06-28,0.006930954716446591,0.01176561570039218,0.014384399366409235
2021-06-29,0.006946315112860491,0.011815447486174503,0.014440034906057792
2021-06-30,0.0066120075758817455,0.011083319819449346,0.013581592878168378
2021-07-01,0.0067041450600532375,0.01127740935495458,0.013810495530833886
2021-07-02,0.0065945776242626606,0.011062690058301917,0.0135543774048836
2021-07-06,0.006663273834784901,0.01119128790749295,0.01370893134834921
2021-07-07,0.0076233986563367,0.013236012085188317,0.016116427943825784
2021-07-08,0.0077076879005992804,0.01334173877376682,0.01625400237995514
2021-07-09,0.007758089063008072,0.013500520262976927,0.016431827384274532
2021-07-15,0.007767220516524624,0.013548579026077989,0.016483336364884502
2021-07-16,0.007985878838836157,0.01409742729356453,0.017114802232158464
2021-07-19,0.007974735396394185,0.014093959262757806,0.017107123776346225
2021-07-20,0.013067489967777325,0.024094431026043316,0.029031835854595074
2021-07-21,0.015451037011743067,0.028642103703038838,0.03448010510468737
2021-07-22,0.013948655397825825,0.025698745273152825,0.030969088597146515
2021-07-26,0.012933181283237692,0.023684275663925808,0.028570933459252545
2021-07-27,0.012262324122974762,0.0223443381500256,0.026977520075807507
2021-07-28,0.010728242323976608,0.01927746039669134,0.02333100668468479
2021-07-29,0.009288502481065943,0.016374778465095368,0.0198843351675009
2021-07-30,0.008772630607962658,0.01533114749130348,0.018645787780269634
2021-08-02,0.008167062838850794,0.014100813551039731,0.01718664683616651
2021-08-03,0.0077430031222058835,0.013343029631343902,0.016268636698756354
2021-08-04,0.008264143980141914,0.014304914184603562,0.017427428492402183
2021-08-05,0.007953273244502793,0.013700481768072372,0.016705537047780297
2021-08-06,0.007854895034736359,0.013482144737328618,0.016450028911558535
2021-08-09,0.0076085954837859515,0.01299164594038657,0.015866468585957857
2021-08-10,0.007357393486647229,0.012468378304110487,0.015248287086600726
2021-08-11,0.007472819440883532,0.012630702737468058,0.015454223924880118
2021-08-12,0.007362161344652619,0.012405557454494644,0.015187267718768738
2021-08-13,0.007358022540856534,0.012364796458611552,0.015144942922194187
2021-08-16,0.0071627020096771375,0.011952820269954673,0.014659167056924705
2021-08-17,0.007295695165906754,0.012205561748115556,0.014962158510662505
2021-08-18,0.007888675844711453,0.013444654320022037,0.016425302195214778
2021-08-19,0.00816253747734243,0.014018324685919969,0.017102448113850192
2021-08-20,0.007722453206162798,0.013207545186802911,0.016125387698440102
2021-08-23,0.009422652592959461,0.01657772360689279,0.020137967427623804
2021-08-24,0.011035077264052477,0.019763777992103184,0.023933258428003746
2021-08-25,0.009843996796187499,0.017422873805640914,0.021142317817734638
2021-08-26,0.008760462183754841,0.015287626417138288,0.018597669003210644
2021-08-27,0.008745699744296127,0.015245650198820678,0.01855011496236978
2021-08-30,0.008481879706061403,0.014730165687798256,0.017934949002663576
2021-08-31,0.00819723881469697,0.014171549190704553,0.017268784130565068
2021-09-01,0.007676517575543705,0.013142366954033154,0.016042853201768053
2021-09-07,0.007291073675710662,0.012370342995391968,0.015125193579593608
2021-09-08,0.007029570042016375,0.011838513307333955,0.014494557670381433
2021-09-09,0.007304509559301304,0.012414109958197986,0.01517403714063539
2021-09-10,0.0070661267379203896,0.01185487256704051,0.014524729468480402
2021-09-13,0.007199823233812153,0.012194095339756876,0.01491446796579301
2021-09-14,0.0070532219739055,0.011860006775028194,0.014524987755819545
2021-09-15,0.007209066904666155,0.012215934005559724,0.014939799249169751
2021-09-16,0.007208776499021567,0.012205413062894813,0.014929168579982346
2021-09-17,0.0070414105874510025,0.011929227673013777,0.014589745853630334
2021-09-20,0.0070400172992709075,0.011981693461549259,0.014641685203821121
2021-09-21,0.008057038880736275,0.014062802158894633,0.01710706412287324
2021-09-22,0.007879115014017512,0.01375648966592113,0.01673352508824422
2021-09-23,0.007870249343719014,0.013712747490253847,0.016686433118282235
2021-09-24,0.007680213183894588,0.013301831856685072,0.016203714448672853
2021-09-27,0.007319735418128022,0.012608630261115729,0.015374310363897843
2021-09-28,0.008592093655100648,0.015196596029338243,0.0184430224512962
2021-09-29,0.008241597314587998,0.014548791819118797,0.017662787121687788
2021-09-30,0.007675131708306395,0.013451214350573695,0.016351176963884075
2021-10-01,0.0076557243097240555,0.013454979839954275,0.016347609584924497
2021-10-04,0.007197696435072647,0.012569002176554288,0.015288571215490553
2021-10-05,0.007250281524480797,0.01270757185220137,0.015447009578620375
2021-10-06,0.007939831822416922,0.014055137692524016,0.017055114281337744
2021-10-07,0.007441333593892922,0.013073298404043582,0.0158849230165705
2021-10-08,0.0071508946198453995,0.012504292257022938,0.015206177753897354
2021-10-11,0.006770911363496002,0.011755114823664465,0.014313427900028545
2021-10-12,0.0068580094214722,0.011963820903503368,0.014555043006242793
2021-10-13,0.0069263373619921605,0.01206215061774634,0.014679189668061783
2021-10-14,0.006588467579107237,0.011392610895650173,0.013881989630055575
2021-10-15,0.007012357337184552,0.012124034963570368,0.014773575698747564
2021-10-18,0.0067135104905182786,0.01155159622365598,0.014088221022615432
2021-10-19,0.006443410729830071,0.010965366121684743,0.013399936749116145
2021-10-20,0.006296678339278331,0.010659444007727134,0.013038573443667167
2021-10-21,0.006142143953401853,0.010406571722211705,0.01272731207004949
2021-10-22,0.006217597406418522,0.010545451012272587,0.012894700602832121
2021-10-25,0.0060732715240651,0.010239546740721937,0.012534264411978382
2021-10-26,0.007097876132914114,0.012293502022358044,0.014975355077346333
2021-10-27,0.007827513267503736,0.013627437653140102,0.016584975933087186
2021-10-28,0.007785051755449154,0.013516743388679123,0.016458238061540002
2021-10-29,0.008000509891651098,0.013939534057075011,0.016962437175219374
2021-11-01,0.007241248184065763,0.012452566053261322,0.015188590633108715
2021-11-02,0.006833050373907226,0.011666941377602495,0.014248732983569604
2021-11-03,0.006800503334904524,0.011595618598841244,0.014165112670398668
2021-11-04,0.006461133486296512,0.01090395084474712,0.013345217817350275
2021-11-05,0.006258166356927581,0.010529202476467193,0.012893780590915144
2021-11-08,0.006102120539178035,0.010183685515848613,0.012489303464577531
2021-11-09,0.0060645766062091344,0.010129979010046933,0.012421411403907963
2021-11-10,0.0065530928088982955,0.011132801072473048,0.013608813845881407
2021-11-11,0.0065772546782273565,0.011226869072443997,0.013712011137750519
2021-11-12,0.006334574959610527,0.010797972351364997,0.013191420601145741
2021-11-15,0.006581043135627558,0.011240616993951158,0.013727190485484646
2021-11-16,0.006257054364345896,0.010603222709837205,0.012967380670333963
2021-11-17,0.006185696662672117,0.010468451238610937,0.012805647490189817
2021-11-18,0.005966921012077402,0.01003213848266182,0.012286672803274657
2021-11-19,0.005889481028044086,0.009872147721571252,0.012097422210951626
2021-11-22,0.006792859266184118,0.011690756793389939,0.014257362639136363
2021-11-23,0.006646941264376541,0.01143450331424241,0.013945975676169531
2021-11-24,0.006620475214074234,0.011364012010770079,0.013865484471807469
2021-11-26,0.007113380753142978,0.012282484988408676,0.014970196290617481
2021-11-29,0.008074168735301956,0.014230607904783442,0.01728134219258656
2021-11-30,0.007409750888695617,0.012912071695317414,0.01571176313616986
2021-12-01,0.008791977229829367,0.015531318194832321,0.01885326838833687
2021-12-02,0.008055422252132167,0.014124325304663374,0.017167976443617776
2021-12-03,0.007512111442479712,0.013031193571709834,0.015869560802155618
2021-12-06,0.010452518897881987,0.01886747320268976,0.022816840480123314
2021-12-07,0.009082255458860765,0.016214543697032686,0.019646172270484506
2021-12-08,0.0133543409588401,0.024520977767871543,0.02956676603286294
2021-12-09,0.01117259679995345,0.020266703060969567,0.0244881437143451
2021-12-10,0.009642603545725636,0.017270203099432925,0.020913552925901094
2021-12-13,0.00854552515530379,0.015178240529519842,0.01840707156503998
2021-12-14,0.007575513210880802,0.013258037667769977,0.016120360546792056
2021-12-15,0.007443644450259143,0.013034590098532311,0.015847087842273323
2021-12-16,0.007438003644228176,0.0129876336025159,0.015798000030831916
2021-12-17,0.007153427693223783,0.012499473012824214,0.015202315603123635
2021-12-20,0.007195041353438001,0.012581709331354189,0.015300275177411376
2021-12-21,0.007538769997211853,0.013318313459048374,0.01616675332602813
2021-12-22,0.007482383815015692,0.013151428162725142,0.015978563141855324
2021-12-23,0.007016080825315011,0.012259806849051428,0.014910754462544177
2021-12-27,0.006889210382907442,0.012025974752307142,0.014628985789113143
2021-12-28,0.008733163649824962,0.015594258978626593,0.01889398711918798
2021-12-29,0.007763765380169937,0.013734865412497802,0.01666831726670375
2021-12-30,0.007212138734417437,0.01265711616299995,0.01538214206310054
2021-12-31,0.006849125003870277,0.011984216132134304,0.01457208135712025
2022-01-04,0.006464185231589105,0.011181150217639553,0.013623570258045347
2022-01-05,0.007927552515415293,0.01403320931469498,0.017028546304792305
2022-01-06,0.009312236003117539,0.01681365503577897,0.020332179183858084
2022-01-07,0.008178695189117968,0.014603126739299086,0.017693355177781114
2022-01-10,0.007571770006404784,0.01344978658889382,0.016310695139999845
2022-01-11,0.008470317962216499,0.015257188566599592,0.018457603405956067
2022-01-12,0.00764267357124989,0.013639425889000916,0.016527124558506957
2022-01-13,0.007513911912401893,0.013365229583743874,0.01620427710159829
2022-01-14,0.008858707616722597,0.016021298885948748,0.019368462409271814
2022-01-18,0.00792607065895876,0.014229897862188626,0.01722467494940929
2022-01-19,0.014465688686465385,0.027107080408771564,0.032572778974066054
2022-01-20,0.01207858008046552,0.022451213344826585,0.02701496964067192
2022-01-21,0.010291229530115258,0.018982399376295516,0.022870825271323638
2022-01-24,0.009796115599395637,0.018010131770475394,0.021711484408263884
2022-01-25,0.009861880006942117,0.018186631357338154,0.021912832340460563
2022-01-26,0.0092486125787184,0.016988005290913454,0.020482490040178263
2022-01-27,0.00834884199140099,0.015235212961958247,0.018389729465342286
2022-01-28,0.008213373375850512,0.014995394733695428,0.018098725936904335
2022-02-07,0.009355467489856599,0.017173690821841094,0.02070854950332312
2022-02-08,0.009594495008911267,0.01765900137953612,0.021284173933816014
2022-02-09,0.008732852480530979,0.015967051245561577,0.019266661814287944
2022-02-10,0.008663913123631439,0.01581037759106195,0.019083940195376455
2022-02-11,0.008981650432999332,0.016493311620210633,0.01988692771064623
2022-02-14,0.009534226236389044,0.017622200032040257,0.02122460070517114
2022-02-15,0.009995614280862167,0.018579948832573093,0.02235667981429691
2022-02-16,0.01075696079868831,0.020049575232746714,0.02411397247498309
2022-02-17,0.009398314585790567,0.01741833646470981,0.020969384441831277
2022-02-18,0.008840075990055467,0.016357297434651814,0.019697421206370185
2022-02-22,0.008287820229272142,0.015284477682080803,0.018415937795620684
2022-02-23,0.008005444711210154,0.014759771769976743,0.017784539454459323
2022-02-24,0.007888007533022103,0.014540444541210019,0.01752083990231091
2022-02-25,0.007207359272883772,0.013193710464777134,0.01591693049883058
2022-02-28,0.008464376306415531,0.015577222861739532,0.018775392712952636
2022-03-01,0.008007177246209885,0.014659844833869978,0.017685267137311087
2022-03-02,0.007773420676500268,0.014227596827615591,0.017164696827474606
2022-03-03,0.007303984376814364,0.013286600070700962,0.016046328818813696
2022-03-04,0.006941487883332808,0.01252037182092667,0.015143135326160911
2022-03-07,0.006917842131545144,0.01250604624925143,0.015119875471823961
2022-03-08,0.010261976165907396,0.01919184854889533,0.02306922138767107
2022-03-09,0.010484795205655453,0.019660648676255773,0.023622211195334166
2022-03-10,0.010441599438944238,0.01953719032368577,0.023482431805773977
2022-03-11,0.00897037221955852,0.016629396017990915,0.020018750761707487
2022-03-14,0.009461556336551992,0.017639791743268053,0.021214734908091636
2022-03-15,0.009561740104229905,0.017853911777803162,0.02146670825795319
2022-03-16,0.009947158766548343,0.018543840122600068,0.022302262730570933
2022-03-17,0.010239313879869821,0.019096785215042707,0.02296559536268313
2022-03-18,0.009143954111579772,0.017003846805563258,0.020458787524392744
2022-03-21,0.008629703087457767,0.015959214613022573,0.019219851338059164
2022-03-22,0.008336442572109987,0.015347430470651402,0.018497261992234833
2022-03-23,0.008158571584788969,0.014898410963758699,0.01798103592357521
2022-03-24,0.008095830198710526,0.014833986295513954,0.017892905124823565
2022-03-25,0.0075968237621021235,0.013828772047792853,0.016699146880079
2022-03-28,0.006966370380950199,0.012578780568679119,0.015210945647144751
2022-03-29,0.006637870485618886,0.011954007394849194,0.014462052464545962
2022-03-30,0.007820100737508327,0.014306140381189518,0.017260877919641378
2022-03-31,0.007689859339098672,0.014065425686318713,0.01697095297008732
2022-04-01,0.008048412699280005,0.014771728466032655,0.017812731123895156
2022-04-04,0.00821927123761382,0.015108310818584488,0.018213870462849797
2022-04-05,0.00780539728028248,0.014289100319843704,0.01723828232154885
2022-04-06,0.008128168799813701,0.014933908922425106,0.018005046530216975
2022-04-07,0.0075628975268399925,0.013823375833039608,0.01668093201704587
2022-04-08,0.00741470644119754,0.013539354105248353,0.01634091794614943
2022-04-12,0.008059053151679796,0.01481873584281565,0.017863758876525863
2022-04-13,0.012276639408776149,0.0230207976378967,0.027659388434197133
2022-04-14,0.011786782508593495,0.022059045575302607,0.026512549424513338
2022-04-18,0.010611541280051566,0.01978550344726776,0.02379495555197174
2022-04-19,0.011357832647769333,0.021295869033097103,0.025587298978347526
2022-04-20,0.00943253270493172,0.017547601280432635,0.021111578190890812
2022-04-21,0.00884301843214904,0.016423446818333652,0.019764682358864267
2022-04-22,0.010166305054387946,0.019069199013495134,0.022910423593566726
2022-04-25,0.010387618793949047,0.019584312294294477,0.023509157793840912
2022-04-26,0.01493424900620746,0.028487437358579264,0.03413017619640253
2022-04-27,0.011917027875112453,0.022605272640889115,0.027107988244088783
2022-04-28,0.010049253920665129,0.018947108735910816,0.02274410685518117
2022-04-29,0.00995518576971531,0.018755020902033424,0.02251647642330999
2022-05-04,0.010843991775340676,0.020534064797397486,0.024631345720081792
2022-05-05,0.011099956642827362,0.021042860243044723,0.0252368546260634
2022-05-06,0.011719679045466525,0.02228457295270497,0.026712722509417856
2022-05-09,0.01244522369397325,0.023725172070305785,0.028427460551915536
2022-05-10,0.024403606661004686,0.04710028430635748,0.0563209139497883
2022-05-11,0.019887644885689962,0.03823824335924032,0.04575256739004195
2022-05-12,0.01607032334459442,0.03075397149803942,0.03682596330929348
2022-05-13,0.01836387856698711,0.03524106128300702,0.042179647264795415
2022-05-16,0.015790713291458022,0.030258667451397738,0.03622501173356461
2022-05-17,0.013736042557689185,0.026129663677177003,0.031319673619159966
2022-05-18,0.020908782558619703,0.04018377514245255,0.04808392461405204
2022-05-19,0.01910829621774178,0.03668034485975502,0.043900200719106636
2022-05-20,0.015893473961692915,0.030422948434749082,0.036428119686032
2022-05-23,0.013215515277355191,0.025142664113689515,0.030135998648715877
2022-05-24,0.011010157414309137,0.020838644159093547,0.024998708908679987
2022-05-25,0.009170594020303497,0.01721044540552333,0.020675451715701197
2022-05-26,0.012744652709080095,0.024201950900358225,0.02901737528401516
2022-05-27,0.011674523178304504,0.022033829182052184,0.02644491709975766
2022-05-31,0.013678636780200808,0.02596776615688123,0.03113608596834512
2022-06-01,0.011602172848059025,0.02185841050433509,0.026242161659526708
2022-06-02,0.009978938681014557,0.018681525113293993,0.022451955406254352
2022-06-03,0.008940811389298003,0.01666165173265908,0.020039837247516536
2022-06-06,0.009208366120888399,0.017195716269100905,0.02067499434472663
2022-06-07,0.008106794992835694,0.014996370940681939,0.01805943269473005
2022-06-08,0.007520609005907362,0.013843255769028909,0.016684833708708227
2022-06-09,0.006800666374296621,0.012460314406061608,0.015029870080228542
2022-06-10,0.00906502052589498,0.017004957910594472,0.02043007445752438
2022-06-13,0.01555648043828853,0.02977107944552734,0.03564892146573753
2022-06-14,0.028448312328342325,0.05498341959404331,0.06573229600416211
2022-06-15,0.022251567811087683,0.04287268004949375,0.05128018589983101
2022-06-16,0.0177042058433859,0.033952314022028626,0.04064165004848482
2022-06-17,0.014854420321067575,0.028405169051710113,0.034017745514322954
2022-06-21,0.012742086368270105,0.024299561160535766,0.029114015881041
2022-06-22,0.011221455885958726,0.021338850078240396,0.025578751590415585
2022-06-23,0.009357772747293165,0.017707538307542667,0.021243268004745876
2022-06-24,0.010778942682837165,0.020470576854802757,0.024543279705936085
2022-06-27,0.011698895113616364,0.02222832332155361,0.02664861990223772
2022-06-28,0.010114596891409556,0.01903528231522073,0.022856969544646204
2022-06-29,0.008933090557365384,0.016733689611794784,0.02010895789672067
2022-06-30,0.007662543237298104,0.014236204651496312,0.01713141085193064
2022-07-01,0.01023478187698822,0.019401437359259848,0.023268535140335164
2022-07-05,0.00909534676046026,0.017178059710583674,0.020614634685822582
2022-07-06,0.008449294593989387,0.015925006601717636,0.019117477996690155
2022-07-07,0.00999127424999453,0.018952430457335013,0.02272752160697059
2022-07-08,0.011743763568650104,0.02235010863106496,0.02678735825530063
2022-07-11,0.009758205969630932,0.018476505057757858,0.02216353396623717
2022-07-12,0.011104973162661656,0.02119050261962438,0.025386392438515853
2022-07-13,0.009533699202331884,0.01814706797009062,0.021749269509301748
2022-07-14,0.00842843909479918,0.016002022039328153,0.01918661341735346
2022-07-15,0.00759658592762579,0.01437757624956079,0.017247861218751978
2022-07-18,0.008099816289819465,0.015312235479620996,0.018372660408842435
2022-07-19,0.007681158881432496,0.014462089753486644,0.017364329666704557
2022-07-20,0.00981309026215229,0.018553634320453507,0.022261400644578423
2022-07-21,0.009588285607376908,0.018027143655721865,0.021649970057129726
2022-07-22,0.008842667768493488,0.01649553142314913,0.01983663446934224
2022-07-25,0.008575260511909034,0.01595458326931412,0.01919464947651937
2022-07-26,0.007633031480555333,0.014066281388020655,0.0169503369014753
2022-07-27,0.008210488414964395,0.015243441882227808,0.01834568303525536
2022-07-28,0.010705438296536043,0.020063476128207462,0.024108406169662894
2022-07-29,0.01137557882292104,0.021343240103768077,0.02564137524267837
2022-08-01,0.009786500053743432,0.018296379817949217,0.021994099329433463
2022-08-02,0.009220350853819989,0.01708923404506675,0.02057304041789349
2022-08-03,0.008028570210244229,0.014621963269198011,0.017655468664662197
2022-08-04,0.009596036627448649,0.017763627293503323,0.021389382331093252
2022-08-05,0.00841124949706756,0.015432633155668025,0.018610729636582238
2022-08-08,0.007606794953990819,0.013910740717030908,0.016784883052571243
2022-08-09,0.006770623422670009,0.012143449124147726,0.014701653405293433
2022-08-10,0.006253525017383451,0.011166715448553598,0.013529539884802242
2022-08-11,0.007213814469088984,0.013010803827949053,0.015736462885639894
2022-08-12,0.006733861623904708,0.012121670411383447,0.014665984658316185
2022-08-15,0.008595072848551617,0.01574072994680802,0.018988282023667286
2022-08-16,0.008123034829756664,0.014794704030882974,0.017863901825549925
2022-08-17,0.007233149162725241,0.013115090157428668,0.015848054612709533
2022-08-18,0.006913608238374853,0.012482748454540369,0.01509497794796567
2022-08-19,0.006301907927697518,0.011332605936519163,0.01371371131391206
2022-08-22,0.007513889393094081,0.013770137699767761,0.016609176708953764
2022-08-23,0.010382161924496924,0.019425728485356356,0.023348512167855436
2022-08-24,0.009015507487634456,0.01682285213069398,0.02022926073028384
2022-08-25,0.008183586515198953,0.015180160376461478,0.018272236947757828
2022-08-26,0.009022321145512577,0.01675998223874912,0.02016896530270746
2022-08-29,0.01318742567329288,0.024998158074083135,0.029980879266602912
2022-08-30,0.01208223858914078,0.022889042643968432,0.02745418126636945
2022-08-31,0.010503510277753186,0.019791589295540715,0.023760223095145812
2022-09-06,0.009471216490733587,0.017767975107261618,0.021346568253222998
2022-09-07,0.008846234395813182,0.01655392091266336,0.019896371569070318
2022-09-08,0.008730480738923373,0.016636898987358067,0.019935613420063336
2022-09-09,0.008450811607422727,0.01595276891153261,0.019145813493051986
2022-09-12,0.008882927450423945,0.01683941674647782,0.02019573146288836
2022-09-13,0.008634083179251096,0.016385550963498034,0.019647842657195266
2022-09-14,0.010586617196324817,0.020236114611416563,0.024236149430043173
2022-09-15,0.010076237385413404,0.01937065572875745,0.023177849248174863
2022-09-16,0.009755743153330436,0.018883085803560736,0.022569184164465576
2022-09-19,0.009655705641528721,0.01871820605132187,0.022366506358046143
2022-09-20,0.009562522816179494,0.01858208845497576,0.02219518067407556
2022-09-21,0.009283262118313951,0.018064479165928175,0.021572055855919783
2022-09-22,0.009514921747801122,0.018510658050504353,0.022105764738684665
2022-09-23,0.0092541746471346,0.01803095588249046,0.021527542197053776
2022-09-26,0.009568886731366423,0.018653195800803997,0.02226869255403009
2022-09-27,0.010235551622938058,0.019986894946905157,0.023854283567872364
2022-09-28,0.00998650848035804,0.019490438869979372,0.02326372932689791
2022-09-29,0.009663989339579846,0.018959257701707484,0.02261068791102642
2022-09-30,0.01037996254044175,0.020382295536324993,0.024304248206175074
2022-10-03,0.010108595428278331,0.019853571000638656,0.02367299064439041
2022-10-04,0.010001078141361787,0.01958600115273449,0.02336479659299471
2022-10-05,0.010179811467252307,0.019834453229084573,0.023680781056088618
2022-10-06,0.010192473864954503,0.019920495537535908,0.023771607709789883
2022-10-07,0.010814181253589525,0.02126682284791559,0.02535284019860568
2022-10-10,0.014559335376645815,0.02845443167506798,0.03395551359412168
2022-10-11,0.013711851242917343,0.026682309550132288,0.0318631790745861
2022-10-12,0.015010810073133643,0.02913720841336911,0.03480887499343305
2022-10-13,0.014839023276187841,0.02880345011155423,0.0344102089730882
2022-10-14,0.015858185009482204,0.03065955376093555,0.03665139147659155
2022-10-17,0.014826293137625663,0.02872072872731837,0.03432267764847664
2022-10-18,0.01423915099808321,0.02752536169166843,0.032905465526894245
2022-10-19,0.014287186416716592,0.027663167922444182,0.03306142140297194
2022-10-20,0.013489709505465219,0.026201667818533822,0.0312986035737769
2022-10-21,0.012859873124129766,0.025070387408347262,0.02992934653624481
2022-10-24,0.012350385812341087,0.02413633545766126,0.028802790507153984
2022-10-25,0.01190205469098861,0.02324878108733625,0.027745839240499674
2022-10-26,0.012056224725939157,0.02358267204324654,0.02813798161859279
2022-10-27,0.011650262876448037,0.022834834179673837,0.027236755613852363
2022-10-28,0.01163294808975565,0.022848148534800335,0.027243527770620096
2022-10-31,0.011893843536014588,0.023369761315465816,0.02786371697562433
2022-11-01,0.01158749648205702,0.0228371176803216,0.02721532353488222
2022-11-02,0.009761368063872225,0.01897219467983065,0.022660418350227803
2022-11-03,0.011476279630452271,0.022746680827883222,0.027082864639841654
2022-11-04,0.010673692148973806,0.020894764098689615,0.02492769921360229
2022-11-07,0.009815968651169644,0.019243363226847117,0.022952217118046337
2022-11-08,0.009500693892422795,0.01860527302224882,0.022195003874517404
2022-11-09,0.010423365762421262,0.02073749633440961,0.024675848425901092
2022-11-10,0.010358960524224725,0.020716425691484422,0.024630442984568582
2022-11-11,0.010232104267174883,0.020517419835168662,0.024383505911344725
2022-11-14,0.010269691098312706,0.020597588006548737,0.024477875846185684
2022-11-15,0.010368437200806244,0.020848248618555366,0.024765846567819678
2022-11-16,0.010517054180304727,0.021263790164542946,0.0252375413761392
2022-11-17,0.01072799335625346,0.02164222582808594,0.02569567804641173
2022-11-18,0.010864264184939586,0.021903724666384478,0.02600866529214006
2022-11-21,0.010599972661245592,0.021411217580677874,0.025416298612245914
2022-11-22,0.010419067337502492,0.02112356355433574,0.025060291534081094
2022-11-23,0.010166129013833758,0.020571606591867242,0.02441276465698574
2022-11-25,0.008878125058877974,0.017701816649944933,0.021056316836459824
2022-11-28,0.01048840550061257,0.020816285538665148,0.024779212167285444
2022-11-29,0.01020492901692282,0.020277901179908454,0.024133719391931378
2022-11-30,0.010925382847969982,0.021669188455561476,0.02579722208408232
2022-12-01,0.014215736547465616,0.02807795576245802,0.033449212709580435
2022-12-02,0.011847586639255881,0.023483486027954244,0.027959964037395337
2022-12-05,0.012876069647650739,0.02543593307960512,0.03030101188263809
2022-12-06,0.010976594542916291,0.02169919379848908,0.025846577192766753
2022-12-07,0.018089247666201604,0.03575294808867267,0.04258776785836131
2022-12-08,0.014591759784819162,0.02898741378588392,0.03450074690466096
2022-12-09,0.012720065879355383,0.025382258820182316,0.030188393345411894
2022-12-12,0.011255538813421917,0.022476477915576082,0.02672925728042557
2022-12-13,0.010543531615847288,0.02112398004073276,0.025107735455004346
2022-12-14,0.011397393824668846,0.02267459354746052,0.026980971240620336
2022-12-15,0.010444474429054076,0.020797603267947017,0.024743931032870366
2022-12-16,0.01085580899896076,0.02166559775410568,0.025767343682472466
2022-12-19,0.01045082951444741,0.020859212291509697,0.024807941254320648
2022-12-20,0.010457753732222344,0.0208767655544154,0.02482811075541442
2022-12-21,0.011223937991570369,0.022779977944964443,0.027020817292964423
2022-12-22,0.010973476099827722,0.022307219232724912,0.026453424358184242
2022-12-23,0.009607098152872605,0.01940148728700869,0.023031421798175723
2022-12-27,0.009267292319376412,0.01876567287157867,0.022267215551781128
2022-12-28,0.009871218720604829,0.020015981544796085,0.023745711056353903
2022-12-29,0.009463903117101926,0.019193615606622062,0.022769445476210477
2022-12-30,0.009570112396360138,0.01943419861007824,0.023050158467104148
2023-01-03,0.009301821954046927,0.018892198516395075,0.02240678783259042
2023-01-04,0.011254861158116256,0.022616624845088976,0.02686914816546577
2023-01-05,0.01040545476437456,0.020904490190558712,0.024836074811904207
2023-01-06,0.009849089420866753,0.019861569924010867,0.02358293812734127
2023-01-09,0.010089492625265522,0.020313013189250523,0.024125215052688925
2023-01-10,0.009597628874145786,0.019310818624393607,0.022937175274577084
2023-01-11,0.009313199755363679,0.018811822173081416,0.022330710464160092
2023-01-12,0.009654924246943612,0.0194461769662172,0.02309418203174312
2023-01-13,0.009349755966898124,0.018819717111595434,0.022352417758052905
2023-01-17,0.009230800494312933,0.01854320319795834,0.022030957850489422
2023-01-18,0.010383609410154619,0.02074933053115796,0.024672661129912052
2023-01-19,0.009752423449470268,0.01960513941048092,0.023289983458437448
2023-01-27,0.009287175440661514,0.018598204989050158,0.022107260284091563
2023-01-30,0.013593578500887115,0.027007803638178562,0.03214398513080484
2023-01-31,0.012687380486070803,0.025255360199492156,0.030049144914695142
2023-02-01,0.012119033084187356,0.024052064361301327,0.028631105371839244
2023-02-02,0.01172416928418197,0.023319809999986823,0.027749656143142072
2023-02-03,0.01113168501119822,0.022145984318290193,0.026351966910183152
2023-02-06,0.010450571512715919,0.020807786893495387,0.02475641837323974
2023-02-07,0.009654015028434252,0.019125956106034556,0.022773617633522994
2023-02-08,0.009242189017874831,0.018184594179673667,0.021676651858368402
2023-02-09,0.008940666218851472,0.017568247857289596,0.02094637852111863
2023-02-10,0.009565781731474933,0.018842108925043833,0.022456432488813134
2023-02-13,0.009237575907980656,0.018179372454985923,0.021669687121738633
2023-02-14,0.008882925815977782,0.01742137275662269,0.02077768685547604
2023-02-15,0.008715084727374735,0.017146063127548808,0.0204389603496078
2023-02-16,0.008987817250856263,0.017638026725711926,0.02103397287925365
2023-02-17,0.008678541393777923,0.017013259552234018,0.020292349284698818
2023-02-21,0.008429684809094545,0.016563223366347617,0.019748285423576973
2023-02-22,0.008279957801140903,0.01630527516159555,0.019433764544665
2023-02-23,0.010550888210802419,0.020899366902360803,0.024885901923698682
2023-02-24,0.009721397454438866,0.019324038741266987,0.022997159964254343
2023-02-27,0.010345455393391448,0.020560454966390564,0.024469369496943366
2023-02-28,0.010073766282503427,0.020021623815084252,0.023827883655924552
2023-03-01,0.009315365131517667,0.018488491744642472,0.02200819819886531
2023-03-02,0.008981592211399738,0.01793455583778255,0.021328149929838378
2023-03-03,0.008673669758772791,0.01731523718715802,0.02059248622686112
2023-03-06,0.008449508872844774,0.01681679334833209,0.020009345706171834
2023-03-07,0.008301477195121471,0.016475918128894054,0.019612538374126718
2023-03-08,0.008310544352989266,0.016478072031486806,0.01961811820083711
2023-03-09,0.008599081101557271,0.01697411549548398,0.02022318204587971
2023-03-10,0.008542944297125517,0.016896217345415885,0.0201240732325592
2023-03-13,0.00924980965549112,0.018413167920053243,0.021908104971378534
2023-03-14,0.008679385720636344,0.01729191554506457,0.020571324296982836
2023-03-15,0.008290888671789646,0.016514942833348846,0.01964756232355092
2023-03-16,0.008684216176502193,0.017260066132307815,0.020541300017910893
2023-03-17,0.008257784056317408,0.01640828716144334,0.01952839844320729
2023-03-20,0.008503314422761026,0.016890792596014902,0.020103674778680566
2023-03-21,0.008521516187146867,0.016903480233972906,0.02012323974959145
2023-03-22,0.009672055345515478,0.019037732736015778,0.022692210595400022
2023-03-23,0.009057267312887425,0.01791166457857862,0.02133385166075021
2023-03-24,0.008514602110303308,0.016825278129064914,0.020042425238132808
2023-03-27,0.008198213891435017,0.01614024875311305,0.01923785211480565
2023-03-28,0.008032960974423645,0.01575111281136882,0.01878627720793528
2023-03-29,0.0076837248083178235,0.015098703500118842,0.01800191292009165
2023-03-30,0.008299086486327512,0.01630308030320561,0.019438797245878096
2023-03-31,0.008121804280786077,0.015960197103458626,0.01902892994896976
2023-04-03,0.008972637711837544,0.017616234813399773,0.021006445548017817
2023-04-04,0.009202312964727283,0.018065736770477257,0.02154272772879648
2023-04-05,0.008574266614273877,0.016882180563198602,0.020121871237306445
2023-04-06,0.00803363865986468,0.015787964236916183,0.018823384689341652
2023-04-10,0.007766347211565695,0.0153083016772296,0.018242729047531703
2023-04-11,0.007547501784503338,0.014908884556531821,0.017760623631610545
2023-04-12,0.0060192200180332256,0.012109077360977907,0.014383372275642965
2023-04-13,0.005543514076740553,0.011198982808406942,0.013293537557416553
2023-04-14,0.005201381168845146,0.01044158977741673,0.012406873436445425
2023-04-17,0.005371494214613957,0.010845037073827207,0.012874596043236833
2023-04-18,0.005132443425420522,0.010354599621950287,0.012293835926200558
2023-04-19,0.0049690169614216104,0.010003629243979167,0.011881116687931778
2023-04-20,0.004817625751385909,0.0097075578021207,0.011527843771783012
2023-04-21,0.0046826505143818566,0.009457103216111064,0.011226390303159956
2023-04-24,0.004562761548645162,0.00924346765822872,0.010967456041411904
2023-04-25,0.0043677709073856345,0.008841482192095376,0.010491795543879938
2023-04-26,0.005110298578340302,0.010461787126418485,0.012392656248052124
2023-04-27,0.004931012410384572,0.010122785565786328,0.011985913415489399
2023-04-28,0.005545931403717348,0.011185637566101685,0.013281105675053936
2023-05-04,0.0059249141135300845,0.011826531171744342,0.014065193655896509
2023-05-05,0.007733126063565342,0.015518752500974429,0.018440627632326935
2023-05-08,0.007909605498310414,0.0157968314297643,0.01878538734031764
2023-05-09,0.007792611386947458,0.0155185976309288,0.01846294862594136
2023-05-10,0.007500448414001211,0.014938452453122811,0.017772412938794564
2023-05-11,0.0073492264450942405,0.014591106605240056,0.01736792956248779
2023-05-12,0.007121688082454565,0.014142787400741295,0.01683363753435204
2023-05-15,0.0069977243414992615,0.01387429609930869,0.01651830792084364
2023-05-16,0.006793448990516215,0.013473820450834473,0.016040649117319384
2023-05-17,0.006640386388914057,0.01317566226728096,0.015684657942878967
2023-05-18,0.006509785221612442,0.012904302000304612,0.015363951486570193
2023-05-19,0.00673745928161699,0.013276846876273833,0.015822520457906955
2023-05-22,0.006544374053437333,0.012885803925103292,0.01535852241434399
2023-05-23,0.006176286120900737,0.012097907303338613,0.01443154788703515
2023-05-24,0.006413517671271593,0.012643019360314084,0.0150662952301424
2023-05-25,0.006370516310783641,0.012584884486523935,0.014991912773577669
2023-05-26,0.006304604866376794,0.012381867425023868,0.014763991810511677
2023-05-30,0.006330051893781014,0.012375566431788065,0.01476730569176881
2023-05-31,0.007846953316475828,0.01517167305834443,0.018136556543216005
2023-06-01,0.0077382976049291145,0.015051211976351234,0.0179750411167264
2023-06-02,0.007947654496429422,0.015379769009472917,0.018382701308108252
2023-06-05,0.00967751943616025,0.018719904199306154,0.02237644660418457
2023-06-06,0.008399032319208079,0.01620985543971777,0.019383335796716573
2023-06-07,0.008158264231255466,0.01572487750568507,0.01880738633540895
2023-06-08,0.007448816208969335,0.014350453222461913,0.017164905057347492
2023-06-09,0.006992313939724331,0.013482706507757368,0.01612467406953671
2023-06-12,0.006911598539508992,0.013321819472854532,0.0159332896240566
2023-06-13,0.007820474305519635,0.015119348727690444,0.01807422741463428
2023-06-14,0.007851397086609188,0.015138218933183381,0.018104781446863668
2023-06-15,0.007198428654393876,0.013843606104393724,0.016563451804205268
2023-06-16,0.0062456163850648895,0.011945520351809314,0.01430535659985248
2023-06-20,0.00609037978187542,0.011630022068911332,0.01393120390389999
2023-06-21,0.006065100578164718,0.011600916712971206,0.013892547083771184
2023-06-22,0.005896451704595181,0.0112579906184668,0.013485898899963832
2023-06-23,0.005929589140606617,0.011279148350484623,0.013519577241293173
2023-06-26,0.005847118436976343,0.01111683308667476,0.013326101345156653
2023-06-27,0.005392502267137205,0.01019828247458417,0.012235779101510469
2023-06-28,0.005446930598028827,0.010135259730537386,0.012193321493110773
2023-06-29,0.0051983533985109544,0.009623920688451505,0.01158806033834726
2023-06-30,0.005061402428171107,0.009376809240383385,0.011289203498937864
2023-07-03,0.004931646830951396,0.00906129480932702,0.010924662367740616
2023-07-05,0.004738924570144525,0.00862721520187356,0.010417764811054086
2023-07-06,0.004743237791495543,0.00856583241754463,0.010358011729137605
2023-07-07,0.00508696062923727,0.0093350984349822,0.011257149573753487
2023-07-10,0.004939695286767953,0.009049833668522462,0.010916242245885301
2023-07-11,0.004888698479905597,0.008951863896523018,0.010799003901186448
2023-07-12,0.004802356892746839,0.00875304184697446,0.010567558649294238
2023-07-13,0.004802728793101184,0.008691784465211036,0.010506441785917265
2023-07-14,0.0051112403077731875,0.00924915789396844,0.01118038283752814
2023-07-17,0.004890836573149171,0.008753219451374425,0.010601167310639677
2023-07-18,0.004698143372826099,0.00834839371350096,0.01012353460371169
2023-07-19,0.00452642639808563,0.007949654461767552,0.009659914014987126
2023-07-20,0.004282544534802153,0.007407709927373789,0.009025821448160104
2023-07-21,0.0044033962987071575,0.007741540884960886,0.00940531489212484
2023-07-24,0.004438501475382775,0.007762121362027344,0.009439159467289156
2023-07-25,0.004345470439712521,0.007483969719676291,0.009125857089344953
2023-07-26,0.004166286816048896,0.007097299486019071,0.008671484328970226
2023-07-27,0.004014947107513693,0.006773351386258283,0.00829035421418468
2023-07-28,0.00415117218591717,0.007132881845434607,0.00870135579455855
2023-07-31,0.004629400209425321,0.008043541592948225,0.009792708648264734
2023-08-01,0.004781490947402286,0.008285837056882742,0.010092469895292805
2023-08-02,0.004869948299096638,0.008533325998908534,0.010373381457611672
2023-08-03,0.005105626308185861,0.009088426835988603,0.011017530592638016
2023-08-04,0.00508996314324826,0.009111714518831774,0.01103490012391696
2023-08-07,0.004928128525796211,0.008750820115996337,0.01061285832218511
2023-08-08,0.00540772073115871,0.009631406163222268,0.011674652916448888
2023-08-09,0.005240525306688917,0.00929723555214942,0.01127730938554794
2023-08-10,0.005590984419371756,0.010076984031604098,0.01218947491827276
2023-08-11,0.0057290355062486,0.010416821078735872,0.012581473023466435
2023-08-14,0.005554445932708712,0.010069242360183877,0.012167927588618024
2023-08-15,0.005457249279868204,0.009870736918416338,0.011932697479432552
2023-08-16,0.005505697211015609,0.010005859599743582,0.012086125669298191
2023-08-17,0.0054077414556560665,0.009834302893881656,0.011877557477627646
2023-08-18,0.005774928654293862,0.010621941110898099,0.01280393326796591
2023-08-21,0.01016398537406769,0.019313734644044275,0.023154082758869505
2023-08-22,0.009374559948295913,0.017771012373198006,0.021313084926412068
2023-08-23,0.008717330073204676,0.01649443610893781,0.019788181709787977
2023-08-24,0.008248000704288837,0.015602971300722693,0.01871938605242124
2023-08-25,0.0078011790737775285,0.01472572342847825,0.0176733116280671
2023-08-28,0.007511017178907112,0.01419619977125988,0.01703415354646213
2023-08-29,0.007934161396454998,0.014977634357377966,0.017975468439207307
2023-08-30,0.008071374922734355,0.015200801649175014,0.018250480326168758
2023-08-31,0.007929882024058636,0.014883274426239178,0.01787949159510474
2023-09-05,0.007571114294096916,0.01416483683916446,0.017025497636713915
2023-09-06,0.00728040386390562,0.013570945683577253,0.016321764798808504
2023-09-07,0.007076438993841987,0.013149908394242585,0.01582366166616419
2023-09-08,0.00686030572610454,0.012737856063360885,0.01532994579910462
2023-09-11,0.0066196362191226375,0.012270655282634591,0.014771810738819837
2023-09-12,0.006531868763139568,0.012137344421708673,0.014605337926973804
2023-09-13,0.006591716946212982,0.01219542983520621,0.014686036306604498
2023-09-14,0.00642292374062969,0.011858479613831721,0.014285309461691082
2023-09-15,0.006271685462065061,0.011571869204423999,0.013941555361437742
2023-09-18,0.00611971292455893,0.011285713296874037,0.013597978331519192
2023-09-19,0.005340038982312163,0.00984577331617878,0.011863447278120786
2023-09-20,0.005294248884763308,0.009726083334695592,0.011726456020777041
2023-09-21,0.00525774516401521,0.009631950744445025,0.011618530908203811
2023-09-22,0.005602755964734675,0.0104514167863229,0.012568355419655819
2023-09-25,0.0056638444583775064,0.010622420199910707,0.01276244043684346
2023-09-26,0.007383984555007408,0.01392858111308402,0.01671853703313791
2023-09-27,0.011075289855507544,0.021152402918242472,0.025337077231751392
2023-09-28,0.0076017318144329885,0.014360691185750361,0.017232920470677142
2023-09-29,0.007146541059629814,0.013478993747532888,0.016179234300406364
2023-10-02,0.0066892047654259655,0.012609908228854593,0.01513734938162582
2023-10-03,0.005914480301003448,0.011167559235092111,0.013402279419959851
2023-10-04,0.00834392551621573,0.01582725705404543,0.018979915922307574
2023-10-05,0.008269268414238992,0.015648217926119472,0.018772668443987273
2023-10-06,0.00808488187989831,0.015304307026643774,0.01835908915622748
2023-10-09,0.008451965818851614,0.015948513139638028,0.019141993827027484
2023-10-10,0.008152328399159262,0.015348466733982755,0.01842873277598493
2023-10-11,0.007823709445032441,0.014699534545745794,0.01765563559394577
2023-10-12,0.007698078094075144,0.014422731891517049,0.01733136453986643
2023-10-13,0.007346382440955693,0.013753410531540226,0.01652915891365527
2023-10-16,0.007021998184752282,0.013135206137552735,0.015788389559079765
2023-10-17,0.006730993630833294,0.01259935504423919,0.015142585652089447
2023-10-18,0.00676595927702233,0.012714143882798734,0.015270585868714165
2023-10-19,0.007395078408796083,0.013944254176922556,0.01673840178546433
2023-10-20,0.00817257379587485,0.015392145311210042,0.01848006084976786
2023-10-23,0.007847180410864619,0.014767809098717654,0.01773277838866232
2023-10-24,0.008063764876064826,0.015152374946914834,0.018199178252948717
2023-10-25,0.008189006074185441,0.015377106638118294,0.01847123092912015
2023-10-26,0.008499765522254732,0.016026523553034685,0.019238064823364542
2023-10-27,0.011428615772252316,0.02174139965509125,0.02605957421169887
2023-10-30,0.010708860618924272,0.020366033751026354,0.024412256878692386
2023-10-31,0.010317672350222781,0.01964888720872447,0.02354730422737322
2023-11-01,0.009829328128497983,0.01871138979108919,0.022425291411273127
2023-11-02,0.009784517385430446,0.018593384954450228,0.022290355336903107
2023-11-03,0.012199286009695326,0.02319591393526839,0.027805277615491574
2023-11-06,0.011543485384384105,0.021903106205325703,0.02626468295921772
2023-11-07,0.011099202433899457,0.02105397057063905,0.02524767998425568
2023-11-08,0.010730966614564337,0.020337849684486285,0.02439242531518713
2023-11-09,0.01104822634416036,0.020947589644504196,0.025122038313154564
2023-11-10,0.01063115767430011,0.020170830298913155,0.024187694238630618
2023-11-13,0.010126112537376063,0.019166337982173477,0.02299237626954039
2023-11-14,0.009660098747854827,0.018260433972943756,0.021910394165724215
2023-11-15,0.01016034593078179,0.019170959312392963,0.0230099323043065
2023-11-16,0.00981988751579452,0.01847750286874588,0.02218783745908235
2023-11-17,0.009367925730306745,0.017587949616715493,0.021127515504914762
2023-11-20,0.009424222756671574,0.0177159054194246,0.021276742508940436
2023-11-21,0.009050453053110792,0.01698853886982913,0.02040815126021162
2023-11-22,0.008689752266088382,0.01627310028640532,0.01955642592149675
2023-11-24,0.008356185809512282,0.01562605094208717,0.018783342224950064
2023-11-27,0.008194224571697502,0.01534222758263184,0.018438323624511435
2023-11-28,0.007993386450192728,0.014948282696804035,0.017968494302321322
2023-11-29,0.007744892699641123,0.014435411538319707,0.017361732561417275
2023-11-30,0.007490955435182094,0.013946837055459413,0.016777210725332992
2023-12-01,0.00723631010043596,0.01347186802429621,0.016206026804512785
2023-12-04,0.007098589297665925,0.013183355338067517,0.015865477854375296
2023-12-05,0.006941693457428372,0.0128454675043176,0.015468308683422994
2023-12-06,0.006695169334291265,0.012375397929304524,0.014905092727664033
2023-12-07,0.00637953356312455,0.011739239707636738,0.01414967506256334
2023-12-08,0.006089940222900948,0.011170415743599057,0.013471431496148902
2023-12-11,0.005812298113200229,0.010608227549105531,0.012804339337969473
2023-12-12,0.005589656471570468,0.010169286973749426,0.012281276110204213
2023-12-13,0.005616648841092223,0.010236200915044217,0.012358388816215057
2023-12-14,0.005399920521429854,0.009788522697199195,0.011828822228482357
2023-12-15,0.0053632058304221505,0.00974253088046124,0.011768958176670397
2023-12-18,0.005459908389236475,0.009950178674551807,0.01201314395028117
2023-12-19,0.0053222338591144905,0.009644334385887732,0.011655280881310466
2023-12-20,0.005573135173454518,0.010081849384105642,0.012187596132979279
2023-12-21,0.005801338445157266,0.010580203306018795,0.01277217410697702
2023-12-22,0.005808413516730186,0.01055155320440543,0.012746197241970887
2023-12-26,0.005576278086504332,0.010074981626940224,0.012181915890333187
2023-12-27,0.006068140429427806,0.011047246970180884,0.013340025914757575
2023-12-28,0.005820579969912173,0.010527544919823077,0.012726785915552282
2023-12-29,0.005671635933583266,0.010187133793587828,0.01233009795222225
2024-01-02,0.0056462168563451345,0.01013254810634764,0.012265907951146553
2024-01-03,0.005513680137931068,0.009850269729665045,0.01193355205880704
2024-01-04,0.005337041830488105,0.009471850286266828,0.011488391807937252
2024-01-05,0.005151974170166587,0.009107902224416905,0.011054518001974769
2024-01-08,0.004990226503814784,0.008755779472507559,0.010641280704669052
2024-01-09,0.005689031063060583,0.010082227564117077,0.012231764277732322
2024-01-10,0.005599287755288839,0.009876965090651675,0.011992593299862858
2024-01-11,0.005479007405603965,0.009621380792274968,0.011691562417576129
2024-01-12,0.0052452843874946945,0.009172153995854864,0.011154025994670604
2024-01-16,0.005102519652057194,0.00890140996621672,0.010829339907618663
2024-01-17,0.005036513691575114,0.008794863427492663,0.010697853755487515
2024-01-18,0.00498470111583497,0.008719567094877832,0.010602980621033164
2024-01-19,0.005224516112117281,0.009148043056117876,0.01112206799452783
2024-01-22,0.00640405887839206,0.011440103650284427,0.013859805621089225
2024-01-23,0.005962977772836311,0.010564330366703836,0.012817374778503495
2024-01-24,0.005677745449074587,0.010009384674393225,0.012154657245076276
2024-01-25,0.005479334570017119,0.009635715054410488,0.011706020295123423
2024-01-26,0.005247627128225145,0.009173024867982368,0.01115578204516236
2024-01-29,0.005032522822651153,0.008745872334329458,0.010647354757168548
2024-01-30,0.004927748414961037,0.008530339259344048,0.010392233844908078
2024-01-31,0.004744012379676726,0.008173619731610763,0.009966091712678544
2024-02-01,0.007900962592032967,0.014596691800016055,0.017581982085166793
2024-02-02,0.00797205587637207,0.014796697211007247,0.017808849297945403
2024-02-05,0.007456605880344104,0.013741314324188318,0.016558709399218212
2024-02-06,0.006986360662415353,0.012867335622376611,0.01550705380495585
2024-02-07,0.0066440224633630175,0.012146457672598065,0.014656827198230435
2024-02-15,0.0067063085593780615,0.012289624761490854,0.01482352839137543
2024-02-16,0.006565045828759103,0.011963049958647588,0.014443579046828107
2024-02-20,0.006248221189794235,0.011333614103566413,0.013694434547922706
2024-02-21,0.006256561604560542,0.011300700224603978,0.013664672001330973
2024-02-22,0.005970056585297263,0.010719574704852597,0.012975293766712161
2024-02-23,0.006303721606849829,0.011310823741144335,0.013692614396905622
2024-02-26,0.006294011402270888,0.011289661345818797,0.01366778310945983
2024-02-27,0.006065609010930419,0.010817285301878605,0.013109107778308551
2024-02-28,0.006076352930023526,0.010796256113102955,0.013092138059112652
2024-02-29,0.005960406355632596,0.010561301984814747,0.012813374815404156
2024-03-01,0.005690801434280135,0.010003911060200467,0.012154116688766425
2024-03-04,0.005716453882198871,0.010010967488322082,0.01217086560722325
2024-03-05,0.005447999253183618,0.009463964599270196,0.01152243014123307
2024-03-06,0.005316160298249946,0.009191657929459337,0.011200309597886753
2024-03-07,0.005123097587077602,0.008813082867894893,0.01074878795172908
2024-03-08,0.005314740768837554,0.009122423528591491,0.011130538843718289
2024-03-11,0.006717896781446178,0.011903904579561982,0.01444218668945569
2024-03-12,0.006806467201641893,0.012097840210933457,0.014669587662787977
2024-03-13,0.006972009787509326,0.012412529325785794,0.015046825190901645
2024-03-14,0.007103376917991665,0.01264494861498487,0.01532888008004806
2024-03-15,0.0068182226368081475,0.012096438863145714,0.014672627974606995
2024-03-18,0.006577270812300077,0.01163555881213593,0.01412070697352125
2024-03-19,0.006484196770561869,0.011450340051567608,0.013900321227998341
2024-03-20,0.006134744270303696,0.010783745185334873,0.013101689645733777
2024-03-21,0.0068506467725379175,0.012117213620472925,0.01470565382871779
2024-03-22,0.0069242626386061224,0.012184739474619056,0.01480099461392409
2024-03-25,0.0065001769107892035,0.01133513311479074,0.01379115220835123
2024-03-26,0.006816174505436979,0.011982996049753055,0.014558411297699119
2024-03-27,0.006460214484250227,0.01130599964963534,0.013746919387601086
2024-03-28,0.006242800041015212,0.010863386579402752,0.013222158703368224
2024-04-01,0.005973172748618175,0.010285431761905516,0.01254232823119873
2024-04-02,0.0059753378774775115,0.010267611573967867,0.012525326112967729
2024-04-03,0.0058072878431454375,0.010005854315491525,0.012200073029891904
2024-04-04,0.005791853738181602,0.009952064947474644,0.012140452058058167
2024-04-05,0.00600072635106811,0.010403033324961135,0.012670340614550808
2024-04-08,0.005773087717246954,0.009987530321201027,0.012168826900810054
2024-04-09,0.00561842541929063,0.009720345684614851,0.011843204845973895
2024-04-10,0.00561445405577905,0.009691722353386709,0.011813080979491746
2024-04-11,0.006030696622590889,0.010573606945771134,0.012852238167018262
2024-04-12,0.005789783453852988,0.010114246000905519,0.012301850877726797
2024-04-15,0.005539197845578031,0.0096769375976242,0.011769861506997773
2024-04-16,0.010486142758673232,0.019539770026602857,0.023501841703506745
2024-04-17,0.009558334387248705,0.017704687323660442,0.021316196991767063
2024-04-19,0.009596814407375398,0.017785948269936968,0.021411997182967043
2024-04-22,0.009688073275715971,0.0179556433409886,0.021616173396021
2024-04-23,0.009616479590720338,0.017767649528367346,0.021401128710824918
2024-04-24,0.008927900739128218,0.01643201887663155,0.019805326246822724
2024-04-25,0.008958313367749849,0.016443382738802866,0.019828181180330286
2024-04-26,0.008488246576185047,0.015550372541085433,0.018757561506566805
2024-05-02,0.00811719603659234,0.014777303922974787,0.01784429559499435
2024-05-03,0.007689573122885414,0.013951011753938366,0.016856430894114226
2024-05-06,0.0076992928632594075,0.01394023332607754,0.01684932496136709
2024-05-07,0.008178576313494935,0.014816157214563964,0.017906340737222325
2024-05-08,0.007762382980795266,0.013976188463419607,0.016909117993494118
2024-05-09,0.007368562869143242,0.013183880759197563,0.01596800976785241
2024-05-10,0.006990581042366918,0.012424194212935866,0.015065507018843884
2024-05-13,0.006710453333557418,0.011843736962100029,0.014379206648518555
2024-05-14,0.006452863553197683,0.011341196169078496,0.013779338440020147
2024-05-15,0.006255668933985983,0.010968859727861036,0.013332494219002507
2024-05-16,0.006624204565456851,0.011677058306822547,0.014179939861539696
2024-05-17,0.006549658405159716,0.011369321802436647,0.013844036924831393
2024-05-20,0.006340863661278535,0.011005761912985487,0.013401586278306208
2024-05-21,0.006129741203020479,0.010621090004474483,0.012937144111896448
2024-05-22,0.005910947712484209,0.01015793654036492,0.012391321976198594
2024-05-23,0.0060973573367813835,0.01058879573617049,0.012892613962185207
2024-05-24,0.005919497653909756,0.010214274444879705,0.012450890380387181
2024-05-28,0.005987403687113116,0.010392986274673704,0.012655259744799752
2024-05-29,0.006102156352548726,0.010582636264915209,0.01288826774532541
2024-05-30,0.006451122966898035,0.011281720831370232,0.013719205441259794
2024-05-31,0.006538442834655133,0.011493975103756097,0.013964452548364151
2024-06-03,0.006308655093694997,0.011093678173497762,0.013477332892046239
2024-06-04,0.006379068533194218,0.011186222049191645,0.013596481697763844
2024-06-05,0.006164719454953489,0.010761363623585474,0.013090633872011885
2024-06-06,0.0061158369421192935,0.010577896268174635,0.012888696806236282
2024-06-07,0.005955562325024288,0.010218771079441993,0.012469013647282081
2024-06-10,0.005797586727268057,0.009933489621011975,0.01212404287735626
2024-06-11,0.005659292218406565,0.009681700824044313,0.01182000104805426
2024-06-12,0.005576295653426588,0.00955551246487066,0.01166245336572858
2024-06-13,0.006149053118866833,0.010595697069364026,0.012919047968043032
2024-06-14,0.005957472277795536,0.01023949989398174,0.012490464116099607
2024-06-17,0.006429836485508945,0.011289209290904828,0.013718651042047033
2024-06-18,0.006245201683153917,0.010933825882040034,0.013293505439607623
2024-06-20,0.00608817405210996,0.010666819187709859,0.012967167612393912
2024-06-21,0.005945210844030328,0.010363829297969421,0.012610160674573222
2024-06-24,0.005840419626018893,0.010152377707854472,0.012359114895591453
2024-06-25,0.006925110624636821,0.01238041701034405,0.014996992551679838
2024-06-26,0.006676824502225721,0.011946159817783051,0.014468923226668165
2024-06-27,0.006491361669208043,0.011633098389127194,0.01408578674231941
2024-06-28,0.006344940025435384,0.011329951609413524,0.013727316183306864
2024-07-01,0.006578222819627301,0.011873573075735713,0.014359080942434438
2024-07-02,0.0064913627801293,0.011663345367331004,0.014116034140272385
2024-07-03,0.006661905557193735,0.01191408882904472,0.014431215281527384
2024-07-05,0.006575015449154347,0.011722715179051633,0.014207011176715127
2024-07-08,0.0064906015574166375,0.011569469410316986,0.01402187056377625
2024-07-09,0.0063409690799388465,0.011255755990647561,0.0136516201872292
2024-07-10,0.006249099041044438,0.011043409855875727,0.0134045619865017
2024-07-11,0.006124699062651396,0.01083492023104431,0.013149069222161159
2024-07-12,0.006240461859929851,0.011096676780261971,0.013454565448674054
2024-07-15,0.006108370944489363,0.010805787189209564,0.013113766783628716
2024-07-16,0.005991501980274194,0.010597093887651919,0.012860915851979392
2024-07-17,0.0058968109274835,0.010414469881875325,0.012642513891720166
2024-07-18,0.006719434461385673,0.012136625360336478,0.014675488465385089
2024-07-19,0.006608237924791926,0.01187400535889167,0.014370854097137627
2024-07-22,0.0067986644352480575,0.01229964096009083,0.014868440223994642
2024-07-23,0.006604554483383293,0.011949029240518903,0.01444448623165493
2024-07-24,0.00695480216652788,0.012699876657161555,0.015327670815283086
2024-07-25,0.007152864298615696,0.013148543368526649,0.015851173086479108
2024-07-26,0.007033901104485165,0.012982062660144452,0.015639743466671043
2024-07-29,0.007048983772370986,0.012988965038805698,0.015652344662582623
2024-07-30,0.006843183257188615,0.012601170285054352,0.015186790487558674
2024-07-31,0.006745223286964513,0.012448866378604572,0.014997473502760879
2024-08-01,0.006997091935236258,0.012901379145231942,0.01554515201913852
2024-08-02,0.008253952588574795,0.01541037011521793,0.01852903371977842
2024-08-05,0.00799350611330699,0.014950241538718892,0.017970498357604593
2024-08-06,0.015122516733787419,0.028872698844994302,0.0345865725365275
2024-08-07,0.01379442017171764,0.026282897316947357,0.031494964587008956
2024-08-08,0.012123546768224462,0.023028019728738733,0.02760876618427139
2024-08-09,0.011195015425345359,0.02118310888796134,0.025413020168024353
2024-08-13,0.010392042863817985,0.019636927885780114,0.02356344497061084
2024-08-14,0.010046829237434633,0.018970027593090154,0.022766109572939737
2024-08-15,0.00910548622826975,0.01710386128800227,0.02054426734766864
2024-08-16,0.008338460504326602,0.015566053290175168,0.018716647264861268
2024-08-19,0.008852606533865002,0.016522845968498893,0.019867704265949603
2024-08-20,0.008635723603853252,0.016085708780862698,0.019348620290635665
2024-08-21,0.00797746901270592,0.014823489922168018,0.017837687302084262
2024-08-22,0.007667600799932633,0.014180798042995818,0.01707791518686565
2024-08-23,0.007455642460021281,0.013757948516280805,0.016574979573724648
2024-08-26,0.0073803211849764305,0.01356694154177511,0.016355513298464474
2024-08-27,0.00715956179148176,0.0131520311433469,0.015857191434018196
2024-08-28,0.006833278979290953,0.012517659820694672,0.015099537802647396
2024-08-29,0.006682155528592971,0.01222535016122112,0.014750127838752446
2024-08-30,0.006368099089299566,0.011600324094607276,0.014006439061577612
2024-09-04,0.006425351002011402,0.011677860812255147,0.014105607773660855
2024-09-05,0.008180761602698264,0.01507457511386528,0.01816558432359062
2024-09-06,0.00783539480215618,0.01443932771273,0.017399843942332703
2024-09-09,0.00804143562881356,0.014869393956023515,0.017907760405900003
2024-09-10,0.007509324523229606,0.013850082054924537,0.016687396279123818
2024-09-11,0.007112019320532719,0.013097526405143969,0.0157847233052786
2024-09-12,0.006845414774934614,0.012578360691523415,0.015164824048032162
2024-09-13,0.006589971062530877,0.012109085294151578,0.014599032102941105
2024-09-16,0.006350327362752053,0.01168006203019931,0.014079462149200847
2024-09-17,0.006497357635374492,0.012034447691607901,0.014489401553507227
2024-09-18,0.00676322222841627,0.012525643221262919,0.015081051043996523
2024-09-19,0.006537426940828325,0.012076025513339236,0.01454611911383506
2024-09-20,0.007106090553700827,0.013139709136861341,0.015824665918805308
2024-09-23,0.006809024118868948,0.012543363686433594,0.015116077240844473
2024-09-24,0.006544112753527628,0.01201185840580301,0.014484478165797385
2024-09-25,0.0064703761076706215,0.011823037405415076,0.014267796599057891
2024-09-26,0.00629063703891712,0.011465344003520167,0.013842190801734997
2024-09-27,0.006150326191331905,0.011153415346028777,0.013477247260890052
2024-09-30,0.00598636340514161,0.01081301822736187,0.01307489863858817
2024-10-01,0.00583095458096773,0.010489090030859745,0.012692250957260133
2024-10-02,0.005889027685683496,0.010610647741187492,0.012835750940230877
2024-10-03,0.005765264867033091,0.01036489072458478,0.012543231527796486
2024-10-04,0.005806279654653086,0.01045880052133579,0.01265263830299832
2024-10-07,0.005745024012532959,0.010311854794460899,0.012482547817342229
2024-10-08,0.005921574845077866,0.010675755333540149,0.01291315611248187
2024-10-09,0.0061279653655679335,0.011030686063931889,0.013346069191048183
2024-10-10,0.00627877103250974,0.011277458457273343,0.013649821817775505
2024-10-11,0.006066619895464142,0.010862958732812976,0.013155163160649828
2024-10-14,0.005939339011341146,0.010589107595108883,0.012833220365450617
2024-10-15,0.005779252010606798,0.010252960383586487,0.012436586072448673
2024-10-16,0.006003486756391023,0.010713667797461503,0.012982018075307048
2024-10-17,0.005880005912021369,0.010397038299655843,0.012618732722495741
2024-10-18,0.005759890802466246,0.010170491950316643,0.01234680222338012
2024-10-21,0.005826294397479604,0.010260586233178201,0.012461986361405952
2024-10-22,0.005909035887899665,0.01047268873341274,0.01270535180772493
2024-10-23,0.0057598870804208245,0.010205975843804126,0.012382284710534397
2024-10-24,0.005677348268913588,0.010067064040520476,0.012212186541125068
2024-10-25,0.005756812393767547,0.010252296774417004,0.01242744390520827
2024-10-28,0.005670621721010897,0.010092319252293997,0.01223490020205936
2024-10-29,0.0055125257834422025,0.009775842613134182,0.011858688782352484
2024-10-30,0.0054342336267236176,0.009605242617787477,0.011658506971861993
2024-10-31,0.005532828299857664,0.009815596788590676,0.01190611403640392
2024-11-01,0.005977114572446194,0.010711780811473861,0.012970166654782265
2024-11-04,0.005849800165205635,0.010469876052640494,0.012680157572119013
2024-11-05,0.00595785426626993,0.01070839063961921,0.012959499191806783
2024-11-06,0.006045707530232751,0.010844859475634738,0.013129162400327181
2024-11-07,0.007924439518317158,0.014428939798018951,0.017423100577004462
2024-11-08,0.007359959455281977,0.013307820069127329,0.016088698374147017
2024-11-11,0.007035577489974248,0.012604244429988145,0.015262558640009112
2024-11-12,0.006710102913512425,0.011983185451706811,0.014518522735833359
2024-11-13,0.006473050826272118,0.011535166219484425,0.013980936025614458
2024-11-14,0.006165283129636667,0.01093715135411014,0.01326663458070675
2024-11-15,0.006603134472522697,0.011846468842379582,0.014341389298305177
2024-11-18,0.007299682426176012,0.013275302401146681,0.016033405705359605
2024-11-19,0.006756644035763219,0.012232352235144467,0.014785274561409475
2024-11-20,0.006458127120844814,0.011678172635435745,0.014118303686501237
2024-11-21,0.006253405266232097,0.011241332720138391,0.013604111909754791
2024-11-22,0.006352257303206629,0.011462398932326437,0.01386252825772819
2024-11-25,0.0060807734007162625,0.010909273556466197,0.013206825727851736
2024-11-26,0.005956408671857291,0.010654644042850268,0.012905206393368607
2024-11-27,0.005951262868322073,0.010618336343986252,0.012866954410232384
2024-11-29,0.005860647299961472,0.010522790276623136,0.012737170264564343
2024-12-02,0.005871907809211442,0.010563138469144535,0.01278177311447441
2024-12-03,0.005704193758880039,0.010226238512701324,0.012381504281225926
2024-12-04,0.005574788858802879,0.009897473739059907,0.012003845314433817
2024-12-05,0.005493219508059538,0.009769900618132878,0.011845452127280214
2024-12-06,0.006082645640688638,0.01087791523953403,0.013176174815838389
2024-12-09,0.005887910710166453,0.010503366433923328,0.012728047596269169
2024-12-10,0.005774419353566224,0.010245388998256302,0.01242718872174444
2024-12-11,0.005721796397663732,0.010104742709974563,0.012266659438548889
2024-12-12,0.00562872651886008,0.009933191420631754,0.01205994273716972
2024-12-13,0.005662872224739011,0.010034975303014202,0.01217462819234822
2024-12-16,0.005617743052744004,0.009935423067316802,0.012058024404113481
2024-12-17,0.005522671454167944,0.009779642569697789,0.011866322167046028
2024-12-18,0.005560253376915342,0.009917132928601913,0.012018012434830652
2024-12-19,0.0067031580715575835,0.012178279065018874,0.014710992318341809
2024-12-20,0.006594642383044349,0.012003652558087545,0.014495364373050088
2024-12-23,0.00652744869875987,0.011860003383381317,0.014326326816791439
2024-12-24,0.006396125294630728,0.011605366039727383,0.014022070394703318
2024-12-26,0.006230643124442925,0.011269460820811707,0.013623639589914667
2024-12-27,0.006101418599056424,0.011022621427907414,0.013327974156417734
2024-12-30,0.0061431569419769586,0.011127147559436898,0.013448270653670073
2024-12-31,0.00632102596583935,0.011498824049102189,0.013887152963231418
2025-01-02,0.006226332323706377,0.011301548041480718,0.013654098022773316
2025-01-03,0.0060170276458148195,0.010879640993978866,0.013153107545338973
2025-01-06,0.005871371618522731,0.0106365235234762,0.012854955575155574
2025-01-07,0.005805583922529004,0.010476974739304824,0.01267054964637114
2025-01-08,0.0060613087305790205,0.011035766462690109,0.013325964126319475
2025-01-10,0.005910297517888563,0.010738219320213942,0.012971359087296849
2025-01-13,0.007477906711061102,0.013919011529204627,0.01674445488471483
2025-01-14,0.0069518922166433164,0.012900030245680524,0.01552672491180732
2025-01-15,0.006612445307347332,0.01226484365529623,0.014763282105950296
2025-01-16,0.007041887880746134,0.01303355128219526,0.015694249802741353
2025-01-17,0.006656731341703399,0.012262026977289675,0.014777198410360886
2025-01-21,0.006645071057634805,0.012225115857816587,0.01473588158305833
2025-01-22,0.006375375224689786,0.011696777704939714,0.014105641878230274
2025-01-23,0.00616488259184063,0.011291589000369437,0.013620920888242771
2025-01-24,0.0061648871357512566,0.01131868271412567,0.013648016318864777
2025-02-03,0.006025868526742363,0.011023703821783427,0.013300510801051874
2025-02-04,0.00718293918894713,0.013390668482383414,0.01610466166103925
2025-02-05,0.007591616352526603,0.014146921144163339,0.017015328415024466
2025-02-06,0.007057123018369936,0.013078966050154467,0.015745420996934895
2025-02-07,0.006665762918178355,0.01231873062686149,0.0148373145400193
2025-02-10,0.006404576426922492,0.011802625506479153,0.014222523027203596
2025-02-11,0.006222577707639791,0.011476072948693726,0.013827204290328498
2025-02-12,0.00614527235455127,0.01136668936443493,0.013688611743632896
2025-02-13,0.006039665452169904,0.011160620827258431,0.013442640820379811
2025-02-14,0.006244066839000394,0.011525265053198258,0.013884515822603999
2025-02-18,0.006103560853793973,0.01124344737999031,0.013549609535476372
2025-02-19,0.006017072429519198,0.011071291666169897,0.01334477513855147
2025-02-20,0.006082927432670717,0.011179167464980941,0.013477533513231818
2025-02-21,0.005939203891066061,0.010901264681647425,0.01314532639830553
2025-02-24,0.006336190250239715,0.011708157553480524,0.014102216122746628
2025-02-25,0.006075713740758739,0.011098972174548815,0.013394612610048833
2025-02-26,0.006056817630624191,0.011120499680174842,0.013409000431952185
2025-02-27,0.005908028607917925,0.010852430611203551,0.013084713096048459
2025-02-28,0.006130251452871195,0.011331834583342035,0.013648081482959202
2025-03-03,0.006223771305041056,0.011503422116353579,0.013855004445407272
2025-03-04,0.00646003483643648,0.012029935825799934,0.014470787685849938
2025-03-05,0.006352452556199215,0.011865425680590324,0.01426562878014999
2025-03-06,0.006127572807298655,0.01143076072384778,0.013745995527215673
2025-03-07,0.006165326155242041,0.01155614496022929,0.013885644443569335
2025-03-10,0.006173366582265662,0.011555708846434618,0.013888246315134356
2025-03-11,0.007118242630280036,0.013498220961876467,0.016187769269945734
2025-03-12,0.006672991838675255,0.01261373669917669,0.015135051979035728
2025-03-13,0.006349714311836412,0.011997762614132225,0.014396931098706763
2025-03-14,0.006874859438142236,0.013094722223367997,0.0156923109163151
2025-03-17,0.007296685036595481,0.013900119713791258,0.016657090487898974
2025-03-18,0.007076603685575734,0.013455559576196036,0.01612937507504595
2025-03-19,0.007012937576058014,0.013382650961370047,0.01603241093331135
2025-03-20,0.006640814990589832,0.012643997946199895,0.015153155564144037
2025-03-21,0.006352877552148089,0.012078449050690167,0.014478812730212415
2025-03-24,0.006121549132223213,0.011626083478295808,0.013939042303455456
2025-03-25,0.006962572507659649,0.013233715372797198,0.015864445467347082
2025-03-26,0.00658939508650418,0.01245367635307596,0.014943405535770319
2025-03-27,0.006777335122697358,0.012837222686418607,0.01539796290830003
2025-03-28,0.006540347423031728,0.012417122460529097,0.014888319532538448
2025-03-31,0.007237219124498681,0.013863674447110046,0.016598176691894614
2025-04-01,0.006809570543067964,0.013021320511401327,0.01559424052608004
2025-04-02,0.006695799744539045,0.012768041565341679,0.015297974557157545
2025-04-03,0.006513708217103229,0.012384655683497833,0.014845787429702115
2025-04-04,0.02075519115404272,0.04047473413049549,0.048316850808922576
2025-04-08,0.02524032072595985,0.04932929126744572,0.058866063955532684
2025-04-09,0.028019062513882483,0.054836249325509484,0.06542293849754392
2025-04-10,0.028180681299520713,0.0551443788667041,0.06579213388799977
2025-04-11,0.02548992473001361,0.04983017510742631,0.05946125787479244
2025-04-14,0.025165471862531725,0.04919656708152493,0.0587050589642994
2025-04-15,0.02265695763119779,0.04429955607682637,0.052860233933432074
2025-04-16,0.020108253463508828,0.03931394062793919,0.046911619140743765
2025-04-17,0.019869196373967567,0.03882190309940187,0.046329256566531175
2025-04-22,0.01810987508163049,0.03535354436547491,0.042196157973214334
2025-04-23,0.016612218458766207,0.03240903480017214,0.03868577561524238
2025-04-24,0.016294388388655913,0.0317557719035209,0.037912424183861745
2025-04-25,0.016292763755405795,0.03172217305998647,0.037878211490837206
2025-04-28,0.014841551084234312,0.028865777526463843,0.034473491491976094
2025-04-29,0.01288503670496339,0.025035502232289352,0.02990396913756557
2025-05-05,0.01095759697170546,0.02126595153508221,0.025406156909705123
2025-05-06,0.01118770023960755,0.021680478265280807,0.025907625584286827
2025-05-07,0.009671019918736755,0.018715405217624735,0.022369491852589483
2025-05-08,0.009360902795283515,0.018000076119445933,0.021536988470249742
2025-05-09,0.0095705899992873,0.01838742414794975,0.02200356446189619
2025-05-12,0.008638608285867731,0.016517624350021076,0.019781625804606878
2025-05-13,0.012594819560851393,0.0241062111061414,0.028865022711723455
2025-05-14,0.011817308637799426,0.022595973931072256,0.027061011736544672
2025-05-15,0.010988122204152248,0.020972773772736725,0.02512451276479092
2025-05-16,0.01008381750497872,0.019236616089011224,0.023046673671767125
2025-05-19,0.009180435795782933,0.017444964558209965,0.020913689473100253
2025-05-20,0.008434099288303725,0.016013851711735017,0.019200581730525215
2025-05-21,0.008025061982042732,0.015198383528434377,0.018230563379137903
2025-05-22,0.00780880040107423,0.014806688218377028,0.01775715605118446
2025-05-23,0.007606651698333827,0.014480810203921859,0.017354898411915565
2025-05-27,0.007180268075018767,0.013691667439410677,0.01640465136756469
2025-05-28,0.009773587712661737,0.018694728918371255,0.022387569646297078
2025-05-29,0.009055107786214784,0.017308508101366034,0.02072987923055452
2025-05-30,0.008453580894007953,0.016117706242972873,0.019311797168433686
2025-06-02,0.007982983982530332,0.015190025243111784,0.01820630639265077
2025-06-03,0.007614489168781837,0.014479130899391691,0.017356180407874552
2025-06-04,0.007654014291301882,0.014597802750569901,0.01748978638421841
2025-06-05,0.007238869247989785,0.013819913272828001,0.016555038998304943
2025-06-06,0.007028312400922075,0.013434266453997944,0.016089835631433885
2025-06-09,0.006715263526891931,0.01283686966684802,0.015374156830980682
2025-06-10,0.007028019465805554,0.013490111965565144,0.01614557046074594
2025-06-11,0.0069069447531122045,0.013196398627352238,0.015806110397451036
2025-06-12,0.006702876186447243,0.012820593159420579,0.015353199905609523
2025-06-13,0.006712527023656013,0.012790869803207029,0.015327123010219868
2025-06-16,0.00723486973134908,0.013905653583825396,0.016639268136703595
2025-06-17,0.008560422094332838,0.01638038116207088,0.019614840839271553
2025-06-18,0.008004285527393244,0.015240942058032348,0.018265271757883686
2025-06-20,0.007547491442898751,0.014362627171406125,0.0172143623390253
2025-06-23,0.0071766154196129806,0.013678934351521871,0.016390538164712563
2025-06-24,0.007419696724213476,0.014138373280616791,0.016941822644102506
2025-06-25,0.00792277203721597,0.015126683919523813,0.01812021465943825
2025-06-26,0.00749882679434635,0.014289441435512239,0.017122789210347114
2025-06-27,0.007234449794687908,0.013760250211545633,0.01649370609605648
2025-06-30,0.007024961650508751,0.013341074206660294,0.015995377340555294
2025-07-01,0.006865384315845946,0.013003804867889136,0.015597813491925365
2025-07-02,0.006615870101799879,0.012571744492190109,0.01507147696309661
2025-07-03,0.006582600966249551,0.01248008594106777,0.014967248041466012
2025-07-07,0.0064823301421677235,0.012210364914839884,0.014659640806623827
2025-07-08,0.006356404671945046,0.011944557653539578,0.014346254015800388
2025-07-09,0.006251726186617856,0.01171710115079729,0.014079245918974276
2025-07-10,0.0067846817019696914,0.0127148752917565,0.015278391336390567
2025-07-11,0.006932343240036094,0.0129588548394898,0.015578163143604322
2025-07-14,0.006529548135403709,0.01206036288315045,0.014527479565198842
2025-07-15,0.006511114059658684,0.01201050892188464,0.014470660494733188
2025-07-16,0.006745012302682255,0.012513235844251023,0.015061763250357685
2025-07-17,0.006917672057639384,0.012817327512594472,0.015431092474645238
2025-07-18,0.007153156649117603,0.013194090047215746,0.015896830226533265
2025-07-21,0.006807113598442259,0.012524749878066137,0.015096741563716983
2025-07-22,0.006702306387955536,0.01237532533696126,0.01490771679116749
2025-07-23,0.007084884406351037,0.013114213160640445,0.015791157437154677
2025-07-24,0.006888591716102874,0.012723631835807395,0.01532640911628562
2025-07-25,0.006607324352165898,0.012136837232513001,0.014633340787567227
2025-07-28,0.006522840974135815,0.011944080997561494,0.01440866345379363
2025-07-29,0.006969899754652247,0.012772136439547136,0.01540563505236414
2025-07-30,0.011213585094325143,0.021306464931102765,0.02554339255275177
2025-07-31,0.010178798148469795,0.0192613345849718,0.02310727954081528
2025-08-01,0.009404108222019897,0.017739086069996253,0.021292323107722635
2025-08-04,0.009698809836897637,0.018335675483705665,0.02200026222821333
2025-08-05,0.011413392991926265,0.021611002504413175,0.025923425303853106
2025-08-06,0.010297537384102653,0.01939770366833387,0.02328851291539149
2025-08-07,0.010598513279851045,0.019937827653306463,0.023942357273948462
2025-08-08,0.009623598008789794,0.018011576615147434,0.0216477454122008
2025-08-11,0.008966542525950326,0.016690329467300744,0.020078237204150685
2025-08-12,0.008338587103763964,0.015431737534635207,0.01858237934350177
2025-08-13,0.008453808976469902,0.015620756873966102,0.018814933977832383
2025-08-14,0.007934195222952556,0.014594437758109232,0.01759228462090208
2025-08-15,0.008046058442270061,0.014781182511447182,0.017821295639648113
2025-08-18,0.007882418965571366,0.014473912981385558,0.017452196764824325
2025-08-19,0.007438727649245272,0.01359708640482987,0.01640772639033829
2025-08-20,0.007171213049960431,0.01305358340760929,0.01576314599589192
2025-08-21,0.006859582000240193,0.012428754248518832,0.01502057053254491
2025-08-22,0.0068729720417718175,0.012214307592690835,0.014811183154043756
2025-08-25,0.006925274591846806,0.012378543927861646,0.014995181422372548
2025-08-26,0.008389844576302811,0.015321025972107478,0.01849103484328185
2025-08-27,0.009996814936421466,0.018431536927253963,0.022208721563242717
2025-08-28,0.009250377501586571,0.01698905963297429,0.020484211238591222
2025-08-29,0.008709689765383681,0.015958987157889182,0.019249845953942094
2025-09-03,0.008306864748840482,0.01518791164196442,0.01832656751407048
2025-09-04,0.007893660255319119,0.01440060518387834,0.017383136362831977
2025-09-05,0.007998227421961483,0.014636372234328787,0.017658412946847103
2025-09-08,0.008544983570317582,0.015809221195287937,0.019037847598982634
2025-09-09,0.009136542863766266,0.017007517806859284,0.02045965826865163
2025-09-10,0.008670193135466513,0.016119981341691982,0.01939591677819035
2025-09-11,0.008172979561842845,0.01510530518831601,0.01819337404100337
2025-09-12,0.008189867548289521,0.015165340683231512,0.018259790472581684
2025-09-15,0.007766163189689022,0.01429854398283063,0.017232901822526268
2025-09-16,0.007690244740613786,0.01411082783163782,0.01701650073505537
2025-09-17,0.007386654349211496,0.013500582659526944,0.01629154733143961
2025-09-18,0.007185314690537521,0.01311418970698945,0.015829080442333797
2025-09-19,0.0068957248116749996,0.012572505216291316,0.01517797765709545
2025-09-22,0.0066481838774050915,0.012037264736565733,0.014549206605917945
2025-09-23,0.006777605256069813,0.012287057103774108,0.014847899392526887
2025-09-24,0.006583000549582937,0.011811442479055669,0.014298755557544158
2025-09-25,0.006545186648633711,0.011716417372938027,0.014189442892178836
2025-09-26,0.00634688354962052,0.011309545854693634,0.013707644767447747
2025-09-29,0.006158039831314366,0.010973011886993208,0.013299758314388186
2025-09-30,0.006036361931514255,0.010741116305894057,0.013021888100709823
2025-10-01,0.00585645482688632,0.010391552182728749,0.01260434809164209
2025-10-02,0.005718151959230552,0.010036087800677808,0.012196627518979944
2025-10-03,0.005879568386304241,0.010427939419884591,0.012649468528529207
2025-10-06,0.0058323170782124826,0.010371853887101672,0.01257552961783646
2025-10-07,0.007968147623660719,0.014549685835379694,0.017560361232773353
2025-10-08,0.007901572876887824,0.014406713233446533,0.01739223410789916
2025-10-09,0.00774090615437539,0.014066313158544739,0.016991127910132416
2025-10-10,0.007441654606575222,0.013516151304718942,0.016327897208294986
2025-10-13,0.007388645661937644,0.0134515027091953,0.016243219776334094
2025-10-14,0.008016021582761107,0.014666015154739939,0.017694779191758117
2025-10-15,0.0076751584661982845,0.013991629341904913,0.01689160206538526
2025-10-16,0.00734882642924194,0.013342437492907058,0.01611910930864212
2025-10-17,0.007114428980326438,0.0128475505637683,0.015535657926886262
2025-10-20,0.007471005338254344,0.013568455845206632,0.016391291594244302
2025-10-21,0.010630220514959196,0.01978266804137716,0.02379917788592666
2025-10-22,0.01005169387523725,0.018659109526990347,0.02245702955578698
2025-10-23,0.009324947306173113,0.01717594473227272,0.020699271703942174
2025-10-24,0.00886774673843787,0.016318546203134575,0.019669125057428846
2025-10-27,0.008387624431447135,0.015437077272437223,0.018606247286726496
2025-10-28,0.008100426251867935,0.014885208385256907,0.01794586378181146
2025-10-29,0.008196971847509971,0.015068785806713081,0.01816591987600998
2025-10-30,0.007827338984646595,0.014350620282897644,0.01730809271201779
2025-10-31,0.008206558519135685,0.015080163755842795,0.018180920041716193
2025-11-03,0.008338633094583726,0.015391086020477437,0.018541745206460503
2025-11-04,0.008249209530682979,0.015263477064635428,0.018380348557857407
2025-11-05,0.00797027713515553,0.014752822609117418,0.017764302618595178
2025-11-06,0.007677137159394945,0.014141704610770656,0.01704242496132916
2025-11-07,0.008076280416252458,0.014946210934571278,0.01799774309738689
2025-11-10,0.008903342108913758,0.016588002211270707,0.019952030377903853
2025-11-11,0.008414888141002124,0.015601493168292329,0.018780964470092282
2025-11-12,0.008124949561422658,0.015000951777249442,0.018070873031846065
2025-11-13,0.008573718681937868,0.015836614136875402,0.019076097780882727
2025-11-14,0.008663967316968441,0.01605932216007188,0.01933290524073222
2025-11-17,0.008216957880292699,0.015158198048298734,0.018262883616392136
2025-11-18,0.007865824608077344,0.014425882743298974,0.017397896534488297
2025-11-19,0.007654552006734885,0.014012885668108002,0.016905072471514574
2025-11-20,0.007437195052841765,0.013566662203869196,0.01637672311497989
2025-11-21,0.0075427749008066146,0.013821675656445463,0.016671628731424262
2025-11-24,0.0073596821165011995,0.013591243719566966,0.016372017235232406
2025-11-25,0.007889678405509755,0.014609552006337347,0.017590578687906727
2025-11-26,0.007620785863857601,0.014057037490365585,0.016936466134608082
2025-11-28,0.007841283566419742,0.014431772098536457,0.017394513331807103
2025-12-01,0.007747197947310064,0.014200292512949245,0.017127484548077408
2025-12-02,0.0074927240356116595,0.013702302199320244,0.016533344115071364
2025-12-03,0.0074204281055028996,0.013494119180682053,0.016297844888402108
2025-12-04,0.007288507996646931,0.013091621090477132,0.01584550226156049
2025-12-05,0.007123139452654807,0.012756115081154398,0.015447513598751078
2025-12-08,0.006970631866742592,0.012402142486843779,0.015035917720020074
2025-12-09,0.006850119035425054,0.012184401987979886,0.01477264279666327
2025-12-10,0.006819974666732262,0.012197642289818757,0.014774493386177551
2025-12-11,0.006968753078952177,0.012520780996532702,0.015153846350770418
2025-12-12,0.007085888053057388,0.012806287551524643,0.015483611044713717
2025-12-15,0.00996518487070404,0.018570988149518,0.022336221719189833
2025-12-16,0.009294281207460042,0.017236699928005843,0.020748440057501923
2025-12-17,0.009053835490663818,0.016783461081838515,0.02020435148839303
2025-12-18,0.00890290249380602,0.016514051355383332,0.01987791341836834
2025-12-19,0.008522346256595979,0.01575117895524136,0.018971252103310833
2025-12-22,0.00881669056935821,0.01627285397146575,0.019604141823711205
2025-12-23,0.009614017890626079,0.017868411798492547,0.02150096085512168
2025-12-24,0.009318266655620227,0.017271165909641232,0.02079196867227138
2025-12-26,0.008836479085939484,0.016284618337162955,0.019623383058918864
2025-12-29,0.009927956695835818,0.01847655945353536,0.022227726774003573
2025-12-30,0.009310110954309985,0.01726475638285359,0.020782477605025034
2025-12-31,0.008761522395821883,0.016158730964108758,0.019469174139444396
2026-01-05,0.00832624308524548,0.01528894743009927,0.01843492518972706
2026-01-06,0.008175140956284455,0.014976341513867541,0.018065227025253604
2026-01-07,0.008385165736048696,0.015330811007882085,0.018499052031633607
2026-01-08,0.00856054629205398,0.015563063955316819,0.01879757055923636
2026-01-09,0.00823715492359124,0.014894034415361154,0.018006351210212764
2026-01-12,0.008071635978241476,0.014582842713250532,0.01763262002714582
2026-01-13,0.007853641289203218,0.014171060568436786,0.01713847102894935
2026-01-14,0.00784792335259351,0.014152365479789491,0.01711761548195116
2026-01-15,0.007926826311023004,0.014350388071550261,0.01734545067344588
2026-01-16,0.00812359512355508,0.01474149962410037,0.017810909119508053
2026-01-20,0.00790168645565896,0.014260583211524415,0.01724614700044451
2026-01-21,0.008082446784031505,0.014622186081680043,0.017676048137544892
2026-01-22,0.007899145303285855,0.014244096580061255,0.017228700222998605
2026-01-23,0.007699772771897324,0.013843035914324307,0.016752308877721393
2026-01-26,0.0076180108993630005,0.013683797200023539,0.016562177354990094
2026-01-27,0.007809214507584766,0.014065325803067595,0.01701595010138521
2026-01-28,0.007672621922195615,0.01381312026776899,0.016712134586487785
2026-01-29,0.00810939397086643,0.014618631538970127,0.017682675287778518
2026-01-30,0.007832596989907981,0.014095843720615417,0.0170553028281742
2026-02-02,0.007629372750931351,0.013700345542023947,0.016583018645439915
2026-02-03,0.007696346547959921,0.01391098111513793,0.016818959518167725
2026-02-04,0.007539868198095921,0.013621651852400093,0.01647050666229246
2026-02-05,0.007951059356764987,0.014500454737428612,0.01750467352443339
2026-02-06,0.008346179052510528,0.01531828772251925,0.01847179806424804
2026-02-09,0.0079929886211683,0.014630193442223313,0.017650254732496356
2026-02-10,0.00772929655641855,0.014131796066108997,0.017052224261047234
2026-02-11,0.00762051745385978,0.013937313278232237,0.016816640506761196
2026-02-12,0.008173287025744701,0.014890685427571642,0.01797887045205308
2026-02-13,0.007871792871332889,0.014363006526318648,0.017337275358980254
2026-02-23,0.007656174144595711,0.013950180861419904,0.016842980571461674
2026-02-24,0.008031755636070398,0.014638809404894947,0.017673518377855187
2026-02-25,0.008157448709163288,0.01484354514749181,0.017925745841320763
2026-02-26,0.00792573390224762,0.01436716135311415,0.017361811200580606
2026-02-27,0.0077074710813871995,0.013950891784626572,0.01686307346810232
2026-03-02,0.007685424687698648,0.01392887986858456,0.016832731568955792
2026-03-03,0.00817101230562335,0.014949499369084476,0.018036824916027497
2026-03-04,0.00883945200244341,0.016302454653734727,0.01964234265871776
2026-03-05,0.00845993386091047,0.015550697113801156,0.018747188436701527
2026-03-06,0.00833224441365733,0.015335271919955559,0.018483517214354865
2026-03-09,0.009900718890215461,0.018452800458401475,0.02219367627887078
2026-03-10,0.014683995202394398,0.027824615386224494,0.033372798625202316
2026-03-11,0.01243452043508923,0.023402854369482123,0.028101098744517043
2026-03-12,0.011662119879409625,0.02184309317130678,0.026249494641346745
2026-03-13,0.011391803730578853,0.021333859667935117,0.025638125206609255
2026-03-16,0.010302492806714058,0.019197845863044998,0.023090527461073568
2026-03-17,0.009313928752370144,0.017265088504046604,0.02078425223848499
2026-03-18,0.008798217649843072,0.01621182296688169,0.01953613103324352
2026-03-19,0.008623753454945867,0.015873201183047206,0.019131589906029478
2026-03-20,0.00849371864645522,0.01563787544907587,0.01884713197506356
2026-03-23,0.011969185148194799,0.022475856871877378,0.02699827951694935
2026-03-24,0.011364632906858057,0.021320807465269966,0.02561480681230626
2026-03-25,0.010243972456306698,0.01908895227923805,0.022959522617844775
2026-03-26,0.009910927735004826,0.018454730749478346,0.022199463867690467
2026-03-27,0.010054325178241013,0.018759920326349572,0.02255883456353574
2026-03-30,0.009668738045149896,0.018000286617745446,0.021653511072314904
2026-03-31,0.009433387123698405,0.01755915154839923,0.021123451291425458
2026-04-01,0.009886788274826641,0.018369438536931803,0.022105050830292607
2026-04-02,0.00983161328290841,0.01821424821996967,0.021929013260171368
2026-04-06,0.009491271111843754,0.017542526951405027,0.021128697511494772
2026-04-07,0.009185076047437398,0.016939848499980766,0.02041032668202342
2026-04-08,0.00881855876827335,0.016204655544636303,0.01953664927493233
2026-04-09,0.012007677418448102,0.022311941415630903,0.026848907934199563
2026-04-10,0.011423652784269423,0.021152732929706854,0.02546903227685258
2026-04-13,0.010779099142331085,0.019863360337991486,0.023936122305593444
2026-04-14,0.010312614124211203,0.018907620728203595,0.02280412655276725
2026-04-15,0.009970620740577796,0.01819091445655075,0.021958201908814284
2026-04-16,0.009718837756596124,0.01763758869196331,0.02130974276176979
2026-04-17,0.00911380462729136,0.016397839565943633,0.01984138863957798
2026-04-20,0.008486229516247619,0.01510354623068045,0.018309973072640085
2026-04-21,0.008279852105296411,0.014674626008711625,0.017803075455789217
2026-04-22,0.008185613404417404,0.014500557641739915,0.017593400050441826
2026-04-23,0.008494932903157006,0.015009422662463317,0.01821913798175541
2026-04-24,0.008269806243125273,0.01459151297297129,0.01771616670346421
2026-04-28,0.007962579356916761,0.0140110940924221,0.017019665582548478
2026-04-29,0.007842362635124103,0.013810614000888064,0.01677376294819135
2026-05-04,0.007867704215408928,0.013917729319578173,0.016890453299360536
2026-05-05,0.007607047397424651,0.013370205186373265,0.016244442904839642
2026-05-06,0.007611977942931305,0.013246346928420315,0.016122447598322046
2026-05-07,0.007761824645618092,0.013518660008499992,0.016451378577876884
2026-05-08,0.00751244379103551,0.012984888999920842,0.01582338180454868
2026-05-11,0.007354055369111507,0.012684496742460602,0.01546314425460131
2026-05-12,0.007514720387721176,0.012690471779381155,0.01552982477058623
2026-05-13,0.007102334456961571,0.012269636321567644,0.014953173904398192
2026-05-14,0.006897358291688098,0.011855500153942695,0.014461589786887318
2026-05-15,0.0072213406298696605,0.012454537274659807,0.015183040007966287
2026-05-18,0.008333387061402263,0.014355741772003916,0.017504418803064744
2026-05-19,0.007193194905188574,0.012460924527604621,0.015178792713856836
2026-05-20,0.0074238217635730006,0.012976787204325164,0.015781795167764037
2026-05-21,0.0072835423720357785,0.012716674530492853,0.01546867949589384
2026-05-22,0.007158441421196725,0.0124842461516498,0.015188983122948455
2026-05-26,0.007092793177771951,0.012442860331334458,0.015122792848612435
2026-05-27,0.006956612835407882,0.012205168442208755,0.014833646741300976
2026-05-28,0.006900489788638233,0.012153311032582307,0.014760583866600762
2026-05-29,0.006750587627284146,0.011877309627689915,0.01442794360779648
2026-06-01,0.006586972556706451,0.011536129230778586,0.014024943087702649
2026-06-02,0.00670525343809138,0.011785880551232928,0.014319385515348605
2026-06-03,0.00671571382008032,0.011856816894781673,0.014394274197155731
2026-06-04,0.006839734085585694,0.012104519299026143,0.014688836270644599
2026-06-05,0.006775126973953533,0.011936702349632598,0.014496608247225515
2026-06-08,0.007559103688398087,0.013512523106691533,0.01636864583130445
2026-06-09,0.008134218979018212,0.014802533019596631,0.01787595661988527
2026-06-10,0.0077957129334441455,0.01412791015738039,0.017073433037023165
2026-06-11,0.0077225612659096755,0.014026625641326625,0.016944508982129732
2026-06-12,0.007651193164673684,0.013835246089905953,0.016726163792432996
2026-06-15,0.007388938960082635,0.013345753047728448,0.016137580934288635
2026-06-16,0.007477862684739244,0.013532857794112669,0.016358284514769915
2026-06-17,0.0072634024462069095,0.013109329906576947,0.015853725226416367
2026-06-18,0.007353752091065746,0.013288802389644251,0.016067335311569758
2026-06-22,0.007800360281934501,0.01409982708004588,0.017047105908301035
2026-06-23,0.007615287295392554,0.013663563260539713,0.016540914332229532
2026-06-24,0.007466168156274644,0.013410001883572907,0.016231009957538924
2026-06-25,0.007226402834741589,0.012919739469564552,0.01565015490032398
2026-06-26,0.007098325691201668,0.012708355544533558,0.015390378460089192
2026-06-29,0.006913912101145404,0.012274633104009159,0.01488697740858138
2026-06-30,0.0067286287548124725,0.011989311476927776,0.014531648542842059
2026-07-01,0.006657470688636583,0.011812062242650493,0.014327513029685388
2026-07-02,0.00649442854971659,0.01148569666739972,0.013939543807066529
2026-07-06,0.006336782702114487,0.01117889671686238,0.013573179137438444
2026-07-07,0.006308114605071581,0.011184812260149926,0.013568262761121379
2026-07-08,0.006151223514045737,0.01094663650279775,0.013270807461003311
2026-07-09,0.006050283390729247,0.010743998866983063,0.01303003072934953
2026-07-10,0.0059403045411178515,0.010556157212661958,0.012800634797623285
2026-07-13,0.005888891454451345,0.01049692480737285,0.012721976532969914
2026-07-14,0.007156204191189349,0.013076964317994351,0.015780855976974557
2026-07-15,0.006981946031504041,0.012737109079212515,0.01537515924291196
2026-07-16,0.006978093626956338,0.012787235904322236,0.015423830480080749
2026-07-17,0.0068312145602562055,0.012517483343772035,0.015098581308098154
2026-07-20,0.0073054963895663235,0.013512343516361146,0.016272643561569253
2026-07-21,0.00801460252503557,0.014961843939694722,0.01799007180163388
2026-07-22,0.007670773365689963,0.01433628196915231,0.017234597831485118
2026-07-23,0.0092880496045192,0.017564670127099717,0.02107405571517081
2026-07-24,0.008726435485630098,0.016480453900563217,0.01977763987958747
2026-07-27,0.008355802676725732,0.015798717782001103,0.018955864302428748
2026-07-28,0.008157442229224399,0.015414393003808483,0.01849659124926505
2026-07-29,0.007916606616893768,0.014961392014228352,0.017952593219079518
2026-07-30,0.007637133873415331,0.014452173232434385,0.017337778789115812
2026-07-31,0.008940245043865461,0.016906406623089457,0.02028437815066396
2026-08-03,0.008514878568573005,0.016065812558243554,0.019283064123974444
2026-08-04,0.009069005425961828,0.01712404956741251,0.020550671764232326
2026-08-05,0.00928694709610855,0.017525378841515466,0.021034347859123243
2026-08-06,0.00883940797354755,0.016652544343925168,0.019992415713082686
2026-08-07,0.008540599744666054,0.016084511386287935,0.019311481410525466
2026-08-10,0.008196349078237812,0.015409807596363219,0.018506706359260876
2026-08-11,0.007899243161794247,0.014717401461786366,0.017702042079465848
2026-08-12,0.007693042743489284,0.014344892117351158,0.01725162221483902
2026-08-13,0.00756724337716739,0.014063518369518533,0.016922716584430775
2026-08-14,0.007558012674531298,0.014025237111370006,0.01688094760860435
2026-08-17,0.00798611409220964,0.014945509833261211,0.01796297365970928
2026-08-18,0.007712202725804056,0.014441475728455493,0.01735544521081598
2026-08-19,0.007464961376789017,0.014010662924796755,0.016831215030640813
2026-08-20,0.007238819107688194,0.01358990904880228,0.016325015829327456
2026-08-21,0.0070593537226079014,0.013277896926800321,0.01594519472021027
2026-08-24,0.0073856192124268985,0.013885355581376949,0.016675929138441153
2026-08-25,0.007247556263786268,0.013636878637358144,0.016375286654525763
2026-08-26,0.007077373976681094,0.013302918251742091,0.015977024796464807
2026-08-27,0.007114853570031677,0.013387381748514749,0.016075649538100683
2026-08-28,0.007085288258283786,0.013271987163192509,0.015949084030639483
2026-09-03,0.006904948404440384,0.01293320240730108,0.01554215987939804
2026-09-04,0.0067031277992410125,0.012541441708009537,0.01507414352327647
2026-09-08,0.006630289061020465,0.012376612509635598,0.014881793022901725
2026-09-09,0.007176176500879228,0.0135322891631316,0.016243727135791274
2026-09-10,0.007066552308289976,0.01332330977540923,0.015993327473850138
2026-09-11,0.006966141393836057,0.013086524655344248,0.0157186032135917
2026-09-14,0.0069169959153402485,0.01310090966192852,0.015714419151179174
2026-09-15,0.006855893600811941,0.013024509336663475,0.015614932000247403
2026-09-16,0.006812261716633478,0.012940139505760754,0.01551407635025067
2026-09-17,0.006694286556263875,0.012708628767187022,0.01523799001774923
2026-09-18,0.007040493110189836,0.013325143286663524,0.015985314808765666
2026-09-21,0.006833475716964574,0.012973146885547,0.015555099202627747
2026-09-22,0.006685997613148314,0.012617717097415182,0.015143946463593835
2026-09-23,0.0065980802667963655,0.012314184999418516,0.014807195780278797
2026-09-24,0.0069003712138294634,0.012988746636696321,0.015595974668550413
