Date,VaR_Historical,VaR_Parametric,VaR_MonteCarlo
2017-10-05,0.0095033644683085,0.009302017396232723,0.009272449284660693
2017-10-06,0.0095033644683085,0.009259197935460694,0.009262215789693868
2017-10-09,0.0095033644683085,0.009275384849419088,0.009351189823907443
2017-10-10,0.0095033644683085,0.009242847493188011,0.009239200364703678
2017-10-11,0.0095033644683085,0.00923165723194532,0.009287086206345387
2017-10-12,0.0095033644683085,0.009227874946634318,0.009205784291823598
2017-10-13,0.0095033644683085,0.009183275434714314,0.009138901465400218
2017-10-16,0.0095033644683085,0.009176131580480458,0.008915487443047149
2017-10-17,0.0095033644683085,0.00918295018493975,0.008923550427547092
2017-10-18,0.0095033644683085,0.009075558511551148,0.008892878837942996
2017-10-19,0.0095033644683085,0.009077259845321248,0.009057886313815397
2017-10-20,0.0095033644683085,0.009070042148503035,0.009047604404751906
2017-10-23,0.0095033644683085,0.009059057956020225,0.008917544426946665
2017-10-24,0.0095033644683085,0.009132025855212552,0.009361331808422205
2017-10-25,0.0095033644683085,0.009131386924150955,0.009196711496931784
2017-10-26,0.0095033644683085,0.009037919728095213,0.008856186396821213
2017-10-27,0.0095033644683085,0.009055175981076705,0.009190239755353588
2017-10-30,0.0095033644683085,0.00905281001451103,0.009255024455603231
2017-10-31,0.0095033644683085,0.009047671907865042,0.008873250203444894
2017-11-01,0.0095033644683085,0.009064928769122979,0.009191031079292726
2017-11-02,0.0095033644683085,0.009044115928925279,0.009123632420222834
2017-11-03,0.0095033644683085,0.009082137543167324,0.008939103389123996
2017-11-06,0.0095033644683085,0.009093125529178174,0.009231588323464742
2017-11-07,0.0095033644683085,0.009094303619266978,0.00898705847586846
2017-11-08,0.0095033644683085,0.009075340052099088,0.008956156315584924
2017-11-09,0.0095033644683085,0.009058128476809691,0.009217896009543671
2017-11-10,0.0095033644683085,0.009041850542525038,0.009085077859319508
2017-11-13,0.0095033644683085,0.008976154642553424,0.008856569252842266
2017-11-14,0.0095033644683085,0.008909085873343298,0.008836841982674697
2017-11-15,0.0095033644683085,0.008919307114123138,0.008923007893913225
2017-11-16,0.0095033644683085,0.008729441104837258,0.008670662258058385
2017-11-17,0.0095033644683085,0.008736332181233968,0.00871723252133215
2017-11-20,0.0095033644683085,0.008747958743062872,0.008898631711386813
2017-11-21,0.0095033644683085,0.008763065047671695,0.008783814950191218
2017-11-22,0.0095033644683085,0.008779684426706371,0.008818941251217636
2017-11-24,0.0095033644683085,0.008747120953642147,0.008899229504845962
2017-11-27,0.0095033644683085,0.008746851401812191,0.008672431382354628
2017-11-28,0.0095033644683085,0.008744758157806247,0.00877632136905239
2017-11-29,0.0095033644683085,0.00873984254463961,0.008919294863684675
2017-11-30,0.0095033644683085,0.008700596334375062,0.00876891093231928
2017-12-01,0.0095033644683085,0.008706311226693705,0.008704324659165059
2017-12-04,0.0095033644683085,0.008708223855292583,0.008617258143782475
2017-12-05,0.0095033644683085,0.008700958932920189,0.008532636724123516
2017-12-06,0.0095033644683085,0.00876117913493141,0.008611913414335476
2017-12-07,0.009054274078852485,0.008631365505359099,0.008773459358436597
2017-12-08,0.009054274078852485,0.008572346884853576,0.008657514328549729
2017-12-11,0.009054274078852485,0.008570978562976964,0.008405025957033551
2017-12-12,0.009054274078852485,0.008656551244560792,0.008479076582805273
2017-12-13,0.009054274078852485,0.008657514425403783,0.008519943916679684
2017-12-14,0.009054274078852485,0.008716113836860603,0.008663518865823722
2017-12-15,0.009054274078852485,0.008733908982007673,0.008805653976225247
2017-12-18,0.009054274078852485,0.008732031566282094,0.00866496609192847
2017-12-19,0.009054274078852485,0.008727771990775113,0.008717633866266197
2017-12-20,0.009054274078852485,0.008785623534068665,0.008867106559026332
2017-12-21,0.009054274078852485,0.008741585138994937,0.00882427231910995
2017-12-22,0.009054274078852485,0.00875500351494446,0.008661049387736609
2017-12-26,0.009054274078852485,0.008704874782620291,0.008690301373851876
2017-12-27,0.009054274078852485,0.00868177413949364,0.008637181173017029
2017-12-28,0.009054274078852485,0.00858607072294146,0.008737303618049901
2017-12-29,0.009054274078852485,0.008508583700371053,0.008380704467185742
2018-01-02,0.009054274078852485,0.008390304939353669,0.00844330991847162
2018-01-03,0.009054274078852485,0.008430193566029063,0.008337405750465529
2018-01-04,0.009054274078852485,0.008422717239106502,0.008588048800983452
2018-01-05,0.009054274078852485,0.008432898116309838,0.008332315969240976
2018-01-08,0.009054274078852485,0.008429221794621205,0.00843799081919099
2018-01-09,0.009054274078852485,0.008386088902548189,0.008144188250951995
2018-01-10,0.009054274078852485,0.008369338373327706,0.008417347494819415
2018-01-11,0.009054274078852485,0.008363968638185042,0.008426115471095818
2018-01-12,0.009054274078852485,0.008359804172440534,0.008232974237483037
2018-01-16,0.009054274078852485,0.008359170867970299,0.008361242037587865
2018-01-17,0.009054274078852485,0.008323029091411045,0.008253631633713713
2018-01-18,0.009054274078852485,0.00836907737113658,0.00837430233285843
2018-01-19,0.009054274078852485,0.008314585686585349,0.0080861288865521
2018-01-22,0.009054274078852485,0.008341632755748332,0.008402021536713225
2018-01-25,0.009054274078852485,0.00853708298539633,0.008508041716871915
2018-01-26,0.009054274078852485,0.008559535730074118,0.008892284449690669
2018-01-29,0.009054274078852485,0.008567603985086871,0.008844393720980935
2018-01-30,0.009054274078852485,0.008621562083023247,0.008449021877331358
2018-01-31,0.009054274078852485,0.008681075496710045,0.00872572777536507
2018-02-01,0.009054274078852485,0.0086311602577731,0.00863902100327806
2018-02-02,0.009054274078852485,0.008689015096520697,0.008518692488581092
2018-02-05,0.009054274078852485,0.00878949181205263,0.008871256153375414
2018-02-06,0.0095033644683085,0.010614785428271956,0.010623905849094869
2018-02-07,0.00956696076003664,0.010724118999294622,0.011102539249535717
2018-02-08,0.00956696076003664,0.010738744351963769,0.010593593212247057
2018-02-09,0.00967853691149887,0.011263657365472773,0.011393172237992974
2018-02-12,0.00967853691149887,0.011276633337221122,0.011225673933213807
2018-02-13,0.00967853691149887,0.011549742282235582,0.011563380779795358
2018-02-21,0.00967853691149887,0.011555578850348644,0.011502763150129366
2018-02-22,0.00967853691149887,0.011699688361898735,0.01190399660381768
2018-02-23,0.00967853691149887,0.011745804526364617,0.011658672904686345
2018-02-26,0.00967853691149887,0.011894524337126663,0.011713978662326695
2018-02-27,0.00967853691149887,0.011919511009061239,0.011900099996238537
2018-02-28,0.00967853691149887,0.011963001100325242,0.011909491786134145
2018-03-01,0.00967853691149887,0.011969156012075136,0.01189794675132057
2018-03-02,0.010172320904181284,0.012105504092819606,0.012517066795673847
2018-03-05,0.010172320904181284,0.01209528564074224,0.012457111462781134
2018-03-06,0.010172320904181284,0.012136820715569749,0.01216103291482683
2018-03-07,0.010172320904181284,0.012159816288204183,0.01250355941225277
2018-03-08,0.010172320904181284,0.012180150416969937,0.012075288592476174
2018-03-09,0.010172320904181284,0.01217935385308887,0.012320176597596107
2018-03-12,0.010172320904181284,0.012119155480057877,0.012031465719469165
2018-03-13,0.010172320904181284,0.012099471195424061,0.012080935928349152
2018-03-14,0.010172320904181284,0.01208215052651864,0.012227980706144047
2018-03-15,0.010172320904181284,0.012068496300214837,0.01213289896131802
2018-03-16,0.010172320904181284,0.012068876688827801,0.01206449530462134
2018-03-19,0.010172320904181284,0.01196006256536322,0.011945164124322482
2018-03-20,0.010172320904181284,0.011985721083157798,0.012063791315034744
2018-03-21,0.010172320904181284,0.011967930604022452,0.011874203162292757
2018-03-22,0.010172320904181284,0.011931501959831645,0.012123323092204555
2018-03-23,0.01059013857217834,0.01207984312083041,0.012077536424990189
2018-03-26,0.011230547686638552,0.012370465345627595,0.012422367804485503
2018-03-27,0.011230547686638552,0.012482826654354486,0.012295756595873224
2018-03-28,0.011230547686638552,0.012571090082364376,0.012290263986625591
2018-03-29,0.011230547686638552,0.012567890854452767,0.012728681376287949
2018-04-02,0.011230547686638552,0.012566398081450578,0.012486665620176925
2018-04-03,0.011230547686638552,0.012551663340013543,0.012544149876018004
2018-04-04,0.011230547686638552,0.01253442058542508,0.012589869321400273
2018-04-05,0.011230547686638552,0.012537267627839303,0.012567151855627063
2018-04-06,0.011230547686638552,0.012530919032889975,0.01247501200654599
2018-04-09,0.011230547686638552,0.012613775823982022,0.012682180005397297
2018-04-10,0.011230547686638552,0.012612083475814793,0.01269378193783211
2018-04-11,0.011230547686638552,0.012635532172304915,0.01271038064177047
2018-04-12,0.011230547686638552,0.01271798695374971,0.012817486863797389
2018-04-13,0.011230547686638552,0.012672592819084064,0.012812854372045742
2018-04-16,0.011230547686638552,0.012734859462201771,0.01262931570276005
2018-04-17,0.011230547686638552,0.01273195154784343,0.012503932289199446
2018-04-18,0.011230547686638552,0.012718678843078934,0.013045765271689264
2018-04-19,0.011230547686638552,0.012762323747228492,0.012613529988624073
2018-04-20,0.012750434529946376,0.013164037832613877,0.013209808324150927
2018-04-23,0.012750434529946376,0.013156507358525422,0.012925847146359295
2018-04-24,0.013284973796190081,0.013626156639427732,0.013616316978480732
2018-04-26,0.013284973796190081,0.013581518522829236,0.013626544856668954
2018-04-27,0.012890293488979758,0.013540182308815424,0.013153294647988327
2018-05-02,0.012890293488979758,0.013530531592133055,0.013321474251948623
2018-05-03,0.014978796313063637,0.013904660968238105,0.013434693740651487
2018-05-04,0.014978796313063637,0.013902202664443837,0.013776136759701746
2018-05-07,0.014978796313063637,0.013853541083823993,0.013580309158669285
2018-05-08,0.014978796313063637,0.013877911283475753,0.013729481116802854
2018-05-09,0.014978796313063637,0.01387072425625506,0.014001851532043568
2018-05-10,0.014978796313063637,0.013869375155557345,0.0135159010641777
2018-05-11,0.014978796313063637,0.013964201373058193,0.013848730311372863
2018-05-14,0.014978796313063637,0.013959706095503604,0.01369276401519411
2018-05-15,0.014978796313063637,0.013963783933468029,0.013401736188434824
2018-05-16,0.014978796313063637,0.01394610142188929,0.014023870929928947
2018-05-17,0.014978796313063637,0.0140078665959094,0.01409452742997012
2018-05-18,0.014978796313063637,0.01414882730764771,0.013825108453055316
2018-05-21,0.014978796313063637,0.014144149071971477,0.013871984115658292
2018-05-22,0.01561728736663273,0.014351814336961723,0.014334311612349361
2018-05-23,0.01561728736663273,0.014437681839238669,0.01429591058371589
2018-05-24,0.01561728736663273,0.014397660664071445,0.01429049260300601
2018-05-25,0.01561728736663273,0.014424649610396599,0.014273952853744004
2018-05-29,0.01561728736663273,0.014550695468061392,0.014471003420342137
2018-05-30,0.01561728736663273,0.014593015977138218,0.014180485884662105
2018-05-31,0.01561728736663273,0.014592461944919777,0.014718522750779757
2018-06-01,0.01561728736663273,0.01459962861860625,0.014661510766556772
2018-06-04,0.01561728736663273,0.014636307750990044,0.014445673763475593
2018-06-05,0.01561728736663273,0.014633583089449273,0.014534002185535173
2018-06-06,0.01561728736663273,0.01461285697219417,0.014937778321441324
2018-06-07,0.01561728736663273,0.014669077570347227,0.015061756587941297
2018-06-08,0.01561728736663273,0.014679151461578253,0.015159121325561659
2018-06-11,0.01561728736663273,0.014602000061068491,0.014628177461818164
2018-06-12,0.01561728736663273,0.014677637572937455,0.014797356784008415
2018-06-13,0.01561728736663273,0.014680363490250715,0.014362599192801627
2018-06-14,0.01561728736663273,0.014646393305353597,0.01491090624491154
2018-06-15,0.01561728736663273,0.014706427941296308,0.014329155113449496
2018-06-18,0.01561728736663273,0.014717803948164255,0.015219728414399612
2018-06-19,0.015639248713611924,0.014916360534827706,0.014907412172811494
2018-06-20,0.015639248713611924,0.015093162322508567,0.015172668940308148
2018-06-21,0.015639248713611924,0.015081314466578186,0.015062065599136356
2018-06-22,0.015639248713611924,0.015167902916362717,0.015695542234661488
2018-06-25,0.015639248713611924,0.015172860333133815,0.015315452753448438
2018-06-26,0.015639248713611924,0.01520222989062446,0.015361645056331431
2018-06-27,0.015639248713611924,0.015207042604616118,0.014987217339848254
2018-06-28,0.015639248713611924,0.015320766837227648,0.01571421261563735
2018-06-29,0.015639248713611924,0.01532950573530641,0.014937455096438904
2018-07-02,0.015639248713611924,0.015292617183966085,0.015430781578887293
2018-07-03,0.015639248713611924,0.015316335208808533,0.015909582322115406
2018-07-05,0.017444593038280387,0.01572574851549575,0.015800794221275474
2018-07-06,0.017444593038280387,0.015720266636572472,0.015650139217176808
2018-07-09,0.017444593038280387,0.015761057364430307,0.01563819138027441
2018-07-10,0.017444593038280387,0.015706076667119994,0.01610873201779257
2018-07-11,0.017444593038280387,0.01570707718818519,0.015752588069180045
2018-07-12,0.017444593038280387,0.015834339694165936,0.01619344309252185
2018-07-13,0.017444593038280387,0.015836936130655153,0.015496393375012706
2018-07-16,0.017444593038280387,0.015838602974415424,0.015689536481586178
2018-07-17,0.017444593038280387,0.015830272038045202,0.016131170295902563
2018-07-18,0.017444593038280387,0.015831699148753438,0.01592972773856026
2018-07-19,0.017444593038280387,0.015840434215736426,0.016008734443717917
2018-07-20,0.017444593038280387,0.015699795721321318,0.015655735268117667
2018-07-23,0.017444593038280387,0.01573589239370199,0.01594905260957244
2018-07-24,0.017444593038280387,0.015787154912086685,0.015804154285720528
2018-07-25,0.017444593038280387,0.015798341233071632,0.016403307476954846
2018-07-26,0.017444593038280387,0.01578682142848918,0.01563234517771878
2018-07-27,0.017444593038280387,0.015764282342629433,0.016029788790272552
2018-07-30,0.017444593038280387,0.015772270366859093,0.016214253756536953
2018-07-31,0.017444593038280387,0.015772460914431602,0.015577481792091724
2018-08-01,0.017444593038280387,0.015696707181898164,0.015750210366091352
2018-08-02,0.017444593038280387,0.015707462596933987,0.015326564386731674
2018-08-03,0.017444593038280387,0.01569259948494267,0.015871378385211993
2018-08-06,0.017444593038280387,0.015691914720693093,0.0157504517971319
2018-08-07,0.017444593038280387,0.015682142736669794,0.0157411513085533
2018-08-08,0.017444593038280387,0.01569473482365988,0.015751958627714665
2018-08-09,0.017444593038280387,0.01568230882787542,0.015694120489835366
2018-08-10,0.017444593038280387,0.015702915214309717,0.015816706943977486
2018-08-13,0.017444593038280387,0.015716970489674582,0.015645531426586534
2018-08-14,0.017444593038280387,0.015700128448085063,0.01526795405048892
2018-08-15,0.017444593038280387,0.01568849663716119,0.015821353788359867
2018-08-16,0.017444593038280387,0.01583134394802429,0.01575312169777964
2018-08-17,0.017444593038280387,0.015817081399274624,0.01530234131989152
2018-08-20,0.017444593038280387,0.0158080600887368,0.016019623481739947
2018-08-21,0.017444593038280387,0.015618176716799168,0.015991018129783454
2018-08-22,0.017444593038280387,0.015532554956840002,0.015254624153852729
2018-08-23,0.017444593038280387,0.015522483724025059,0.015553232863207806
2018-08-24,0.017444593038280387,0.015510722896660818,0.015279453040604494
2018-08-27,0.017444593038280387,0.015475104131566357,0.015566448875855829
2018-08-28,0.017444593038280387,0.01547896493824079,0.015255809434894917
2018-08-29,0.017444593038280387,0.015385683857518113,0.015248174093206135
2018-08-30,0.017444593038280387,0.015392014566046094,0.015245207181549059
2018-08-31,0.017444593038280387,0.015374235377646797,0.015256954826076002
2018-09-04,0.017444593038280387,0.01540876851819006,0.015325680042608432
2018-09-05,0.017444593038280387,0.015480072795121877,0.015650858516048458
2018-09-06,0.017444593038280387,0.015523592564321646,0.015727364512917903
2018-09-07,0.017444593038280387,0.015571762335950303,0.015272866979622792
2018-09-10,0.017444593038280387,0.01557072526999293,0.01582766632693285
2018-09-11,0.017444593038280387,0.015573140225239436,0.015564956755175349
2018-09-12,0.017444593038280387,0.015579727933638036,0.015597690014356715
2018-09-13,0.017444593038280387,0.015580255194860579,0.015496002067635408
2018-09-14,0.017444593038280387,0.015574355541891726,0.015309741887024613
2018-09-17,0.017444593038280387,0.015537097791641918,0.015677705085781358
2018-09-18,0.017444593038280387,0.015586202433565073,0.015749474645816084
2018-09-19,0.017444593038280387,0.015575576295979636,0.015590951459453032
2018-09-20,0.017444593038280387,0.015581864062900758,0.015411747112345763
2018-09-21,0.017444593038280387,0.01558862569386396,0.015624588847535273
2018-09-24,0.017444593038280387,0.015591097513569335,0.016046752670574187
2018-09-25,0.017444593038280387,0.015630199616992375,0.015773394165846298
2018-09-26,0.017444593038280387,0.015610655124623472,0.01568621823763678
2018-09-27,0.017444593038280387,0.01560492627578594,0.015791145781892946
2018-09-28,0.017444593038280387,0.015600722929020601,0.015846118475154068
2018-10-01,0.017444593038280387,0.015592245229646428,0.015875250775829543
2018-10-02,0.017444593038280387,0.015608029310717518,0.01565199299640163
2018-10-03,0.017444593038280387,0.015516785035559165,0.01575168436564663
2018-10-04,0.017444593038280387,0.015524368717266685,0.015276393457555732
2018-10-05,0.017444593038280387,0.015528038278642032,0.015390377396225905
2018-10-08,0.017444593038280387,0.01561718912815695,0.015374433422984838
2018-10-09,0.017444593038280387,0.015798608308496415,0.01597936073682269
2018-10-10,0.017444593038280387,0.015794553327631085,0.01588644329619453
2018-10-11,0.017912505353771396,0.01603530624254013,0.015539276641464598
2018-10-12,0.02101579583072748,0.016751030971865883,0.016452813059290094
2018-10-15,0.02101579583072748,0.01682506646540324,0.01662944789686108
2018-10-16,0.02101579583072748,0.016963330111583238,0.016983822516134492
2018-10-17,0.02101579583072748,0.017017885980951025,0.01729692226619547
2018-10-18,0.02101579583072748,0.016999427951184955,0.01669874107661321
2018-10-19,0.02101579583072748,0.017110812941174284,0.017289382780966568
2018-10-22,0.02101579583072748,0.01712999940027324,0.01689461799905952
2018-10-23,0.02101579583072748,0.017169283163951204,0.017403002542297628
2018-10-24,0.02101579583072748,0.017267064619968263,0.017482162750680087
2018-10-25,0.022364839827766166,0.01764906929963054,0.0169019426215366
2018-10-26,0.022364839827766166,0.01763986091217375,0.01755613768228902
2018-10-29,0.022364839827766166,0.017793696585390116,0.01793166774178669
2018-10-30,0.022364839827766166,0.018023155051800646,0.017719297540038953
2018-10-31,0.022364839827766166,0.018074874395207136,0.018289118160182548
2018-11-01,0.022364839827766166,0.018165085206032678,0.01841629778460508
2018-11-02,0.022364839827766166,0.018106651213108203,0.018340583208094608
2018-11-05,0.022364839827766166,0.018106238789054766,0.018265310774357703
2018-11-06,0.022364839827766166,0.01809512929799239,0.017952071428179145
2018-11-07,0.022364839827766166,0.01809754342182418,0.018200410801439224
2018-11-08,0.022364839827766166,0.01810781862758292,0.018164623108569134
2018-11-09,0.022364839827766166,0.018103634451376853,0.01847873547292289
2018-11-12,0.022364839827766166,0.018178289335372088,0.018875027881046884
2018-11-13,0.022364839827766166,0.01825601751782359,0.017894577865620084
2018-11-14,0.022364839827766166,0.01824967650332773,0.018511144654295174
2018-11-15,0.022364839827766166,0.018306026202981756,0.018599046322506845
2018-11-16,0.022364839827766166,0.01830125370131908,0.017802907004287744
2018-11-19,0.022364839827766166,0.01829815842805946,0.018381713440775164
2018-11-20,0.022364839827766166,0.01838424596155552,0.017980257239097658
2018-11-21,0.022364839827766166,0.018366981490339437,0.017792090035034704
2018-11-23,0.022364839827766166,0.01836574563725579,0.01789014294257899
2018-11-26,0.022364839827766166,0.01840937256967803,0.0182836100802729
2018-11-27,0.022364839827766166,0.018385905430730955,0.01844290062357921
2018-11-28,0.022364839827766166,0.01839183319649978,0.018706096003579017
2018-11-29,0.022364839827766166,0.01843409272110313,0.018154467283633773
2018-11-30,0.022364839827766166,0.0184413273133794,0.018388062130987183
2018-12-03,0.022364839827766166,0.018434083172330057,0.01854133784134796
2018-12-04,0.022364839827766166,0.01845895215916682,0.018573028724453673
2018-12-06,0.022364839827766166,0.01853516415169005,0.01903286681826593
2018-12-07,0.022364839827766166,0.01855831112700175,0.01863728078827782
2018-12-10,0.022364839827766166,0.018641638065983825,0.018411706880908544
2018-12-11,0.022364839827766166,0.018655489281688097,0.018809817409857477
2018-12-12,0.022364839827766166,0.01866940267865614,0.018588082843379265
2018-12-13,0.022364839827766166,0.018663172979001715,0.019205987089188952
2018-12-14,0.022364839827766166,0.018674884710480684,0.018561593856919665
2018-12-17,0.022364839827766166,0.018824754748184087,0.01929490835902549
2018-12-18,0.022364839827766166,0.01901042236111443,0.01911236614061098
2018-12-19,0.022364839827766166,0.018998984980328478,0.019272224739410874
2018-12-20,0.022364839827766166,0.019088656723020812,0.019076044033234266
2018-12-21,0.022364839827766166,0.019157742397664452,0.018734872144161516
2018-12-24,0.022364839827766166,0.01923041437139045,0.01928046533631143
2018-12-26,0.022364839827766166,0.019405956849426042,0.01975748998057108
2018-12-27,0.022364839827766166,0.01938979082899924,0.019184002919415043
2018-12-28,0.022364839827766166,0.019386654003429375,0.019421991774497036
2019-01-02,0.022364839827766166,0.019437217166580194,0.01917954536246285
2019-01-03,0.022364839827766166,0.019409989452858867,0.01910642663878912
2019-01-04,0.022364839827766166,0.019605481997757673,0.019636811843296312
2019-01-07,0.022364839827766166,0.019671262248257576,0.01970094024782326
2019-01-08,0.022364839827766166,0.019660149577306774,0.019607439350686144
2019-01-09,0.022364839827766166,0.019658971255091078,0.01953920991548122
2019-01-10,0.022364839827766166,0.019660085682045615,0.01992441055863463
2019-01-11,0.022364839827766166,0.0196576514973959,0.01959299024852137
2019-01-14,0.022364839827766166,0.019660144966974866,0.0196451164099071
2019-01-15,0.022364839827766166,0.01967849319690644,0.019745901000126395
2019-01-16,0.022364839827766166,0.01967340760586333,0.01972919787105314
2019-01-17,0.022364839827766166,0.01967680193450894,0.019477322525714928
2019-01-18,0.022364839827766166,0.019680078886656214,0.019881092446672015
2019-01-22,0.022364839827766166,0.019676466257514333,0.019863500669717225
2019-01-23,0.022364839827766166,0.019712614407436636,0.01922625051201117
2019-01-24,0.022364839827766166,0.019715874548339233,0.019819792430817794
2019-01-25,0.022364839827766166,0.019721120702089104,0.019810276508127677
2019-01-28,0.022364839827766166,0.019718316581054624,0.019492407908288566
2019-01-29,0.022364839827766166,0.01983144811029627,0.02001859365578901
2019-01-30,0.022364839827766166,0.01984842606263431,0.019752815553405148
2019-01-31,0.022364839827766166,0.019805931012657395,0.019670308519486437
2019-02-01,0.022364839827766166,0.019809978733454983,0.019943713107441332
2019-02-11,0.022364839827766166,0.019810646185958423,0.019592926466167688
2019-02-12,0.022364839827766166,0.019720970397601355,0.019615834032030946
2019-02-13,0.022364839827766166,0.01980471614874721,0.019616962447738768
2019-02-14,0.022364839827766166,0.019790096310741905,0.019471939802045504
2019-02-15,0.022364839827766166,0.019744920094147005,0.019333332245552413
2019-02-19,0.022364839827766166,0.01970806912947755,0.01964143351342544
2019-02-20,0.022364839827766166,0.019702104908958417,0.019968529361284012
2019-02-21,0.022364839827766166,0.019665212830242997,0.01962078635367305
2019-02-22,0.022364839827766166,0.01959880613502662,0.019362630378326307
2019-02-25,0.021540070945735453,0.01850190808612011,0.01837642800154313
2019-02-26,0.021540070945735453,0.01845235079466347,0.018598815639677805
2019-02-27,0.021540070945735453,0.01843521824032049,0.01846758408729316
2019-02-28,0.020266343649497424,0.017996372302534137,0.01787987270573225
2019-03-01,0.020266343649497424,0.018130579537405916,0.01819998666272901
2019-03-04,0.020266343649497424,0.017962397749757705,0.017889316005966983
2019-03-05,0.020266343649497424,0.017950497689358854,0.018289648036988963
2019-03-06,0.020266343649497424,0.01786307067225155,0.01764795485018153
2019-03-07,0.020266343649497424,0.017847249448213105,0.017605573379492603
2019-03-08,0.020266343649497424,0.017766744556684297,0.017851342673605636
2019-03-11,0.020266343649497424,0.017788650808054203,0.017819139403835015
2019-03-12,0.020266343649497424,0.01777365610114774,0.01786993025266661
2019-03-13,0.020266343649497424,0.017838954127128357,0.017537468345044466
2019-03-14,0.020266343649497424,0.017739150639528325,0.017773403324787003
2019-03-15,0.020266343649497424,0.0177427340151276,0.017838376623513716
2019-03-18,0.020266343649497424,0.0176964501227169,0.01758913238339398
2019-03-19,0.020266343649497424,0.017661230564959232,0.017707919583264134
2019-03-20,0.020266343649497424,0.017654139624160754,0.018037546092567025
2019-03-21,0.020266343649497424,0.0176791687678453,0.017531195422292412
2019-03-22,0.020266343649497424,0.017710687823471308,0.017708138826292817
2019-03-25,0.020266343649497424,0.01775223568571742,0.017674204654192508
2019-03-26,0.020266343649497424,0.017972254698899893,0.01755839726415863
2019-03-27,0.020266343649497424,0.017986853182970195,0.017764300174333066
2019-03-28,0.020266343649497424,0.017983958827580256,0.01776715872429038
2019-03-29,0.020266343649497424,0.017983195639030745,0.017488157615927154
2019-04-01,0.020266343649497424,0.017955196105665483,0.017665148932702303
2019-04-02,0.020266343649497424,0.017963298397857024,0.017875985595227285
2019-04-03,0.020266343649497424,0.017977288934141467,0.017995710824577148
2019-04-04,0.020266343649497424,0.017875583547879655,0.018362098080583363
2019-04-05,0.020266343649497424,0.017657801122321397,0.018032654133901968
2019-04-08,0.020266343649497424,0.017541772933952548,0.017499718153936594
2019-04-09,0.020266343649497424,0.017473800358303815,0.017604265459585235
2019-04-10,0.020266343649497424,0.01752416131428149,0.01742703632995452
2019-04-11,0.020266343649497424,0.01754008324367541,0.017642535763085134
2019-04-12,0.020266343649497424,0.017504939834602374,0.01758160632035611
2019-04-16,0.020266343649497424,0.017499649282915038,0.017564385545214844
2019-04-17,0.020266343649497424,0.017525080544332553,0.017558000734062718
2019-04-18,0.020266343649497424,0.01755341410272789,0.01750328488789358
2019-04-22,0.020266343649497424,0.017516185786832193,0.017572212778547834
2019-04-23,0.020266343649497424,0.017516904104406136,0.017350894461466277
2019-04-24,0.020266343649497424,0.01750661378665072,0.017457313677639075
2019-04-25,0.020266343649497424,0.01746122394096135,0.017142032178353216
2019-04-26,0.020266343649497424,0.017474894744703318,0.017643751011809976
2019-05-02,0.020266343649497424,0.017403647531844302,0.01816085994304194
2019-05-03,0.020266343649497424,0.017421198690870072,0.017378202785537863
2019-05-06,0.020266343649497424,0.017419444713069603,0.01735479757395549
2019-05-07,0.020266343649497424,0.01747532037760883,0.01749484585840998
2019-05-08,0.01993892532323742,0.01721993315095454,0.016988037765728572
2019-05-09,0.01993892532323742,0.01724622034010422,0.017297774313623903
2019-05-10,0.018976926204554396,0.016831128182232608,0.016795556665192075
2019-05-13,0.018976926204554396,0.016829053740225076,0.01683623242379517
2019-05-14,0.018976926204554396,0.016820682738864542,0.017046359346497873
2019-05-15,0.018976926204554396,0.01682349474198199,0.01682049983555216
2019-05-16,0.018333958266896183,0.016515657457815202,0.015944136613476406
2019-05-17,0.018333958266896183,0.01651492831224532,0.01664829794985033
2019-05-20,0.018333958266896183,0.01653761213950523,0.016407981471001802
2019-05-21,0.018333958266896183,0.016512117467797512,0.01686059702625419
2019-05-23,0.018333958266896183,0.016510797165826853,0.016410056096159694
2019-05-24,0.018333958266896183,0.016705764052991175,0.016638471217625395
2019-05-28,0.018333958266896183,0.016633091416334216,0.0164946145252536
2019-05-29,0.018333958266896183,0.01665712258393206,0.016289396454909254
2019-05-30,0.018333958266896183,0.016731459585258804,0.01696276108220262
2019-05-31,0.018333958266896183,0.016729200478673736,0.016659108540588503
2019-06-03,0.018333958266896183,0.01678356124828829,0.01685272781460369
2019-06-04,0.018357504851625264,0.016888567205204204,0.01715848350869061
2019-06-05,0.018357504851625264,0.01703213202819022,0.017297648281723168
2019-06-06,0.018357504851625264,0.016849236808697887,0.016587288558988975
2019-06-07,0.018357504851625264,0.01676708307695449,0.016928387813778197
2019-06-10,0.018357504851625264,0.01678223858962647,0.016507104367045694
2019-06-11,0.018357504851625264,0.016760328313779365,0.016942763063999045
2019-06-12,0.018357504851625264,0.016645017840659485,0.016723192362630538
2019-06-13,0.018357504851625264,0.01657531507544832,0.016593900498999673
2019-06-14,0.018357504851625264,0.016589586910232573,0.01663975997600614
2019-06-17,0.018357504851625264,0.0165870837885953,0.016504568846917575
2019-06-18,0.018357504851625264,0.016607127921271628,0.016635399999944022
2019-06-19,0.018357504851625264,0.01661429337662365,0.01657827696375034
2019-06-20,0.018357504851625264,0.016614246233874103,0.016372595639369263
2019-06-21,0.018357504851625264,0.016566747943609874,0.01663336831271889
2019-06-24,0.018357504851625264,0.016574062517486374,0.016735622532489874
2019-06-25,0.018357504851625264,0.016636070603371887,0.01658647232150152
2019-06-26,0.018357504851625264,0.016563845449770694,0.016363108738619174
2019-06-27,0.018357504851625264,0.0165720413251851,0.016922253644517216
2019-06-28,0.018357504851625264,0.016625707335713936,0.016913228753125894
2019-07-01,0.018357504851625264,0.016578831333884183,0.016539820528261636
2019-07-02,0.018357504851625264,0.01659592610240636,0.016604939778746015
2019-07-03,0.018357504851625264,0.016465401646213428,0.016321718602249034
2019-07-05,0.018357504851625264,0.016304172577337874,0.016231956095776136
2019-07-08,0.018357504851625264,0.0163240193416413,0.016383546154449147
2019-07-09,0.018357504851625264,0.016306746495607472,0.01656646555509165
2019-07-10,0.018357504851625264,0.01630293941938337,0.01623263887707424
2019-07-11,0.018357504851625264,0.016275366981215695,0.016538395169812533
2019-07-12,0.018357504851625264,0.01625509740889777,0.01612344821167676
2019-07-15,0.018357504851625264,0.01614799329138383,0.016138014312987538
2019-07-16,0.018357504851625264,0.016140672134365333,0.016116229687766884
2019-07-17,0.018357504851625264,0.01614035575425783,0.01611496359934885
2019-07-18,0.018357504851625264,0.016122608478183698,0.01627316274460939
2019-07-19,0.01782402578792902,0.01573225662952477,0.015608552586216908
2019-07-22,0.01782402578792902,0.015738495768260304,0.015427699269101302
2019-07-23,0.01782402578792902,0.01573405171045957,0.015508500483029828
2019-07-24,0.01782402578792902,0.01572254992945758,0.016041405669710337
2019-07-25,0.01782402578792902,0.0157199660091138,0.015827114066885105
2019-07-26,0.01782402578792902,0.01557034306457305,0.01535107676729696
2019-07-29,0.01782402578792902,0.015567507645944854,0.01577570735698923
2019-07-30,0.01782402578792902,0.015569123048007854,0.015501325953527208
2019-07-31,0.01782402578792902,0.015619992597636332,0.015411737611749353
2019-08-01,0.01782402578792902,0.01563929188791376,0.01575335625156935
2019-08-02,0.01782402578792902,0.01562641126423772,0.015560670997820474
2019-08-05,0.01782402578792902,0.01567332928819963,0.015957558324387514
2019-08-06,0.018357504851625264,0.01601441584142599,0.01566353018604769
2019-08-07,0.018357504851625264,0.015950924557448294,0.015463668190296143
2019-08-08,0.018357504851625264,0.015933912347501907,0.015745702070947384
2019-08-09,0.018357504851625264,0.015979158723724404,0.015990532074483064
2019-08-12,0.018357504851625264,0.015997798945419188,0.016049814249858626
2019-08-13,0.018357504851625264,0.01602935234653175,0.015926503406386523
2019-08-14,0.018357504851625264,0.01602920403485367,0.015945621446500084
2019-08-15,0.018357504851625264,0.01618292596046776,0.015920602979373852
2019-08-16,0.018357504851625264,0.016168796705058806,0.015928937598288038
2019-08-19,0.018357504851625264,0.01617284991549805,0.01608341683881089
2019-08-20,0.018357504851625264,0.016174755156551087,0.015844304048322197
2019-08-21,0.018357504851625264,0.01619296699274671,0.016108435031904844
2019-08-22,0.018357504851625264,0.016193038776358946,0.01613297607679889
2019-08-23,0.018357504851625264,0.01619765448490168,0.016229847155922104
2019-08-26,0.018357504851625264,0.016361690302062786,0.016156930393959365
2019-08-27,0.018357504851625264,0.01653590765757606,0.016483195882811684
2019-08-28,0.018357504851625264,0.016560129049987146,0.01683473683044617
2019-08-29,0.018357504851625264,0.016560424930126355,0.01658519383171194
2019-08-30,0.018357504851625264,0.016430807673710007,0.016226923724123713
2019-09-03,0.018357504851625264,0.01643108454927318,0.016199217337853247
2019-09-04,0.018357504851625264,0.016479736614818337,0.016304416155828446
2019-09-05,0.018357504851625264,0.016475081713723028,0.01681021808648092
2019-09-06,0.018357504851625264,0.016475779209522673,0.016647263047688692
2019-09-09,0.018357504851625264,0.016484221454290505,0.016406469985319045
2019-09-10,0.018357504851625264,0.016616351202863776,0.016576970415376854
2019-09-11,0.018357504851625264,0.016635257843823047,0.016612652595097418
2019-09-12,0.018357504851625264,0.016618157775607597,0.016731666173897562
2019-09-13,0.018357504851625264,0.016602717717618606,0.016873965039817532
2019-09-16,0.018357504851625264,0.01659154353924784,0.016632019030990125
2019-09-17,0.018357504851625264,0.01660030412762115,0.016604145705543315
2019-09-18,0.018357504851625264,0.01656824201895093,0.017213874628562352
2019-09-19,0.018357504851625264,0.01650958234364173,0.016812553271175083
2019-09-20,0.018357504851625264,0.016475067117008024,0.016562836992340374
2019-09-23,0.018357504851625264,0.01645926221580074,0.01618427055656674
2019-09-24,0.018357504851625264,0.016475455660001977,0.01674214171278726
2019-09-25,0.018357504851625264,0.01650492190552384,0.01655698191499077
2019-09-26,0.018357504851625264,0.016496876101400992,0.016323406059969955
2019-09-27,0.018357504851625264,0.01649772400207431,0.016183650914737842
2019-09-30,0.018357504851625264,0.01650246193863586,0.016375960676608518
2019-10-01,0.018357504851625264,0.01655111416432047,0.01656422651422059
2019-10-02,0.018357504851625264,0.016508340416150485,0.016053720744803025
2019-10-03,0.018976926204554396,0.016848023368857778,0.016776663682868884
2019-10-04,0.018976926204554396,0.016844273584721983,0.016824585542056122
2019-10-07,0.018976926204554396,0.016880660592139014,0.01678493020017771
2019-10-08,0.018976926204554396,0.016993185259596803,0.017061099247613832
2019-10-09,0.018976926204554396,0.016960933530776538,0.01695573546127218
2019-10-10,0.018976926204554396,0.016952580394946383,0.017384539501053557
2019-10-11,0.018976926204554396,0.01695338755662286,0.016981597257667045
2019-10-14,0.018976926204554396,0.016958430529879925,0.016838769311264528
2019-10-15,0.018976926204554396,0.017019331611527567,0.016941531523614946
2019-10-16,0.018976926204554396,0.017038222749228796,0.017411723820578224
2019-10-17,0.018976926204554396,0.01704704199403788,0.016817194428241616
2019-10-18,0.018976926204554396,0.01705502749113405,0.01677363108554983
2019-10-21,0.018976926204554396,0.017055463269311844,0.017021624131211967
2019-10-22,0.018976926204554396,0.01696560641841785,0.01670316546953568
2019-10-23,0.018976926204554396,0.016802242569493708,0.0170057480865527
2019-10-24,0.018976926204554396,0.01679940949100721,0.016687264902478956
2019-10-25,0.018976926204554396,0.016573163296006544,0.01677894441706526
2019-10-28,0.018357504851625264,0.015830460593492256,0.015579970068181402
2019-10-29,0.018357504851625264,0.01572151548580704,0.01599760265131025
2019-10-30,0.018357504851625264,0.015594886076388736,0.01557298290553559
2019-10-31,0.018357504851625264,0.015523199023039974,0.015639233524271316
2019-11-01,0.018357504851625264,0.015546175320215037,0.015081095939491062
2019-11-04,0.018357504851625264,0.015464016798126435,0.015591846524401291
2019-11-05,0.018357504851625264,0.015439030763989486,0.01528073252402524
2019-11-06,0.018357504851625264,0.015406372321192843,0.015265849436837401
2019-11-07,0.018357504851625264,0.01531065744391777,0.015018403513787972
2019-11-08,0.017477489110198637,0.014892286326310957,0.015082421800206783
2019-11-11,0.017477489110198637,0.014898260606149401,0.014566441127669081
2019-11-12,0.017477489110198637,0.014762076078010722,0.014922205440405444
2019-11-13,0.016198492099170073,0.01448314295245074,0.014431346659375613
2019-11-14,0.016198492099170073,0.01443163471889457,0.014596694694325769
2019-11-15,0.016198492099170073,0.014314096620348072,0.014585885146662704
2019-11-18,0.016198492099170073,0.01431107485393887,0.014437408192327042
2019-11-19,0.016198492099170073,0.014448592150109327,0.014277015391575776
2019-11-20,0.016198492099170073,0.014472850099895304,0.014481442956533988
2019-11-21,0.016198492099170073,0.014519693067586423,0.014303140702015445
2019-11-22,0.016198492099170073,0.014567359236974194,0.014733885099295987
2019-11-25,0.016198492099170073,0.014597438909348935,0.015111780302854882
2019-11-26,0.016198492099170073,0.014474345227908298,0.014532434145377086
2019-11-27,0.016198492099170073,0.014394623845018493,0.01408423986658012
2019-11-29,0.016198492099170073,0.014339519788626564,0.014353666645940987
2019-12-02,0.016198492099170073,0.014321135163644154,0.014401159827348143
2019-12-03,0.017477489110198637,0.014618990663963308,0.014299082508666938
2019-12-04,0.017477489110198637,0.014616086404854178,0.014807936206004768
2019-12-05,0.017477489110198637,0.01453370182493476,0.014411331916281639
2019-12-06,0.017477489110198637,0.014550024577616397,0.014474107580216828
2019-12-09,0.017477489110198637,0.014550057606370945,0.014645658308390408
2019-12-10,0.017477489110198637,0.014511966095169035,0.014914010770813427
2019-12-11,0.017477489110198637,0.014542774773852097,0.014105877406970538
2019-12-12,0.017477489110198637,0.014533870198598033,0.014602932235938556
2019-12-13,0.017477489110198637,0.014475941355130487,0.014905998208685994
2019-12-16,0.017477489110198637,0.014461600191109373,0.014737847570246532
2019-12-17,0.017477489110198637,0.014466530286524068,0.014613086077113185
2019-12-18,0.017477489110198637,0.0144498137502784,0.014407464052032163
2019-12-19,0.017477489110198637,0.014384384680886379,0.014127118063581428
2019-12-20,0.017477489110198637,0.014360008845159285,0.014382624836036745
2019-12-23,0.017477489110198637,0.014265706627756171,0.014470753881238353
2019-12-24,0.017477489110198637,0.014254242237979078,0.014364308360886074
2019-12-26,0.017477489110198637,0.014251052067235,0.014386713104296102
2019-12-27,0.017477489110198637,0.01425065319285699,0.014680875578778493
2019-12-30,0.017477489110198637,0.014239546879362325,0.014159453218375934
2019-12-31,0.017477489110198637,0.014081269698386648,0.014463373133082094
2020-01-02,0.016198492099170073,0.01377220464309881,0.013861396137851477
2020-01-03,0.016198492099170073,0.01375030604255058,0.013572988367436131
2020-01-06,0.016198492099170073,0.013646068186129054,0.013620005606373614
2020-01-07,0.016198492099170073,0.013584963271955701,0.013941827568285834
2020-01-08,0.016198492099170073,0.013413132089463662,0.013528188764854317
2020-01-09,0.016099632733100906,0.013208949187390202,0.0133235687232279
2020-01-10,0.016099632733100906,0.01316157950414204,0.01314886187907938
2020-01-13,0.016099632733100906,0.013148576048646537,0.012835773819162222
2020-01-14,0.016099632733100906,0.013153474608406983,0.013211160500417516
2020-01-15,0.016099632733100906,0.013164583659154891,0.013374135802677227
2020-01-16,0.015703358332985952,0.012833425972124845,0.01274295969607082
2020-01-17,0.015703358332985952,0.01272613887121826,0.012790561795569144
2020-01-21,0.015703358332985952,0.012715979735453499,0.012950032489709919
2020-01-22,0.015703358332985952,0.01271754281444023,0.012826669282023386
2020-01-30,0.015703358332985952,0.01271287816243242,0.012442826625824323
2020-01-31,0.016099632733100906,0.013104798718835844,0.013175084933441534
2020-02-03,0.017477489110198637,0.01345006037920555,0.013387203739239467
2020-02-04,0.017477489110198637,0.013435017415166504,0.013596100333710785
2020-02-05,0.017477489110198637,0.013426012705420945,0.013440291415644989
2020-02-06,0.017477489110198637,0.013419476130376022,0.012992061637242083
2020-02-07,0.017477489110198637,0.013420065948333136,0.013429419798273069
2020-02-10,0.017477489110198637,0.013434230016623834,0.01302545318113595
2020-02-11,0.017477489110198637,0.013409093129343888,0.013670969004195989
2020-02-12,0.017477489110198637,0.013407098614907891,0.013556351860662268
2020-02-13,0.017477489110198637,0.013402169516776077,0.013204397638938915
2020-02-14,0.017477489110198637,0.013414293446227413,0.013099027716059222
2020-02-18,0.017477489110198637,0.01327385149348118,0.012668136793687453
2020-02-19,0.017477489110198637,0.013308768922312041,0.013178558914128747
2020-02-20,0.017477489110198637,0.013302630186246191,0.013013921822515638
2020-02-21,0.017477489110198637,0.013299258865369309,0.013155402919049696
2020-02-24,0.017477489110198637,0.013368946263569943,0.01330382630598211
2020-02-25,0.018357504851625264,0.014127049018161943,0.013949040437995124
2020-02-26,0.018357504851625264,0.014126228698314832,0.013990962966797372
2020-02-27,0.018357504851625264,0.014220820555087249,0.013972336112788688
2020-02-28,0.019457076125282996,0.014551312698527689,0.014990547424160342
2020-03-02,0.019457076125282996,0.01470449929862329,0.014619032498608657
2020-03-03,0.019457076125282996,0.014900512853210814,0.014903513194221833
2020-03-04,0.019457076125282996,0.015011340198860256,0.014761553220686638
2020-03-05,0.019457076125282996,0.015138553643535281,0.015088548665370858
2020-03-06,0.019457076125282996,0.015333809163900496,0.01574553626415011
2020-03-09,0.019457076125282996,0.015393042309456715,0.01565136500633851
2020-03-10,0.020563058013917817,0.018088055098317936,0.017975954407364894
2020-03-11,0.020563058013917817,0.018274674529963193,0.01826348599381837
2020-03-12,0.02103339175496464,0.018994375071803474,0.019088987335385825
2020-03-13,0.021881206440039304,0.021556750807570673,0.021410210183125788
2020-03-16,0.021881206440039304,0.021996722451025078,0.022220391847107727
2020-03-17,0.02269795439809223,0.024091436915591142,0.024227724218259767
2020-03-18,0.02269795439809223,0.024239978876413586,0.024079282237332224
2020-03-19,0.023942181262818097,0.024500361761576262,0.024919807961971324
2020-03-20,0.023942181262818097,0.024564250613611747,0.024300213546162373
2020-03-23,0.02443772039317818,0.025032330417042867,0.0253561751635445
2020-03-24,0.03127565514283337,0.02581302113611158,0.02555597975219547
2020-03-25,0.03127565514283337,0.026173030081850783,0.026211708185116034
2020-03-26,0.03127565514283337,0.02633435103302798,0.025381282269036513
2020-03-27,0.03127565514283337,0.02655200922841101,0.02690787942887528
2020-03-30,0.03127565514283337,0.02669136731894782,0.027384797586492822
2020-03-31,0.03127565514283337,0.026780241764085604,0.026828612737678025
2020-04-01,0.03127565514283337,0.026754339944524547,0.026778857364736983
2020-04-03,0.03127565514283337,0.026788578285604252,0.02669876158741458
2020-04-06,0.03127565514283337,0.0268011855967587,0.027484497687556116
2020-04-07,0.03127565514283337,0.027420076648128233,0.027588739252411433
2020-04-08,0.03127565514283337,0.027410998275889567,0.027428620999458454
2020-04-09,0.03127565514283337,0.027438350071232707,0.028173716190272757
2020-04-13,0.03127565514283337,0.027460629379063146,0.02711789828362674
2020-04-14,0.03127565514283337,0.02747368821972606,0.027117092993857367
2020-04-15,0.03127565514283337,0.02749718306366486,0.027081468409792312
2020-04-16,0.03127565514283337,0.02754508394793943,0.027277894200544228
2020-04-17,0.03127565514283337,0.02753508444566418,0.027326068897301166
2020-04-20,0.03127565514283337,0.027573127974127497,0.027232743175284246
2020-04-21,0.03127565514283337,0.02771156703081428,0.027253967139880653
2020-04-22,0.03127565514283337,0.027965409002706162,0.028441551730438403
2020-04-23,0.03127565514283337,0.027919850774249362,0.027769041613899786
2020-04-24,0.03127565514283337,0.027904711889303654,0.02793846010319035
2020-04-27,0.03127565514283337,0.02790017128439045,0.02803283210207886
2020-04-28,0.03127565514283337,0.027896228996179346,0.027042919444628246
2020-04-29,0.03127565514283337,0.027903845897192036,0.02760656992951477
2020-05-04,0.03127565514283337,0.027890735944717943,0.02773851212850693
2020-05-05,0.03127565514283337,0.028072432289444307,0.027752567716892714
2020-05-06,0.03127565514283337,0.028068231527374577,0.02814266485607966
2020-05-07,0.03127565514283337,0.028051569910253572,0.02785675164379834
2020-05-08,0.03127565514283337,0.028065059421755908,0.02787477465388616
2020-05-11,0.03127565514283337,0.028087035090936477,0.028162095869938657
2020-05-13,0.03127565514283337,0.02808663559245163,0.028128930276724737
2020-05-15,0.03127565514283337,0.0282174125330414,0.02878842648248058
2020-05-18,0.03127565514283337,0.02821522799995622,0.028435008640403745
2020-05-19,0.03127565514283337,0.02813770839766142,0.028115152305689985
2020-05-20,0.03127565514283337,0.028076807571271886,0.027615570430709672
2020-05-21,0.03127565514283337,0.02804824711386619,0.027827512616318287
2020-05-26,0.03127565514283337,0.028028570133644026,0.028087032605328747
2020-05-28,0.03127565514283337,0.02802798992876173,0.02773655163351658
2020-06-01,0.03127565514283337,0.027946789981004697,0.027854518229900774
2020-06-02,0.03127565514283337,0.027950101961193515,0.02819848589502831
2020-06-03,0.03127565514283337,0.02794885670807397,0.027898859723268797
2020-06-04,0.03127565514283337,0.02794476658237823,0.02798969941078303
2020-06-05,0.03127565514283337,0.02793149701492395,0.02823934536043267
2020-06-08,0.03127565514283337,0.027941949752973292,0.02706376640833909
2020-06-09,0.03127565514283337,0.027950392500351046,0.02819366921179424
2020-06-10,0.03127565514283337,0.027834267291110843,0.02832309892494734
2020-06-11,0.03127565514283337,0.027848228369952627,0.027584027836359114
2020-06-12,0.03340797814277418,0.028577453544550192,0.028435963620107557
2020-06-15,0.03340797814277418,0.02851258232642733,0.028269141558193656
2020-06-16,0.03340797814277418,0.028636943026125357,0.029151174142572227
2020-06-17,0.03340797814277418,0.028613364342433008,0.028917147450773787
2020-06-18,0.03340797814277418,0.028468920903129528,0.02860797927070822
2020-06-19,0.03340797814277418,0.028423185357612152,0.02792421654564429
2020-06-22,0.03340797814277418,0.028422250620583716,0.028624190327528574
2020-06-23,0.03340797814277418,0.028415139502020154,0.027801228830944158
2020-06-24,0.03340797814277418,0.028425890650760757,0.027969880036801828
2020-06-25,0.03340797814277418,0.028597630224613646,0.0284401392299793
2020-06-26,0.03340797814277418,0.028584041877572783,0.02804829265496949
2020-06-29,0.03340797814277418,0.02866237717912608,0.02878774764468302
2020-06-30,0.03340797814277418,0.0287011351406543,0.02841784650157782
2020-07-01,0.03340797814277418,0.02869100601671411,0.028435995705160824
2020-07-02,0.03340797814277418,0.028634485867623745,0.02794908840778473
2020-07-06,0.03340797814277418,0.028642244867574943,0.028689039648590372
2020-07-07,0.03340797814277418,0.028667386222889533,0.029012609792960505
2020-07-08,0.03340797814277418,0.028701219193148716,0.028803038040032022
2020-07-09,0.03340797814277418,0.02868365455460237,0.028654441496558845
2020-07-10,0.03340797814277418,0.028628565679262512,0.02848308247452376
2020-07-13,0.03340797814277418,0.028627374767499235,0.028293842107989835
2020-07-14,0.03340797814277418,0.028698793538827407,0.029144599383832192
2020-07-15,0.03340797814277418,0.02864663376322178,0.02892933007631888
2020-07-21,0.03340797814277418,0.028648500523579184,0.029103387811221692
2020-07-22,0.03340797814277418,0.028666674954952644,0.028860504098798492
2020-07-23,0.03340797814277418,0.028635005911292397,0.029010029291014122
2020-07-24,0.03340797814277418,0.02866590967426439,0.02878798293546029
2020-07-27,0.03340797814277418,0.028849591829239407,0.029108408397499085
2020-07-28,0.03340797814277418,0.029049272665447008,0.028884167756996162
2020-07-29,0.03340797814277418,0.02905605912950515,0.028581342934887056
2020-07-30,0.03340797814277418,0.029131179917801196,0.02870739478488076
2020-07-31,0.03340797814277418,0.02912805319735524,0.028845074736551974
2020-08-03,0.03340797814277418,0.029123490809413448,0.03022755945557985
2020-08-04,0.03340797814277418,0.029113894843434553,0.030219755343980463
2020-08-05,0.03340797814277418,0.02910888970355577,0.028819221440620234
2020-08-06,0.03340797814277418,0.029081014292586787,0.028577618815040555
2020-08-07,0.03340797814277418,0.02906201840657723,0.028898296934069798
2020-08-10,0.03340797814277418,0.029059315672479623,0.02844797692518636
2020-08-11,0.03340797814277418,0.0290510155666073,0.028979065470931424
2020-08-12,0.03340797814277418,0.02904985816328855,0.02887095706629291
2020-08-13,0.03340797814277418,0.02904130628599006,0.028826087653865264
2020-08-14,0.03340797814277418,0.02903265386829147,0.02914609831140961
2020-08-17,0.03340797814277418,0.02905410370294636,0.028843211565818403
2020-08-18,0.03340797814277418,0.029055807987723378,0.0288440531066752
2020-08-19,0.03340797814277418,0.02902219824558181,0.02936116552553507
2020-08-26,0.03340797814277418,0.02900405643942777,0.029244173298443657
2020-08-27,0.03340797814277418,0.02908139867601613,0.028669628530627683
2020-08-28,0.03340797814277418,0.029035660001325264,0.029682095165200317
2020-08-31,0.03340797814277418,0.028765770525420287,0.02863082892978214
2020-09-01,0.03340797814277418,0.02877143724996696,0.028512995986645542
2020-09-03,0.03340797814277418,0.028760355062689025,0.028795992292712493
2020-09-04,0.03340797814277418,0.028782670865115184,0.02836936521877874
2020-09-08,0.03340797814277418,0.028793453106945973,0.028091415827308692
2020-09-09,0.03340797814277418,0.028957162367813476,0.029368647013676016
2020-09-10,0.03340797814277418,0.028952276611002133,0.029386473486596433
2020-09-11,0.03340797814277418,0.028905329403431556,0.029198757551406735
2020-09-16,0.03340797814277418,0.02892162053507828,0.02841630029655888
2020-09-17,0.03340797814277418,0.02892652782911212,0.028968623949485142
2020-09-21,0.03340797814277418,0.0289633358850613,0.028211961193837662
2020-09-22,0.03340797814277418,0.028983815938986003,0.029666618546026466
2020-09-23,0.03340797814277418,0.028986487083050422,0.02925417126742632
2020-09-24,0.03340797814277418,0.02904475901325333,0.02900081456198638
2020-09-25,0.03340797814277418,0.028919760941743568,0.028411616880598897
2020-09-29,0.03340797814277418,0.028774145199317494,0.027921835094181686
2020-09-30,0.03340797814277418,0.02877346310737612,0.02831968429996065
2020-10-01,0.03340797814277418,0.028772210315274282,0.02863438535491065
2020-10-02,0.03340797814277418,0.02877211991468539,0.029351313286384455
2020-10-05,0.03340797814277418,0.028823357419511537,0.02847346992157866
2020-10-06,0.03340797814277418,0.02877887206151956,0.029272560113959557
2020-10-07,0.03340797814277418,0.02882776262880732,0.028098652436874424
2020-10-08,0.03340797814277418,0.028829813311017503,0.029115418232841816
2020-10-09,0.03340797814277418,0.02881524106316866,0.028184423739246848
2020-10-12,0.03340797814277418,0.028704344687010733,0.028375350291897295
2020-10-13,0.03340797814277418,0.0287021529781087,0.029045050487417436
2020-10-14,0.03340797814277418,0.02871696941517278,0.028033418405683068
2020-10-15,0.03340797814277418,0.028723075865360746,0.02882230031317338
2020-10-16,0.03340797814277418,0.028735170307510542,0.029114894728605345
2020-10-19,0.03340797814277418,0.028733197067221633,0.028440722795230338
2020-10-20,0.03340797814277418,0.028795752930055207,0.02895328986542136
2020-10-21,0.03340797814277418,0.028793285849228856,0.027644994654448824
2020-10-22,0.03340797814277418,0.028801783959700258,0.02867312575147202
2020-10-23,0.03340797814277418,0.028753160555609645,0.028490730534091985
2020-10-26,0.03340797814277418,0.028730607907683597,0.028569389027795693
2020-10-27,0.03340797814277418,0.028830147007560192,0.02902388528868683
2020-10-28,0.03340797814277418,0.028858652482969708,0.028152709124946666
2020-10-29,0.03340797814277418,0.029252497314414216,0.029445576937811198
2020-10-30,0.03340797814277418,0.0292410508159447,0.02886104888049543
2020-11-02,0.03340797814277418,0.029226858750633865,0.029479984308467242
2020-11-03,0.03340797814277418,0.029224576096424423,0.02905699422623464
2020-11-04,0.03340797814277418,0.028978421027093786,0.028988543553471087
2020-11-05,0.03340797814277418,0.028982978508705046,0.02934416536910828
2020-11-06,0.03340797814277418,0.028971674383300103,0.028456917627923368
2020-11-09,0.03340797814277418,0.028881700302331042,0.028178136761866885
2020-11-10,0.03340797814277418,0.028880922167072283,0.028986780137178016
2020-11-11,0.03340797814277418,0.02889789576760954,0.02872590343961028
2020-11-12,0.03340797814277418,0.028895410346947942,0.028739831094102154
2020-11-13,0.03340797814277418,0.02891750325532963,0.029610554416791637
2020-11-16,0.03340797814277418,0.028854724549898448,0.028478281162196587
2020-11-17,0.03340797814277418,0.02887627590895173,0.029032201749759817
2020-11-18,0.03340797814277418,0.028858843983193425,0.0285472783486952
2020-11-19,0.03340797814277418,0.02887358739328083,0.028413157944669615
2020-11-20,0.03340797814277418,0.02884650672939694,0.0286786921134121
2020-11-23,0.03340797814277418,0.028847342118727415,0.0292962498253389
2020-11-24,0.03340797814277418,0.02883335482516596,0.028745415110652425
2020-11-25,0.03340797814277418,0.02882331162055783,0.028953734325823398
2020-11-27,0.03340797814277418,0.028832708708572425,0.029063662715835673
2020-11-30,0.03340797814277418,0.02882800281129081,0.029269640418811485
2020-12-01,0.03340797814277418,0.028871744254104246,0.028511170055728893
2020-12-02,0.03340797814277418,0.02885186641810654,0.029302856581274517
2020-12-03,0.03340797814277418,0.028853623791877142,0.0286503175169201
2020-12-04,0.03340797814277418,0.028832639319297006,0.027908244274721883
2020-12-07,0.03340797814277418,0.028827728658011975,0.028714144562181982
2020-12-08,0.03340797814277418,0.028831501355791142,0.02896380263353917
2020-12-09,0.03340797814277418,0.028830200515280208,0.029046717226213752
2020-12-10,0.03340797814277418,0.0288284067049237,0.029129447799643732
2020-12-11,0.03340797814277418,0.028857055573952094,0.029199477093174605
2020-12-14,0.03340797814277418,0.028843008616797602,0.02865755820062174
2020-12-15,0.03340797814277418,0.028807080914921183,0.029351012733611997
2020-12-16,0.03340797814277418,0.028804964142712726,0.028513299126127822
2020-12-17,0.03340797814277418,0.028777112042579846,0.028894646529068285
2020-12-18,0.03340797814277418,0.028801068606524947,0.028667615817873127
2020-12-21,0.03340797814277418,0.028795279669155682,0.028608272101851854
2020-12-22,0.03340797814277418,0.028691713010326744,0.028715395376111223
2020-12-23,0.03340797814277418,0.028706414823156563,0.028590751495760958
2020-12-24,0.03340797814277418,0.028680529094019358,0.0285375123527837
2020-12-28,0.03340797814277418,0.028654408716024808,0.02797752270187141
2020-12-29,0.03340797814277418,0.028629250356159396,0.028957477232359228
2020-12-30,0.03340797814277418,0.02863069334908212,0.028671072961258273
2020-12-31,0.03340797814277418,0.02863734807549645,0.028706550004307038
2021-01-04,0.03340797814277418,0.028631767185924337,0.02844273290377612
2021-01-05,0.03340797814277418,0.028599327801517593,0.028418373795948873
2021-01-06,0.03340797814277418,0.0283927211362086,0.027985544958282357
2021-01-07,0.03340797814277418,0.028385608044197146,0.028325999693718826
2021-01-08,0.03340797814277418,0.02839191276867932,0.02791625859880603
2021-01-11,0.03340797814277418,0.02836721164248644,0.02853264577752646
2021-01-12,0.03340797814277418,0.028393551991291958,0.028043328611195267
2021-01-13,0.03340797814277418,0.02837399530954113,0.027780789501743345
2021-01-14,0.03340797814277418,0.02836050556939897,0.028819524629909103
2021-01-15,0.03340797814277418,0.028375390031765726,0.027844112552782265
2021-01-19,0.03340797814277418,0.02839708298078456,0.028947598236550222
2021-01-20,0.03340797814277418,0.028633193609867803,0.028346804081172947
2021-02-05,0.03340797814277418,0.02861969916225198,0.028348547538028165
2021-02-08,0.03340797814277418,0.028600201471910214,0.028527975230238103
2021-02-09,0.03340797814277418,0.028734385863292775,0.02916935850303927
2021-02-17,0.03340797814277418,0.02873289246823192,0.02849293721377534
2021-02-18,0.03340797814277418,0.028773809610045914,0.028265999065346704
2021-02-19,0.03340797814277418,0.028764892785768832,0.028875726632032476
2021-02-22,0.03340797814277418,0.028768795451933258,0.02795512992719228
2021-02-23,0.03340797814277418,0.028843191855639078,0.029147523159480115
2021-02-24,0.03340797814277418,0.028834347415415292,0.029104138296621795
2021-02-25,0.03340797814277418,0.02882821678597203,0.02877373955138471
2021-02-26,0.03340797814277418,0.028905417741612444,0.02909008720289728
2021-03-01,0.03340797814277418,0.028926580493848438,0.028403567755648656
2021-03-02,0.03340797814277418,0.028912422434703527,0.02894264013885049
2021-03-03,0.03340797814277418,0.028916498154905084,0.029001216913436354
2021-03-04,0.03340797814277418,0.028956090124925365,0.028515701203969387
2021-03-05,0.03340797814277418,0.02906156672540646,0.028725492914450246
2021-03-08,0.03340797814277418,0.029061851562271875,0.029097952807395244
2021-03-09,0.03340797814277418,0.029085231842817756,0.029408365120498575
2021-03-10,0.03340797814277418,0.029057565669209244,0.029695803929853833
2021-03-11,0.03340797814277418,0.029058118445032196,0.028904333695953195
2021-03-12,0.03340797814277418,0.029064673479294128,0.029246821777680343
2021-03-15,0.03340797814277418,0.02908127074082965,0.028806763237786432
2021-03-16,0.03340797814277418,0.029118404858690553,0.028121627641384338
2021-03-17,0.03340797814277418,0.029109975152042316,0.029018699939685755
2021-03-18,0.03340797814277418,0.02910643487246778,0.029101826421223526
2021-03-19,0.03340797814277418,0.028892577664521836,0.02887733649142419
2021-03-22,0.03340797814277418,0.02870183286593782,0.02897935701773241
2021-03-23,0.03340797814277418,0.02871290982505623,0.028461516120494006
2021-03-24,0.03340797814277418,0.02873938816767847,0.02878840501235912
2021-03-25,0.03340797814277418,0.028846525125196015,0.029022834387615406
2021-03-26,0.03340797814277418,0.028853103890356224,0.028402116227013302
2021-03-29,0.03340797814277418,0.028838054830419745,0.02799873378287089
2021-03-30,0.03340797814277418,0.028813332601673465,0.028321386401575128
2021-03-31,0.03340797814277418,0.02881427515079433,0.028820470450704832
2021-04-01,0.03340797814277418,0.028816154591430124,0.02922345072820311
2021-04-05,0.03340797814277418,0.02881040768229999,0.029325062841332662
2021-04-06,0.03340797814277418,0.028805089702671604,0.028491325035966714
2021-04-07,0.03340797814277418,0.02875937473604166,0.028521594241099613
2021-04-08,0.03340797814277418,0.028761993950668904,0.02874213898543458
2021-04-09,0.03340797814277418,0.02877775861267809,0.02928487528074554
2021-04-12,0.03340797814277418,0.028715994317362645,0.028815518169038972
2021-04-13,0.03303220811415761,0.02827722114518159,0.028329483617396182
2021-04-14,0.03303220811415761,0.028165477384277826,0.028342210741237203
2021-04-15,0.03303220811415761,0.02809353753181419,0.027840301083232155
2021-04-16,0.03303220811415761,0.027868376283672298,0.028102724258605872
2021-04-19,0.03303220811415761,0.02776840820222917,0.027167379183243
2021-04-20,0.03303220811415761,0.027736101488585276,0.028025640442940324
2021-04-22,0.03303220811415761,0.027635154525144652,0.027882434915785095
2021-04-23,0.03303220811415761,0.027767578503726197,0.027419157285087613
2021-04-26,0.03303220811415761,0.027614907262285424,0.027071243423974316
2021-04-27,0.03303220811415761,0.027764892975446175,0.028293895848452714
2021-04-28,0.02998133615537634,0.02599115467271584,0.02625666031677019
2021-04-29,0.02998133615537634,0.025920665049905263,0.0258875770380267
2021-05-04,0.024308719503731948,0.025223897868160327,0.025371216664287537
2021-05-05,0.023640761887425487,0.02312052873473932,0.02311999798039924
2021-05-06,0.023640761887425487,0.022821393927744623,0.02301065424871766
2021-05-07,0.023397004608344683,0.020692652537408093,0.021400283979421227
2021-05-10,0.023397004608344683,0.02058047145070328,0.020176082124384345
2021-05-11,0.02263021071783773,0.020321217015504496,0.02017889725900527
2021-05-12,0.02263021071783773,0.020181476043533826,0.019848879299413588
2021-05-13,0.021220476158744006,0.019649576838108918,0.02001150809869968
2021-05-14,0.020929712544866894,0.018604972112768067,0.018274211936378685
2021-05-17,0.020929712544866894,0.018239105281150983,0.018396242734238847
2021-05-18,0.020929712544866894,0.018122459238758347,0.01808046384436224
2021-05-19,0.020929712544866894,0.017944800139676864,0.017998540702270076
2021-05-20,0.020929712544866894,0.01774845460515706,0.017965532518307726
2021-05-21,0.020929712544866894,0.01758739360476281,0.017531960769864307
2021-05-24,0.020929712544866894,0.0175978591197635,0.017933726784600198
2021-05-25,0.020929712544866894,0.017492000960151518,0.01746626195085697
2021-05-26,0.020929712544866894,0.01744420640531704,0.017147380048522638
2021-05-27,0.020929712544866894,0.01638522765675684,0.016271480139613506
2021-05-28,0.020929712544866894,0.01643850827974534,0.0164149606410534
2021-06-01,0.020929712544866894,0.016388498961866425,0.016803355628909493
2021-06-02,0.020929712544866894,0.01635672367886294,0.01618041035701709
2021-06-03,0.020929712544866894,0.016338102121956636,0.016412576625860757
2021-06-04,0.020929712544866894,0.016299904492448225,0.015746641363457173
2021-06-07,0.020929712544866894,0.01620165991002952,0.016004551700355026
2021-06-08,0.020929712544866894,0.0162673835990699,0.016891176294529874
2021-06-09,0.020929712544866894,0.016406858096100017,0.01649922750736507
2021-06-10,0.020929712544866894,0.01620199647368596,0.016367178447518647
2021-06-11,0.020239338441487707,0.015838674573003045,0.015715415271190185
2021-06-14,0.020239338441487707,0.015832175634190045,0.016114600094771527
2021-06-15,0.020239338441487707,0.01582837653184394,0.016053135261066317
2021-06-16,0.020239338441487707,0.015839346402278454,0.015854992853599596
2021-06-17,0.020239338441487707,0.01590999600208317,0.015728789847604452
2021-06-18,0.020239338441487707,0.01586634835443738,0.015829565920350744
2021-06-21,0.020239338441487707,0.015855502946317775,0.015783336977523012
2021-06-22,0.019209643709439873,0.015523481297896762,0.015331272213615122
2021-06-23,0.019209643709439873,0.015523460469788745,0.015808727453926197
2021-06-24,0.019209643709439873,0.015549047767387343,0.01589814082313858
2021-06-25,0.019209643709439873,0.015522350425778823,0.015342502431361288
2021-06-28,0.019209643709439873,0.015450772761630564,0.015629261210392677
2021-06-29,0.019209643709439873,0.015466042333946002,0.015537823399087786
2021-06-30,0.019209643709439873,0.015224476572877052,0.015323452520754186
2021-07-01,0.019209643709439873,0.015237710740128006,0.01498412469705301
2021-07-02,0.019209643709439873,0.015216155061927856,0.015270229750315055
2021-07-06,0.019209643709439873,0.015215117280486386,0.015158548276436845
2021-07-07,0.020239338441487707,0.01563970799118682,0.01582093188472892
2021-07-08,0.020239338441487707,0.01566471819181322,0.015205563772854414
2021-07-09,0.020239338441487707,0.015767629757785586,0.015906967049450563
2021-07-15,0.020239338441487707,0.015818252847194292,0.015748356440055417
2021-07-16,0.020995331205322532,0.0161358023288809,0.01592668530560959
2021-07-19,0.020995331205322532,0.01616186961185772,0.015701205755365693
2021-07-20,0.021239526737585966,0.01697187220070535,0.017373665563007762
2021-07-21,0.021239526737585966,0.01714079939560863,0.016972389185673693
2021-07-22,0.021239526737585966,0.017116776374805395,0.016830312178664465
2021-07-26,0.021239526737585966,0.017098711966657812,0.017361123821603236
2021-07-27,0.021239526737585966,0.017163050572853913,0.017549862929831392
2021-07-28,0.021239526737585966,0.017133729563192097,0.017304874497699227
2021-07-29,0.020995331205322532,0.01601447254174211,0.016115894336776158
2021-07-30,0.020995331205322532,0.016004715769691508,0.015590630263475935
2021-08-02,0.020995331205322532,0.015828027704367822,0.015657608067612867
2021-08-03,0.020995331205322532,0.01570834822241484,0.015588179594352006
2021-08-04,0.020995331205322532,0.015684753937999563,0.015597539525150148
2021-08-05,0.020995331205322532,0.01569752530800746,0.01610050972647924
2021-08-06,0.020995331205322532,0.015697278171877493,0.015488704222411939
2021-08-09,0.020995331205322532,0.015717955983276015,0.015295628290374206
2021-08-10,0.020995331205322532,0.015717037795857466,0.0153940674097961
2021-08-11,0.020995331205322532,0.01545757605157329,0.015717187689306505
2021-08-12,0.020995331205322532,0.015476217932486496,0.015505355389058697
2021-08-13,0.020995331205322532,0.015327073734583965,0.015230546695194087
2021-08-16,0.020995331205322532,0.015252166069408001,0.015471201457034406
2021-08-17,0.020995331205322532,0.015252482815660339,0.015226708519644947
2021-08-18,0.020995331205322532,0.015298208591562541,0.015207581613612962
2021-08-19,0.020995331205322532,0.015357180468036106,0.014979702836274162
2021-08-20,0.020995331205322532,0.015296647663189965,0.015211084335617143
2021-08-23,0.020995331205322532,0.015408111251692289,0.01485749792119659
2021-08-24,0.020995331205322532,0.015611593755475751,0.015623610370321528
2021-08-25,0.020995331205322532,0.015613758390790579,0.015382600500628882
2021-08-26,0.020995331205322532,0.015609176994381533,0.015806254220410005
2021-08-27,0.020995331205322532,0.01555464121218213,0.015943683120448884
2021-08-30,0.020995331205322532,0.015555651156560976,0.015758509890068034
2021-08-31,0.020995331205322532,0.015549226239827376,0.015271610250937852
2021-09-01,0.020995331205322532,0.015535637694558036,0.015477974630333706
2021-09-07,0.020995331205322532,0.01552243351301574,0.015455421885425437
2021-09-08,0.020995331205322532,0.015474186933161247,0.015669098401135197
2021-09-09,0.020995331205322532,0.0152208225139696,0.01579749270063023
2021-09-10,0.019535411521226304,0.014823109388045052,0.014421168636402065
2021-09-13,0.019535411521226304,0.014827665897117186,0.014756197376621644
2021-09-14,0.019535411521226304,0.01473227584087566,0.014661942069836136
2021-09-15,0.019535411521226304,0.014773529918225675,0.015079539372844841
2021-09-16,0.019535411521226304,0.01476701571414794,0.014709548942322044
2021-09-17,0.019535411521226304,0.01475985776711869,0.015061468027589132
2021-09-20,0.019535411521226304,0.014782731759405447,0.014623997268482968
2021-09-21,0.019535411521226304,0.014878489567995335,0.01489136368905485
2021-09-22,0.019535411521226304,0.014925636307596343,0.014580393340081531
2021-09-23,0.019535411521226304,0.014919556758999706,0.015106403939062468
2021-09-24,0.019535411521226304,0.014880714346379012,0.014806287710208747
2021-09-27,0.019535411521226304,0.014887571855880582,0.014787307124191908
2021-09-28,0.019535411521226304,0.015016040582996408,0.014987400216878765
2021-09-29,0.019535411521226304,0.015065456402169549,0.014971062289352242
2021-09-30,0.019535411521226304,0.015045073281193644,0.015066143595613368
2021-10-01,0.019535411521226304,0.015089126913748396,0.015305078732601488
2021-10-04,0.019535411521226304,0.015071559382271718,0.014820026565161945
2021-10-05,0.019535411521226304,0.015113724965976863,0.014862589598818962
2021-10-06,0.019535411521226304,0.014911561320974428,0.014769170570073922
2021-10-07,0.019535411521226304,0.014904576132786998,0.015074199945395994
2021-10-08,0.019535411521226304,0.014904577438604566,0.014974969089068847
2021-10-11,0.019535411521226304,0.01489988494068014,0.014700185810422
2021-10-12,0.019535411521226304,0.014930629729829774,0.014681926067272534
2021-10-13,0.019535411521226304,0.014893681986771101,0.015160371088800724
2021-10-14,0.019535411521226304,0.014848064857037291,0.014686379774401778
2021-10-15,0.016373947374627024,0.014528068001218652,0.014434949703428651
2021-10-18,0.016373947374627024,0.01452146224343684,0.014357821940007186
2021-10-19,0.016373947374627024,0.01442012589749828,0.014426058969872455
2021-10-20,0.016373947374627024,0.014405558958207781,0.014362312145124668
2021-10-21,0.016373947374627024,0.014394782559106176,0.014375449524394488
2021-10-22,0.016373947374627024,0.014374705391032047,0.014242941651033611
2021-10-25,0.016373947374627024,0.014325415302027354,0.014217870437929568
2021-10-26,0.016373947374627024,0.014399911455201527,0.014282849706708126
2021-10-27,0.016373947374627024,0.014316747587682869,0.01433739636845598
2021-10-28,0.016373947374627024,0.014303748438150934,0.013863551241491388
2021-10-29,0.016373947374627024,0.014311216132415733,0.013908814799321828
2021-11-01,0.016373947374627024,0.014313246984291116,0.014583094396361457
2021-11-02,0.016373947374627024,0.01433318266930724,0.014227041940696596
2021-11-03,0.016373947374627024,0.014332152225415336,0.014221937589412243
2021-11-04,0.016373947374627024,0.014268535077251591,0.014021047161255275
2021-11-05,0.016373947374627024,0.01425346146971823,0.01447447297334813
2021-11-08,0.016373947374627024,0.014187427989469615,0.014182457507245748
2021-11-09,0.016373947374627024,0.014174783283258535,0.013974720894031728
2021-11-10,0.016373947374627024,0.014219791880142081,0.014081073617029967
2021-11-11,0.016373947374627024,0.014253498524029424,0.014255368371398921
2021-11-12,0.016373947374627024,0.014266667072365758,0.014061721769827463
2021-11-15,0.016373947374627024,0.014246797856049936,0.01431360857412662
2021-11-16,0.016373947374627024,0.01425147206202655,0.014240429454679565
2021-11-17,0.016373947374627024,0.014262904499574418,0.014048793391627441
2021-11-18,0.016373947374627024,0.01425533171700477,0.0142120783064106
2021-11-19,0.016373947374627024,0.014183693630548527,0.014374472066632777
2021-11-22,0.016373947374627024,0.014241209786229897,0.014006829539071114
2021-11-23,0.016373947374627024,0.014257192429825413,0.014207278275236445
2021-11-24,0.016373947374627024,0.014254064184000367,0.014026608447181349
2021-11-26,0.016373947374627024,0.014260902625958204,0.01369079323432393
2021-11-29,0.016373947374627024,0.014178400259728,0.01394422392829792
2021-11-30,0.016373947374627024,0.014136462978004078,0.013747673410913177
2021-12-01,0.016005792863327338,0.013591515131853523,0.013374798240577817
2021-12-02,0.016005792863327338,0.013634226038823494,0.013412981059323122
2021-12-03,0.016005792863327338,0.013588010007733374,0.013300998825615015
2021-12-06,0.016373947374627024,0.013830504952545309,0.013801659788327142
2021-12-07,0.016373947374627024,0.013851843819812516,0.013648754596332963
2021-12-08,0.016373947374627024,0.014033655490905265,0.014350130720447694
2021-12-09,0.016373947374627024,0.014029172294668421,0.013882955809408572
2021-12-10,0.016373947374627024,0.014040464357019932,0.01400779537000867
2021-12-13,0.016373947374627024,0.014011624000660215,0.013790978617030415
2021-12-14,0.016373947374627024,0.014002952023870415,0.013861461438988452
2021-12-15,0.016373947374627024,0.014055063996050384,0.013602276991017265
2021-12-16,0.016373947374627024,0.014037480553200012,0.014092858662842255
2021-12-17,0.016373947374627024,0.01406328364892535,0.013839498496971504
2021-12-20,0.016373947374627024,0.01408726739574763,0.013991911076946958
2021-12-21,0.016373947374627024,0.01415901113057662,0.01392309743479461
2021-12-22,0.016373947374627024,0.01412239012690226,0.014397523855416917
2021-12-23,0.016373947374627024,0.014121371940802253,0.01382903160480537
2021-12-27,0.016373947374627024,0.014147727620480645,0.01420809090389837
2021-12-28,0.016373947374627024,0.014195699197636864,0.014276245441569923
2021-12-29,0.016373947374627024,0.014200718479052556,0.014091547438860295
2021-12-30,0.016373947374627024,0.014214350388230466,0.014081807032762048
2021-12-31,0.016373947374627024,0.014238638972816079,0.014331169023493774
2022-01-04,0.016373947374627024,0.014182475491059575,0.01394330646296363
2022-01-05,0.016373947374627024,0.014209511798320234,0.01446298739584667
2022-01-06,0.016373947374627024,0.014363451129950478,0.01452659115975
2022-01-07,0.016373947374627024,0.014366123622344303,0.014203986076350858
2022-01-10,0.016373947374627024,0.0143945244700379,0.014249588549289361
2022-01-11,0.016373947374627024,0.014510661439331742,0.014939394466288518
2022-01-12,0.016373947374627024,0.014509338431426983,0.014467634442135745
2022-01-13,0.016373947374627024,0.014503322505393518,0.014256677930825908
2022-01-14,0.016373947374627024,0.014601342727123733,0.014309045655471342
2022-01-18,0.016373947374627024,0.014610801193160316,0.014606414255459858
2022-01-19,0.016904253416369027,0.015159896066787207,0.01515179654229837
2022-01-20,0.016904253416369027,0.015186746042778324,0.014758109217320212
2022-01-21,0.016904253416369027,0.015194030079958051,0.015582814620225245
2022-01-24,0.016904253416369027,0.01523607421222798,0.015507009656182213
2022-01-25,0.016904253416369027,0.01535155246536566,0.015504849739019411
2022-01-26,0.016904253416369027,0.015357198890728103,0.015509053436981758
2022-01-27,0.016904253416369027,0.015362788464581492,0.015514955269901539
2022-01-28,0.016904253416369027,0.015404021434398235,0.015727634896373202
2022-02-07,0.016904253416369027,0.015412660405098736,0.015647536695071403
2022-02-08,0.016904253416369027,0.015388663386962043,0.015492809671908922
2022-02-09,0.016904253416369027,0.015385358829998502,0.015316816362735427
2022-02-10,0.016904253416369027,0.015380485535978029,0.015272731286470477
2022-02-11,0.016904253416369027,0.015481745997582752,0.015846194969808186
2022-02-14,0.016904253416369027,0.015594230289915276,0.015882601377306235
2022-02-15,0.016904253416369027,0.015722097650915035,0.01591111263088059
2022-02-16,0.016904253416369027,0.01577095094737267,0.01588571256720834
2022-02-17,0.016904253416369027,0.01574829987630578,0.01631752459451607
2022-02-18,0.016904253416369027,0.015797123479816905,0.015858509831265515
2022-02-22,0.016904253416369027,0.01580912409290454,0.015824893309604328
2022-02-23,0.016904253416369027,0.015850443972523862,0.01580216302966217
2022-02-24,0.016904253416369027,0.01588940036612979,0.015844176233746465
2022-02-25,0.016904253416369027,0.015875455996394287,0.015940313196561015
2022-02-28,0.016904253416369027,0.01588776491664302,0.015775362697588016
2022-03-01,0.016373947374627024,0.0155626336696307,0.015727950906555255
2022-03-02,0.016373947374627024,0.015606417526004746,0.015572798441300982
2022-03-03,0.016373947374627024,0.015594170334119271,0.015494520334135176
2022-03-04,0.016005792863327338,0.015376158353159964,0.015524246402813746
2022-03-07,0.016005792863327338,0.015382735368607296,0.014994577582126927
2022-03-08,0.01684916536382985,0.015485245317400934,0.015429146943429306
2022-03-09,0.01684916536382985,0.015616632863578398,0.015781490074498177
2022-03-10,0.01684916536382985,0.015629212405142714,0.015299464459964577
2022-03-11,0.01684916536382985,0.015545175556455883,0.01552516712114103
2022-03-14,0.01684916536382985,0.015655831436802364,0.015482804445827612
2022-03-15,0.01684916536382985,0.015742029934899687,0.015485493737123286
2022-03-16,0.01684916536382985,0.015656344063676775,0.01623867546703404
2022-03-17,0.01684916536382985,0.01567315973899417,0.015507832925200731
2022-03-18,0.01684916536382985,0.015583319159223206,0.015703152029358656
2022-03-21,0.01684916536382985,0.015552820003683406,0.015210937072031134
2022-03-22,0.01684916536382985,0.015497534112698129,0.015432771631152859
2022-03-23,0.01684916536382985,0.015320224843860364,0.015123117994403672
2022-03-24,0.01684916536382985,0.01537219900606534,0.015365547328676335
2022-03-25,0.01684916536382985,0.015345266922199839,0.015083862484611264
2022-03-28,0.01684916536382985,0.01531906831319089,0.015103896192808577
2022-03-29,0.01684916536382985,0.015339216117999465,0.015407467317341496
2022-03-30,0.01684916536382985,0.015284341096922801,0.015069888704397091
2022-03-31,0.01684916536382985,0.015326532404127206,0.015014107727033071
2022-04-01,0.01684916536382985,0.015361236115574953,0.015641900978703195
2022-04-04,0.01684916536382985,0.015369527018139104,0.015185654992630146
2022-04-05,0.01684916536382985,0.0153706832054428,0.01544879751858341
2022-04-06,0.01684916536382985,0.01542331569846587,0.015505209080947888
2022-04-07,0.01684916536382985,0.015427914484137882,0.015650803037935156
2022-04-08,0.01684916536382985,0.01544359448674754,0.015563567624289766
2022-04-12,0.01684916536382985,0.015506642204844982,0.015173477488439268
2022-04-13,0.017149804623511733,0.015647564282453747,0.015361264324485023
2022-04-14,0.017149804623511733,0.015682209056964623,0.015339288678262298
2022-04-18,0.017149804623511733,0.015755197089105794,0.015712204166347086
2022-04-19,0.017149804623511733,0.015893835002685004,0.015660867223368763
2022-04-20,0.017149804623511733,0.015910058317851295,0.01543223205838948
2022-04-21,0.017149804623511733,0.015971523336253658,0.016076185941359657
2022-04-22,0.017149804623511733,0.016049739399113517,0.015586095340187543
2022-04-25,0.017149804623511733,0.01610766740344298,0.016467450145351913
2022-04-26,0.01882935687528489,0.01644353557622532,0.01623365034741962
2022-04-27,0.01882935687528489,0.016462729655969895,0.016616085679352487
2022-04-28,0.01882935687528489,0.01644936719880973,0.01654133901461555
2022-04-29,0.01882935687528489,0.016466947423825345,0.016374742454776756
2022-05-04,0.01882935687528489,0.016596336896356145,0.016704271941905095
2022-05-05,0.01882935687528489,0.016626575060053012,0.016588320513948207
2022-05-06,0.01882935687528489,0.016772126827574698,0.016890137522178
2022-05-09,0.01882935687528489,0.016938933087410075,0.016873656947097665
2022-05-10,0.020741224791618985,0.01777156791553634,0.01760615711352685
2022-05-11,0.020741224791618985,0.017773132430138474,0.01815600960607994
2022-05-12,0.020741224791618985,0.017814490103789327,0.017746723907545423
2022-05-13,0.021239526737585966,0.01795604790249924,0.01745440989050728
2022-05-16,0.021239526737585966,0.01801477211218327,0.017783578310327567
2022-05-17,0.020741224791618985,0.017782296478381244,0.017635707211882026
2022-05-18,0.020741224791618985,0.018136728202862686,0.017979389344889424
2022-05-19,0.020741224791618985,0.018301176864033805,0.018418473160250578
2022-05-20,0.020741224791618985,0.01831702385502151,0.01819977918956249
2022-05-23,0.020741224791618985,0.01829355118196453,0.01792220619119345
2022-05-24,0.020741224791618985,0.01829903723714519,0.018232943127704505
2022-05-25,0.020741224791618985,0.01829874490258307,0.018372800805630345
2022-05-26,0.020741224791618985,0.018385510297518188,0.0181687387570674
2022-05-27,0.020741224791618985,0.018313395244349828,0.01851124522698624
2022-05-31,0.020741224791618985,0.018399732895354647,0.01827989120992941
2022-06-01,0.020741224791618985,0.018366609404484324,0.018200809320165427
2022-06-02,0.020741224791618985,0.018379426541432202,0.018686732689877566
2022-06-03,0.020741224791618985,0.01837272785302242,0.017861730413487327
2022-06-06,0.020741224791618985,0.01841408441436556,0.018709487121545562
2022-06-07,0.020741224791618985,0.01836113568230429,0.018229447410953347
2022-06-08,0.020741224791618985,0.018358427849058542,0.01838989897019902
2022-06-09,0.020741224791618985,0.01834549985064945,0.018577465990434035
2022-06-10,0.020741224791618985,0.018460462970477574,0.01804267343680864
2022-06-13,0.02219165050640486,0.018804146507236354,0.01882217245679765
2022-06-14,0.02285538706036623,0.01968825306838246,0.019827467528599367
2022-06-15,0.02285538706036623,0.01969747030597505,0.020030351365334535
2022-06-16,0.02285538706036623,0.019669438888620158,0.01963751693872374
2022-06-17,0.02285538706036623,0.019720525550583227,0.019670648676112477
2022-06-21,0.02285538706036623,0.019770798151557044,0.019516302202164937
2022-06-22,0.02285538706036623,0.019818706312745092,0.019807596012251658
2022-06-23,0.02285538706036623,0.019834169084710505,0.019807416113201932
2022-06-24,0.02285538706036623,0.019859800279033103,0.020070284894969537
2022-06-27,0.02285538706036623,0.01984984136371218,0.019925342422905293
2022-06-28,0.02285538706036623,0.019690502332455142,0.019637293050732384
2022-06-29,0.02285538706036623,0.019718682887259968,0.019710165526450045
2022-06-30,0.02285538706036623,0.019714553410960272,0.01938071240565239
2022-07-01,0.02285538706036623,0.01981574578919831,0.019935004101988077
2022-07-05,0.02285538706036623,0.019816140684329363,0.0199135638111128
2022-07-06,0.02285538706036623,0.01984680673378977,0.0197460009276497
2022-07-07,0.02285538706036623,0.019896807365429738,0.019690994568960205
2022-07-08,0.02285538706036623,0.019934592125212557,0.01965830689196659
2022-07-11,0.02285538706036623,0.019931663410386335,0.020211568486250418
2022-07-12,0.02285538706036623,0.020047621025305586,0.02028897241110694
2022-07-13,0.02285538706036623,0.020047564601410568,0.020013431453767886
2022-07-14,0.02285538706036623,0.02004897111296357,0.020358408486884232
2022-07-15,0.02285538706036623,0.020051380951560293,0.020001504113213962
2022-07-18,0.02285538706036623,0.020058542720373256,0.019818921342555803
2022-07-19,0.02285538706036623,0.020084110966379277,0.020018021026519436
2022-07-20,0.02285538706036623,0.020114052046451256,0.020566189738942725
2022-07-21,0.02285538706036623,0.02011375257732085,0.02030777698215374
2022-07-22,0.02285538706036623,0.02011509136091187,0.01988049226252969
2022-07-25,0.02285538706036623,0.020161342100331447,0.020095915748699792
2022-07-26,0.02219165050640486,0.01983540564422006,0.020326777145106768
2022-07-27,0.02219165050640486,0.019857084064684147,0.019852682270960723
2022-07-28,0.02219165050640486,0.019826171091125246,0.020012988274148626
2022-07-29,0.02219165050640486,0.01982052279560782,0.01978727606650791
2022-08-01,0.021775524188181045,0.019554180223878122,0.019332646089551923
2022-08-02,0.021775524188181045,0.019541980647186194,0.019120689793031432
2022-08-03,0.01882935687528489,0.018833664627151706,0.018964483608380066
2022-08-04,0.01882935687528489,0.018657882167744846,0.01883193985122058
2022-08-05,0.01882935687528489,0.018659542314778507,0.01852710075878181
2022-08-08,0.01882935687528489,0.018663954699213007,0.018178751038080112
2022-08-09,0.01882935687528489,0.018580115860880764,0.018753785463169637
2022-08-10,0.01882935687528489,0.01859229940703419,0.018758458706698733
2022-08-11,0.01882935687528489,0.01859254512247065,0.018951182887231473
2022-08-12,0.01882935687528489,0.01860610255904061,0.01849551156288944
2022-08-15,0.01882935687528489,0.018631971389926387,0.01844323001072741
2022-08-16,0.01882935687528489,0.018625566692026804,0.018247783187664294
2022-08-17,0.01882935687528489,0.01861419159450078,0.0186288028401793
2022-08-18,0.01882935687528489,0.018625283967146723,0.01826148957615414
2022-08-19,0.01882935687528489,0.018630600776728092,0.018860096139180684
2022-08-22,0.01882935687528489,0.018687210097753194,0.018619072969245816
2022-08-23,0.01882935687528489,0.018829034361529343,0.018584770404634427
2022-08-24,0.01882935687528489,0.018827461447684008,0.018605833875725453
2022-08-25,0.01882935687528489,0.018813071683665483,0.01880568761183739
2022-08-26,0.01882935687528489,0.018814199255327613,0.018803501747055845
2022-08-29,0.019558169378895273,0.019054507664778397,0.019116926496556094
2022-08-30,0.019558169378895273,0.01911923862378832,0.018842655615720964
2022-08-31,0.019558169378895273,0.019086272061660293,0.01924501675524996
2022-09-06,0.019558169378895273,0.019067499230267095,0.019169359630200642
2022-09-07,0.019558169378895273,0.01910689328983174,0.018705081577134356
2022-09-08,0.019558169378895273,0.019016730485623922,0.01879250209011094
2022-09-09,0.019558169378895273,0.018857415600937375,0.01902821405777774
2022-09-12,0.019558169378895273,0.018875204108862943,0.018989431491586817
2022-09-13,0.019558169378895273,0.018875159659550347,0.018917992899844013
2022-09-14,0.021840205814548944,0.019123519272027694,0.018850588755935697
2022-09-15,0.021840205814548944,0.019127254121994494,0.01926342498019345
2022-09-16,0.021840205814548944,0.0191455855028302,0.01903405176706578
2022-09-19,0.021840205814548944,0.019198909046311018,0.01893719184961404
2022-09-20,0.021840205814548944,0.019255369247823152,0.019246310868804482
2022-09-21,0.021840205814548944,0.019259750278963813,0.019180102724723553
2022-09-22,0.021840205814548944,0.019343638116813684,0.018799131332376474
2022-09-23,0.021840205814548944,0.01935762389216075,0.01902087330802162
2022-09-26,0.021840205814548944,0.019460461415634747,0.01892191025485256
2022-09-27,0.021840205814548944,0.01964275198837426,0.019548165228817714
2022-09-28,0.021840205814548944,0.01964669294711357,0.01915838503161277
2022-09-29,0.021840205814548944,0.019651943613985774,0.019726979080762215
2022-09-30,0.021840205814548944,0.019849802700881332,0.019714380558955653
2022-10-03,0.021840205814548944,0.019854488735013835,0.02013244194116775
2022-10-04,0.021840205814548944,0.019835547561699373,0.019877394353169993
2022-10-05,0.021840205814548944,0.019827234462697994,0.020012582443966094
2022-10-06,0.021840205814548944,0.019837396050865156,0.020176740053685117
2022-10-07,0.021840205814548944,0.020052842512992147,0.020156935964285912
2022-10-10,0.02248961507564903,0.020577457093990874,0.020552752872941785
2022-10-11,0.02248961507564903,0.020492309256231862,0.020355604906695184
2022-10-12,0.02248961507564903,0.020711511932293092,0.020287984589753588
2022-10-13,0.02248961507564903,0.020739096036954095,0.02090704476931063
2022-10-14,0.02248961507564903,0.020809787024395718,0.02079257450040712
2022-10-17,0.02248961507564903,0.02083155905319365,0.020882370566038026
2022-10-18,0.02248961507564903,0.020804121897242508,0.02058715783266117
2022-10-19,0.02248961507564903,0.0208350863208869,0.021162189730378835
2022-10-20,0.02248961507564903,0.02085443801577528,0.02080984442777386
2022-10-21,0.02248961507564903,0.020884303836955984,0.020475655549674312
2022-10-24,0.02248961507564903,0.020917021682187634,0.0206588405366485
2022-10-25,0.02248961507564903,0.02092717080582301,0.020645855577451282
2022-10-26,0.02248961507564903,0.02096036335510364,0.021094313836925796
2022-10-27,0.02248961507564903,0.020996207106318273,0.021021706788200215
2022-10-28,0.02248961507564903,0.02100790258602767,0.02053899776720876
2022-10-31,0.02248961507564903,0.021051693359844265,0.020720750737652463
2022-11-01,0.02248961507564903,0.021104795525958602,0.021085372464309183
2022-11-02,0.02248961507564903,0.02110738631163439,0.02113701714031622
2022-11-03,0.02248961507564903,0.021259474835747274,0.021134299352122743
2022-11-04,0.02248961507564903,0.021301886934082272,0.0217103787820831
2022-11-07,0.02248961507564903,0.021325031801160778,0.021018633080491435
2022-11-08,0.02248961507564903,0.0213231156504194,0.021121918928743114
2022-11-09,0.02248961507564903,0.021307856427125228,0.02156561023537119
2022-11-10,0.02248961507564903,0.021360495427814038,0.021130170252523242
2022-11-11,0.02248961507564903,0.021350060180008262,0.021668598161799214
2022-11-14,0.02248961507564903,0.02136179044390894,0.02102528898932635
2022-11-15,0.02248961507564903,0.021451362819966766,0.021642496036816533
2022-11-16,0.02248961507564903,0.021559530212270313,0.021335848417175236
2022-11-17,0.02248961507564903,0.02158340140631298,0.02100138169600641
2022-11-18,0.02248961507564903,0.021607609643188717,0.02177742237299889
2022-11-21,0.02248961507564903,0.021607785816316175,0.021600810677950392
2022-11-22,0.02248961507564903,0.021652179919246884,0.02166878005312316
2022-11-23,0.02248961507564903,0.02162513527440758,0.02123484688644488
2022-11-25,0.02248961507564903,0.021612528202063244,0.021093541025518105
2022-11-28,0.02248961507564903,0.021629094584208013,0.022153100105850546
2022-11-29,0.02248961507564903,0.021631487960133387,0.021549293941425022
2022-11-30,0.02248961507564903,0.021650174100621936,0.021769017430352915
2022-12-01,0.02248961507564903,0.021757453504583663,0.021812893756334155
2022-12-02,0.02248961507564903,0.021820206330242495,0.02186441647476243
2022-12-05,0.02248961507564903,0.021870270533323813,0.021830330130792608
2022-12-06,0.02248961507564903,0.021863683236163438,0.022199579023163656
2022-12-07,0.02285538706036623,0.02243764173885266,0.022761360499383453
2022-12-08,0.02285538706036623,0.02246703907810942,0.021874040342938005
2022-12-09,0.02285538706036623,0.02245892997157777,0.022232001750338112
2022-12-12,0.02285538706036623,0.022417399903762802,0.0221173580140606
2022-12-13,0.02285538706036623,0.02246788274495525,0.022503000141777092
2022-12-14,0.02285538706036623,0.02240428169601168,0.022466917168658552
2022-12-15,0.02285538706036623,0.022401910399457825,0.02278159906359275
2022-12-16,0.02285538706036623,0.022500442945062277,0.02237469009549311
2022-12-19,0.02285538706036623,0.022383502543676683,0.021947349662958558
2022-12-20,0.02285538706036623,0.022438271968347082,0.02229306972967236
2022-12-21,0.02285538706036623,0.022301256045139946,0.022118338808335837
2022-12-22,0.02285538706036623,0.022302003838137865,0.022181261785323106
2022-12-23,0.02285538706036623,0.022328623576301918,0.022306640535445017
2022-12-27,0.02285538706036623,0.022334761576277277,0.022234190135699883
2022-12-28,0.02285538706036623,0.022412241464982913,0.021783827896628496
2022-12-29,0.02285538706036623,0.02239055098557421,0.022335775648567015
2022-12-30,0.02285538706036623,0.02238593758683756,0.022393917884275947
2023-01-03,0.02285538706036623,0.022382809304009228,0.022300350155021378
2023-01-04,0.02285538706036623,0.022400110446797263,0.022275944040716943
2023-01-05,0.02285538706036623,0.022354866539772218,0.022654023550571282
2023-01-06,0.02285538706036623,0.022363096678445812,0.022334275406841412
2023-01-09,0.02285538706036623,0.022368698084779523,0.02276052879498367
2023-01-10,0.02285538706036623,0.02235107292287039,0.02246319472388471
2023-01-11,0.02285538706036623,0.022310805878763638,0.02234976590483686
2023-01-12,0.02285538706036623,0.02230880467753523,0.021937519518787533
2023-01-13,0.02285538706036623,0.022297622918322345,0.022512352212786354
2023-01-17,0.02285538706036623,0.02228343833657582,0.02209611596068766
2023-01-18,0.02285538706036623,0.02230011836073286,0.02198632062858514
2023-01-19,0.02285538706036623,0.02229612988728201,0.022320781087389503
2023-01-27,0.02285538706036623,0.022197045278033033,0.021975447631741644
2023-01-30,0.02285538706036623,0.022353229415883316,0.02199220479973671
2023-01-31,0.02285538706036623,0.022443659149641953,0.022132290497268708
2023-02-01,0.02285538706036623,0.022379445773861025,0.022154375222072295
2023-02-02,0.02285538706036623,0.022468055715782812,0.022124304998171886
2023-02-03,0.02285538706036623,0.022468926916234082,0.02202026226385926
2023-02-06,0.02285538706036623,0.022404370036480988,0.02259408137285889
2023-02-07,0.02285538706036623,0.022400470398639058,0.02247517151305494
2023-02-08,0.02248961507564903,0.022027121275568804,0.022570612841550267
2023-02-09,0.02248961507564903,0.022014270647344732,0.02196752574457438
2023-02-10,0.02248961507564903,0.022073086299639232,0.0219206696840569
2023-02-13,0.02248961507564903,0.022038080272651785,0.022057576200943518
2023-02-14,0.02248961507564903,0.021961175195366178,0.021818640523190533
2023-02-15,0.02248961507564903,0.021972286973135476,0.022229479635374878
2023-02-16,0.02248961507564903,0.021960422755099965,0.02187090567872148
2023-02-17,0.02248961507564903,0.021931107882893014,0.021953734305953446
2023-02-21,0.02248961507564903,0.021901314493572088,0.022079159316894876
2023-02-22,0.02248961507564903,0.02188317139827506,0.02165550670157746
2023-02-23,0.02248961507564903,0.022013774913637218,0.021940741610033815
2023-02-24,0.02248961507564903,0.022004184047221112,0.02178037925196053
2023-02-27,0.02248961507564903,0.022024430987346275,0.022251898009298388
2023-02-28,0.02248961507564903,0.021991322391746053,0.02177083555688205
2023-03-01,0.02248961507564903,0.021898252647202177,0.021805334556847678
2023-03-02,0.02248961507564903,0.021852989503846388,0.02208308090707567
2023-03-03,0.02248961507564903,0.021850660461606733,0.021212210245675843
2023-03-06,0.02248961507564903,0.021817356824401456,0.02197257947370702
2023-03-07,0.02248961507564903,0.021793987295941907,0.022085226716755675
2023-03-08,0.02248961507564903,0.02178459999005195,0.02178491988091381
2023-03-09,0.02248961507564903,0.021743300220435146,0.021923134893951795
2023-03-10,0.02248961507564903,0.021772016282329075,0.02213469985724287
2023-03-13,0.02248961507564903,0.021818805071535368,0.021784550747609124
2023-03-14,0.02248961507564903,0.021800513187136876,0.0219192431844747
2023-03-15,0.02248961507564903,0.021772130052141663,0.02177167572835206
2023-03-16,0.02248961507564903,0.021774209781879342,0.021986965560416367
2023-03-17,0.02248961507564903,0.021777490714893856,0.021519400959433832
2023-03-20,0.02248961507564903,0.0217975536767647,0.021364128488861614
2023-03-21,0.02248961507564903,0.021664123101379003,0.021689055003833797
2023-03-22,0.02248961507564903,0.021578914812161048,0.021489959448598703
2023-03-23,0.02248961507564903,0.02158495504577113,0.021745959460412207
2023-03-24,0.02248961507564903,0.021576872847169443,0.021294032798358904
2023-03-27,0.02248961507564903,0.021489495502028624,0.021544463442088907
2023-03-28,0.02248961507564903,0.021411213927584275,0.02155546206743186
2023-03-29,0.02248961507564903,0.02139225719072468,0.021603581286461327
2023-03-30,0.02248961507564903,0.021368598072003222,0.021520861448185147
2023-03-31,0.02248961507564903,0.021366787531013523,0.021769228990848103
2023-04-03,0.02248961507564903,0.021370743845781713,0.02102890153160516
2023-04-04,0.02248961507564903,0.02137033536211498,0.02119759148379212
2023-04-05,0.02248961507564903,0.021384976701358714,0.021070479366021397
2023-04-06,0.02248961507564903,0.021348750876895747,0.021048413723259544
2023-04-10,0.02248961507564903,0.021367954552712908,0.02114441645701371
2023-04-11,0.02248961507564903,0.021385429340792392,0.0212315286715022
2023-04-12,0.02248961507564903,0.02137327457324209,0.02159333045407179
2023-04-13,0.02248961507564903,0.021373310383456967,0.02087684626107338
2023-04-14,0.02248961507564903,0.02133620109168299,0.020549940328384458
2023-04-17,0.02248961507564903,0.021326577360355054,0.021534818077228377
2023-04-18,0.02248961507564903,0.021319450593522343,0.02190124245231409
2023-04-19,0.02248961507564903,0.02131978889318423,0.021382527591889623
2023-04-20,0.02248961507564903,0.021282736564074978,0.02136042199556423
2023-04-21,0.02248961507564903,0.021279236177392604,0.02173012225129245
2023-04-24,0.02248961507564903,0.021268108756917477,0.021472028828765897
2023-04-25,0.02248961507564903,0.02121543347856283,0.021154080530637574
2023-04-26,0.02248961507564903,0.021090782848016396,0.021050281627476224
2023-04-27,0.02248961507564903,0.02106448103264482,0.02101636240279702
2023-04-28,0.02248961507564903,0.021014557111527492,0.02127252497346114
2023-05-04,0.02248961507564903,0.020896681646141987,0.021035736102241246
2023-05-05,0.02248961507564903,0.02106165533409229,0.02138783243094661
2023-05-08,0.02248961507564903,0.02102090260604662,0.021124661326580335
2023-05-09,0.02248961507564903,0.020909693663866545,0.020477297851163506
2023-05-10,0.02248961507564903,0.02083420453813611,0.02092136436356674
2023-05-11,0.022167580076723956,0.020551194139878146,0.020935798265509408
2023-05-12,0.022167580076723956,0.02054545923832257,0.020507457493340858
2023-05-15,0.022167580076723956,0.020545644178058847,0.02027442595939649
2023-05-16,0.022167580076723956,0.020536564672601006,0.0203587376374724
2023-05-17,0.022167580076723956,0.020440905738264525,0.020637683050357784
2023-05-18,0.022167580076723956,0.020412185618990906,0.02018361236968277
2023-05-19,0.022167580076723956,0.020287200089388193,0.02039669080016535
2023-05-22,0.022167580076723956,0.02015329282540833,0.019928098981885536
2023-05-23,0.020758450455253687,0.019390020227148214,0.019866548515103843
2023-05-24,0.020758450455253687,0.01944576657290637,0.01952435635120057
2023-05-25,0.020758450455253687,0.01944159144728564,0.019085451644332396
2023-05-26,0.019490942958346066,0.019131833569549388,0.018782431529390964
2023-05-30,0.019490942958346066,0.019039025575492082,0.019166355390087736
2023-05-31,0.019490942958346066,0.01898511342316455,0.018953265709007967
2023-06-01,0.019490942958346066,0.018671721156837406,0.018535559590095237
2023-06-02,0.019490942958346066,0.018510978874790064,0.018535281660962438
2023-06-05,0.019490942958346066,0.018519680381430672,0.018335559325146758
2023-06-06,0.019490942958346066,0.018512331478756368,0.01840259063575705
2023-06-07,0.019490942958346066,0.018506533372439758,0.01841047092660878
2023-06-08,0.019490942958346066,0.018520291244213855,0.018002874059596215
2023-06-09,0.019490942958346066,0.01843963737297843,0.018443831506365083
2023-06-12,0.019490942958346066,0.01843032796910857,0.018042959035672684
2023-06-13,0.019490942958346066,0.01834548431669312,0.018461297576993038
2023-06-14,0.019490942958346066,0.01833422895595226,0.018535089714646593
2023-06-15,0.019490942958346066,0.018337169733422934,0.018388853029089543
2023-06-16,0.019490942958346066,0.01833783883064246,0.018486350957611798
2023-06-20,0.019490942958346066,0.018283513839957015,0.018660965781938304
2023-06-21,0.019490942958346066,0.01831278647220577,0.01850501396895729
2023-06-22,0.019490942958346066,0.018320021385982675,0.018187113082586467
2023-06-23,0.019490942958346066,0.018314815135315042,0.018499005774087723
2023-06-26,0.019490942958346066,0.018214780556803405,0.01849335030835405
2023-06-27,0.01887406249469948,0.017862408082758387,0.018173491513841
2023-06-28,0.01817408640349742,0.016904909885342514,0.01688440781286556
2023-06-29,0.01817408640349742,0.01689929128199912,0.016552914044454504
2023-06-30,0.01817408640349742,0.016917420811320846,0.017283831602282203
2023-07-03,0.01817408640349742,0.016858278793477174,0.016859278826382794
2023-07-05,0.01817408640349742,0.016800690103634587,0.01692441206690544
2023-07-06,0.01817408640349742,0.016742170508025858,0.0170767976084199
2023-07-07,0.01817408640349742,0.016780546622336988,0.016863004965384273
2023-07-10,0.01817408640349742,0.016748490452670562,0.01669484214989665
2023-07-11,0.01817408640349742,0.016710112137911806,0.01693522338661998
2023-07-12,0.01817408640349742,0.016709411060428902,0.0167927654600942
2023-07-13,0.01817408640349742,0.016676981050741592,0.016979882134487125
2023-07-14,0.01817408640349742,0.016672961386125035,0.01669221209345616
2023-07-17,0.01817408640349742,0.01654221556684115,0.016533919789364124
2023-07-18,0.01817408640349742,0.016542892742070412,0.016646436512889898
2023-07-19,0.01817408640349742,0.016500967573418707,0.016287523599297204
2023-07-20,0.01817408640349742,0.01639043636138765,0.016315542817150395
2023-07-21,0.01817408640349742,0.016373399344524055,0.01644127273397822
2023-07-24,0.01817408640349742,0.01636858621870964,0.015814756745037937
2023-07-25,0.01817408640349742,0.016230519166886986,0.01662108829953877
2023-07-26,0.01817408640349742,0.016230321735106887,0.016424084376468272
2023-07-27,0.01817408640349742,0.016215066252637547,0.016031082679870703
2023-07-28,0.01817408640349742,0.016250863746469203,0.016271214014176503
2023-07-31,0.01817408640349742,0.016251966989636584,0.01615140980080368
2023-08-01,0.01817408640349742,0.01621475155937257,0.01629867817185608
2023-08-02,0.01817408640349742,0.016205691165047935,0.016436791744842957
2023-08-03,0.01817408640349742,0.016247674512526872,0.01646638611554989
2023-08-04,0.01817408640349742,0.016280249254244834,0.01672099638807262
2023-08-07,0.01817408640349742,0.016225817926719358,0.015832377590574327
2023-08-08,0.01817408640349742,0.016218573316440717,0.016592906415823824
2023-08-09,0.01817408640349742,0.01616881967092771,0.016078496338382372
2023-08-10,0.01817408640349742,0.01617720444643004,0.01587362880931827
2023-08-11,0.01817408640349742,0.016186253528829,0.01664136853407482
2023-08-14,0.01817408640349742,0.016185272086272677,0.015773457095494624
2023-08-15,0.01817408640349742,0.016178295868625764,0.0166037551545778
2023-08-16,0.01817408640349742,0.01621170152766821,0.01634903746053113
2023-08-17,0.01817408640349742,0.016176249421432164,0.01607459976596996
2023-08-18,0.01817408640349742,0.016251664345375012,0.016186743692976995
2023-08-21,0.01887406249469948,0.016635041148656635,0.016645933103368073
2023-08-22,0.01887406249469948,0.016629253085188624,0.017093344334414895
2023-08-23,0.01887406249469948,0.016628494846101544,0.016788719717463145
2023-08-24,0.01887406249469948,0.01661823660521029,0.017239109103409252
2023-08-25,0.01887406249469948,0.016602952077867533,0.01651941978451635
2023-08-28,0.01887406249469948,0.01657516521516526,0.01650148619773433
2023-08-29,0.01887406249469948,0.016602993295857224,0.0164922485265537
2023-08-30,0.01887406249469948,0.016616537276366587,0.016382420596983662
2023-08-31,0.01887406249469948,0.01659383130809319,0.016664314297234636
2023-09-05,0.01887406249469948,0.016588829188307758,0.016794368239207234
2023-09-06,0.01887406249469948,0.01651669907743619,0.01641140351480019
2023-09-07,0.01887406249469948,0.016360362409502845,0.016751121746736458
2023-09-08,0.01887406249469948,0.016381902848925704,0.016282290982201433
2023-09-11,0.01887406249469948,0.016390491577696044,0.016466831999871267
2023-09-12,0.01887406249469948,0.01640004737768687,0.016346727427591613
2023-09-13,0.01817408640349742,0.0161306285012003,0.015833879810972257
2023-09-14,0.01817408640349742,0.016073080043461023,0.015666128663109836
2023-09-15,0.01817408640349742,0.01607518620071893,0.01630465208311861
2023-09-18,0.01817408640349742,0.016061246508150807,0.015847404705774223
2023-09-19,0.01817408640349742,0.016062587480292358,0.01569044676851915
2023-09-20,0.01817408640349742,0.016032150666779297,0.01590189281331682
2023-09-21,0.01817408640349742,0.01603164131082821,0.016100323795290316
2023-09-22,0.01817408640349742,0.016194241541248496,0.016102149128175685
2023-09-25,0.01817408640349742,0.016271944867509058,0.015825345988527747
2023-09-26,0.01731008138663021,0.016089758009618788,0.016304144294778267
2023-09-27,0.01731008138663021,0.016231172064459856,0.01600431391178095
2023-09-28,0.01731008138663021,0.016209931341563292,0.01604562243422961
2023-09-29,0.01731008138663021,0.016143506193637636,0.016328607268235946
2023-10-02,0.01731008138663021,0.01608650958045325,0.015988511187613033
2023-10-03,0.01731008138663021,0.01609589698678261,0.015768991166313917
2023-10-04,0.01817408640349742,0.016297209188223392,0.016504344596488155
2023-10-05,0.01817408640349742,0.01629039959668373,0.01672586128755744
2023-10-06,0.01817408640349742,0.016200701597023522,0.016173560956152362
2023-10-09,0.018118800194679926,0.015999171105702127,0.015957460699721666
2023-10-10,0.018118800194679926,0.015965909122153673,0.01604836378676415
2023-10-11,0.018118800194679926,0.01595698288896563,0.01587580450921842
2023-10-12,0.016827174871536114,0.015705474373464715,0.015386591268616997
2023-10-13,0.016827174871536114,0.015696983047649847,0.015584346276122953
2023-10-16,0.016827174871536114,0.01564790451334299,0.01524380294112041
2023-10-17,0.016827174871536114,0.01563607045345218,0.015578844620308325
2023-10-18,0.016827174871536114,0.015697654298649315,0.01576943695736716
2023-10-19,0.015816775708843118,0.015602241601142734,0.015279050752015555
2023-10-20,0.015475321709057438,0.015038751664842078,0.015074968860097248
2023-10-23,0.015475321709057438,0.015027839735490158,0.01518120207026561
2023-10-24,0.01432496796459408,0.014778849680980742,0.014938549732737902
2023-10-25,0.01432496796459408,0.014757031634406127,0.014802377040921763
2023-10-26,0.01432496796459408,0.0147223395702686,0.014979072726617733
2023-10-27,0.015475321709057438,0.015193660959401806,0.015121227505425685
2023-10-30,0.015475321709057438,0.015192585843518937,0.015451187135464402
2023-10-31,0.015475321709057438,0.015158070556894549,0.015128075690518165
2023-11-01,0.015475321709057438,0.015167784296564997,0.01501231647483395
2023-11-02,0.015475321709057438,0.015152730281011394,0.015136876186858533
2023-11-03,0.015475321709057438,0.01535584414131519,0.015295987729223193
2023-11-06,0.015475321709057438,0.015311766738289916,0.015043340026432333
2023-11-07,0.015475321709057438,0.015267301498560959,0.015100390737599478
2023-11-08,0.015475321709057438,0.015275194325958084,0.015117502178936995
2023-11-09,0.015475321709057438,0.015307792389484463,0.015003556299400988
2023-11-10,0.015475321709057438,0.015274350383802591,0.015218292714309968
2023-11-13,0.015475321709057438,0.015209004755698616,0.015403088565136358
2023-11-14,0.015475321709057438,0.01522377455563037,0.015144078577279526
2023-11-15,0.01432496796459408,0.015076899561222082,0.015245337849647234
2023-11-16,0.01432496796459408,0.015002721261123,0.014983722925433575
2023-11-17,0.01432496796459408,0.01497509631595499,0.014902122602793283
2023-11-20,0.01432496796459408,0.015021446678553419,0.014933589661346697
2023-11-21,0.01432496796459408,0.015020914207021023,0.015077753535739572
2023-11-22,0.01432496796459408,0.014947655374629349,0.015137136295696327
2023-11-24,0.01432496796459408,0.014947210577222514,0.014737899822310494
2023-11-27,0.01432496796459408,0.014983983838213956,0.014955841686145123
2023-11-28,0.01432496796459408,0.014885041079084721,0.0145530498958094
2023-11-29,0.01432496796459408,0.014734874389199067,0.014823493508540841
2023-11-30,0.01432496796459408,0.01469821313288294,0.01507161432157476
2023-12-01,0.01432496796459408,0.014684889394553731,0.014430783526563669
2023-12-04,0.01432496796459408,0.014685778087230655,0.01467435391454074
2023-12-05,0.01432496796459408,0.014625288728512811,0.014408717267099105
2023-12-06,0.01432496796459408,0.014650489891479776,0.014347776585003075
2023-12-07,0.01432496796459408,0.014641481406992028,0.014358640375254656
2023-12-08,0.01432496796459408,0.014609256532549044,0.014469328961460014
2023-12-11,0.01432496796459408,0.014602980913872455,0.014743022709343516
2023-12-12,0.01432496796459408,0.014574736712507495,0.01469437137645782
2023-12-13,0.01432496796459408,0.014399614728626546,0.014251614130905421
2023-12-14,0.01432496796459408,0.01431803036927269,0.013878519441693073
2023-12-15,0.01432496796459408,0.014235082398025354,0.014080850270140456
2023-12-18,0.01432496796459408,0.014220177021421641,0.014117843213586069
2023-12-19,0.01421527193728105,0.013372740166312062,0.013268229659636609
2023-12-20,0.01421527193728105,0.013334774218808904,0.013261184049079269
2023-12-21,0.01421527193728105,0.013380952415159396,0.013365603608583895
2023-12-22,0.01421527193728105,0.013329995570296163,0.013446230564636556
2023-12-26,0.01421527193728105,0.013264116896135332,0.013267033516130245
2023-12-27,0.01421527193728105,0.013224528284831245,0.01346599835855822
2023-12-28,0.01421527193728105,0.013195054231874816,0.01312229812878495
2023-12-29,0.01421527193728105,0.013048720097427375,0.01346693030775842
2024-01-02,0.01421527193728105,0.013004465828696786,0.012965678345050337
2024-01-03,0.01421527193728105,0.012915997127249994,0.013007054465695314
2024-01-04,0.01421527193728105,0.012875612640050087,0.012761316611724687
2024-01-05,0.01421527193728105,0.012876509302785274,0.012852164852438078
2024-01-08,0.01421527193728105,0.012818018558553697,0.013006167943005596
2024-01-09,0.01421527193728105,0.012825634437387054,0.012851142759240106
2024-01-10,0.01421527193728105,0.012722745677390056,0.012515399010481081
2024-01-11,0.01421527193728105,0.012708206559884411,0.012663532870232282
2024-01-12,0.01421527193728105,0.01271242525628674,0.013221598469787295
2024-01-16,0.01421527193728105,0.012702566741776585,0.012679268844330462
2024-01-17,0.01421527193728105,0.012624712710265405,0.012565462710435429
2024-01-18,0.01421527193728105,0.012649230212241923,0.012999848214384708
2024-01-19,0.01421527193728105,0.012635995388783693,0.012404800790352994
2024-01-22,0.01421527193728105,0.012663447912546547,0.012803066296908203
2024-01-23,0.01421527193728105,0.012659983919654916,0.012811350533330197
2024-01-24,0.01421527193728105,0.012672264655766758,0.012700943374936508
2024-01-25,0.01421527193728105,0.012682994635336495,0.0127014568984292
2024-01-26,0.01421527193728105,0.01268218974283865,0.012843346407006092
2024-01-29,0.01421527193728105,0.012684732839249176,0.01269642040726156
2024-01-30,0.01421527193728105,0.012649480866753184,0.012765321386440272
2024-01-31,0.01421527193728105,0.012626031339126322,0.012515256738038999
2024-02-01,0.01432496796459408,0.012886914325649663,0.012989556828777914
2024-02-02,0.01432496796459408,0.012639621370133417,0.012518217115121853
2024-02-05,0.01432496796459408,0.012477487102489339,0.012599806351323692
2024-02-06,0.01432496796459408,0.012446202212784705,0.012430310390314352
2024-02-07,0.01432496796459408,0.012305757845823584,0.012162410779248765
2024-02-15,0.01432496796459408,0.012306062813060138,0.012379239877141571
2024-02-16,0.01432496796459408,0.012257584424754893,0.012597467360722932
2024-02-20,0.01432496796459408,0.01225939646123359,0.012508272310110253
2024-02-21,0.01432496796459408,0.01222908391254952,0.012400595573213831
2024-02-22,0.01432496796459408,0.012226517314488641,0.012117953081418767
2024-02-23,0.01432496796459408,0.012148062092512632,0.011945945659515874
2024-02-26,0.01432496796459408,0.01215923820962354,0.011915446247423817
2024-02-27,0.01432496796459408,0.012150245035798273,0.012319056173285487
2024-02-28,0.01432496796459408,0.012132132355412037,0.012349663548122322
2024-02-29,0.01432496796459408,0.012130804595705518,0.011888787250956009
2024-03-01,0.01432496796459408,0.012112560879098268,0.012089267365317695
2024-03-04,0.01432496796459408,0.012107447794511348,0.012257246863712747
2024-03-05,0.01432496796459408,0.012110771707866504,0.01208000501866279
2024-03-06,0.014248344133266231,0.011921930004130603,0.011812245496035389
2024-03-07,0.014248344133266231,0.011932833978510526,0.012047018967450668
2024-03-08,0.014248344133266231,0.011790908704304128,0.011481017169819696
2024-03-11,0.014248344133266231,0.011846282759638402,0.011824408460652698
2024-03-12,0.014248344133266231,0.01190396221062093,0.011891852457181554
2024-03-13,0.014248344133266231,0.011918885721946503,0.011736954281173072
2024-03-14,0.014248344133266231,0.011930038050458395,0.01195110914699239
2024-03-15,0.014248344133266231,0.011960272345371135,0.012031023053175997
2024-03-18,0.014248344133266231,0.011989472247219435,0.011988172510879523
2024-03-19,0.014248344133266231,0.011994275620083131,0.012204880452621652
2024-03-20,0.014248344133266231,0.011995196135942136,0.011879686838416626
2024-03-21,0.014248344133266231,0.011982068249383436,0.011923293032650507
2024-03-22,0.014248344133266231,0.011881129619039435,0.011689500342562087
2024-03-25,0.014248344133266231,0.011866453302618984,0.011800260706507531
2024-03-26,0.014248344133266231,0.011938357423787994,0.012217286803725597
2024-03-27,0.014248344133266231,0.01193482080149698,0.011903026595379913
2024-03-28,0.014248344133266231,0.011930417225927517,0.012192206120109782
2024-04-01,0.014248344133266231,0.011856543729910796,0.011807498284113092
2024-04-02,0.014248344133266231,0.011832630189103733,0.01218133670714569
2024-04-03,0.014248344133266231,0.01183023914004357,0.011848759247785947
2024-04-04,0.014248344133266231,0.011820679400949805,0.011693996810837525
2024-04-05,0.014248344133266231,0.011876532795300404,0.011990852039668952
2024-04-08,0.014248344133266231,0.011892918283715774,0.01154772492237732
2024-04-09,0.014248344133266231,0.01191533177781311,0.011948134383562356
2024-04-10,0.014248344133266231,0.011905182861526725,0.012136006650130819
2024-04-11,0.014248344133266231,0.011972198404512798,0.011945119687012631
2024-04-12,0.014248344133266231,0.011972741582394825,0.011991361737131622
2024-04-15,0.014248344133266231,0.011964323872352849,0.011927220875533667
2024-04-16,0.015475321709057438,0.012632083409915097,0.012472824196149165
2024-04-17,0.015475321709057438,0.012605352648706087,0.01282949855409835
2024-04-19,0.015475321709057438,0.01271537403401629,0.012658148720396554
2024-04-22,0.015475321709057438,0.012816926735816438,0.01280554145059508
2024-04-23,0.015475321709057438,0.012820906477216884,0.012751753396181708
2024-04-24,0.015475321709057438,0.012824501464559856,0.012794011801445015
2024-04-25,0.015475321709057438,0.012831910365658951,0.012938615379838135
2024-04-26,0.015475321709057438,0.012864547832759546,0.012598725201180392
2024-05-02,0.015475321709057438,0.012799517420385615,0.012600007482220685
2024-05-03,0.015475321709057438,0.012813493186534089,0.012560791484042143
2024-05-06,0.015475321709057438,0.01282389783466439,0.012781625675742522
2024-05-07,0.015475321709057438,0.012844468472488487,0.01289771861791201
2024-05-08,0.015475321709057438,0.012816514542091905,0.012658779574601178
2024-05-09,0.015475321709057438,0.012789916315978695,0.013305987682751708
2024-05-10,0.015475321709057438,0.012779121417472708,0.012697386952094996
2024-05-13,0.015475321709057438,0.012658693038851322,0.01285554486832383
2024-05-14,0.015475321709057438,0.012671798640831169,0.013181975211823158
2024-05-15,0.015475321709057438,0.012661249340486298,0.01263352446563845
2024-05-16,0.015475321709057438,0.012671734471160979,0.012819709427251766
2024-05-17,0.014248344133266231,0.012404622298612819,0.012444925656322912
2024-05-20,0.014248344133266231,0.012397646504188451,0.012079582318784083
2024-05-21,0.014248344133266231,0.01239872584328066,0.012389339273825881
2024-05-22,0.014248344133266231,0.012383060539908605,0.012484547188415587
2024-05-23,0.014248344133266231,0.012437308417177884,0.012293368696839483
2024-05-24,0.014248344133266231,0.012421972696384571,0.01250612154042272
2024-05-28,0.014248344133266231,0.012462451008116071,0.01264179421354519
2024-05-29,0.014248344133266231,0.012458592010508621,0.012491266502005027
2024-05-30,0.014248344133266231,0.012504186466877946,0.01218696500706218
2024-05-31,0.014248344133266231,0.012559808857021985,0.01233413534550636
2024-06-03,0.014248344133266231,0.012554027028979427,0.012797675249194817
2024-06-04,0.014248344133266231,0.012540356390279067,0.012462932408326596
2024-06-05,0.014248344133266231,0.012540339079634574,0.012477293029506465
2024-06-06,0.014248344133266231,0.012446607220137629,0.012226242207834215
2024-06-07,0.014248344133266231,0.012409031927672523,0.012679689397095961
2024-06-10,0.014248344133266231,0.012415067192552953,0.012242316217136258
2024-06-11,0.014248344133266231,0.012417088456611415,0.012176262293879064
2024-06-12,0.014248344133266231,0.012430636167794737,0.012166474753725502
2024-06-13,0.014248344133266231,0.012410374824152678,0.012630190208573184
2024-06-14,0.014248344133266231,0.012412859730973124,0.012441238109257655
2024-06-17,0.014248344133266231,0.012469362196243424,0.012145472066707205
2024-06-18,0.014248344133266231,0.01246901229331341,0.01272693677111978
2024-06-20,0.014248344133266231,0.012468747560033107,0.012320798665194085
2024-06-21,0.014248344133266231,0.012457790667040732,0.012276732068691744
2024-06-24,0.014248344133266231,0.012459327944422652,0.012496909195671936
2024-06-25,0.014248344133266231,0.012632985970650849,0.012649997529676625
2024-06-26,0.014248344133266231,0.01262574660900702,0.012571244275289288
2024-06-27,0.014248344133266231,0.012624655672982895,0.01268617723779295
2024-06-28,0.014248344133266231,0.012616799349770917,0.012577963531082375
2024-07-01,0.014248344133266231,0.012698498261861224,0.01249990999866251
2024-07-02,0.014248344133266231,0.012675228610158431,0.012866290957633097
2024-07-03,0.014248344133266231,0.012648393278158468,0.012588002345588897
2024-07-05,0.014248344133266231,0.01263972756904908,0.012730771810401916
2024-07-08,0.014248344133266231,0.012640010726352895,0.01247099685233096
2024-07-09,0.014248344133266231,0.012629139647643256,0.012644860853655217
2024-07-10,0.014248344133266231,0.01261187466700663,0.012446169818710452
2024-07-11,0.014248344133266231,0.012611300974870359,0.012514350985322375
2024-07-12,0.014248344133266231,0.012658606501954967,0.012551714285388217
2024-07-15,0.014248344133266231,0.012633747999671171,0.012535927061424838
2024-07-16,0.014248344133266231,0.01264087568830583,0.01251910421766567
2024-07-17,0.014248344133266231,0.012641470659355163,0.0129588994994248
2024-07-18,0.014248344133266231,0.012785968770352195,0.012994980795954913
2024-07-19,0.014248344133266231,0.012745415033172497,0.01264982966403735
2024-07-22,0.014248344133266231,0.0128237937359473,0.013064719776012774
2024-07-23,0.014248344133266231,0.012829476689580035,0.013110176254486102
2024-07-24,0.014248344133266231,0.01293639958087596,0.013265019691180739
2024-07-25,0.014248344133266231,0.013028269174262645,0.012836235809227827
2024-07-26,0.014248344133266231,0.013061811132927831,0.01317327395121123
2024-07-29,0.014248344133266231,0.013063213844354563,0.01320335742819796
2024-07-30,0.014248344133266231,0.013064260668382134,0.012907284519930307
2024-07-31,0.014248344133266231,0.013098240291680548,0.012861715527212856
2024-08-01,0.014248344133266231,0.013113670712198836,0.012812880008240017
2024-08-02,0.015475321709057438,0.01334471477902277,0.013453852030213658
2024-08-05,0.015475321709057438,0.013397392530687977,0.013150997351924987
2024-08-06,0.017058746913746092,0.01424409690103606,0.013826644315816561
2024-08-07,0.017058746913746092,0.014275413484824199,0.014449054636118645
2024-08-08,0.017058746913746092,0.014284354323775068,0.014343422979905918
2024-08-09,0.017058746913746092,0.014255215676928267,0.014350849994291459
2024-08-13,0.017058746913746092,0.014251064755586986,0.014028166908120388
2024-08-14,0.017058746913746092,0.014268160251251319,0.014445808776251389
2024-08-15,0.017058746913746092,0.014238571719298456,0.01420217373561838
2024-08-16,0.017058746913746092,0.014185462964109581,0.01382433821228173
2024-08-19,0.017058746913746092,0.014186284079191704,0.013924146428849404
2024-08-20,0.017058746913746092,0.014196331299446233,0.01388504432864075
2024-08-21,0.017058746913746092,0.014183245483162925,0.014245760486052432
2024-08-22,0.017058746913746092,0.01416327374855078,0.013738795033554798
2024-08-23,0.017058746913746092,0.01414248890774574,0.013954866498946302
2024-08-26,0.017058746913746092,0.014097603811024262,0.01454603932028807
2024-08-27,0.017058746913746092,0.014131234329140633,0.01405967220839055
2024-08-28,0.017058746913746092,0.014147205449110587,0.014276864445447077
2024-08-29,0.017058746913746092,0.014127415830952714,0.014085933028298787
2024-08-30,0.017058746913746092,0.014133754797696055,0.01397265451876379
2024-09-04,0.017058746913746092,0.014048226311527003,0.01383346738238596
2024-09-05,0.015590109019494387,0.013790655426103367,0.013766788377785147
2024-09-06,0.015590109019494387,0.013834738489627095,0.013966925792619737
2024-09-09,0.015590109019494387,0.013912963839268145,0.013928558257120362
2024-09-10,0.015590109019494387,0.013917607735408073,0.013739989519434205
2024-09-11,0.015590109019494387,0.013928878701152125,0.014060262679005063
2024-09-12,0.015590109019494387,0.013922063573531578,0.013843869311675194
2024-09-13,0.015590109019494387,0.013889590105845997,0.013994976021859389
2024-09-16,0.015590109019494387,0.013873962083712756,0.013612310927101117
2024-09-17,0.015590109019494387,0.013917023596214719,0.014275786182525256
2024-09-18,0.015590109019494387,0.013922259506639554,0.014052000413199943
2024-09-19,0.015590109019494387,0.013921224494690234,0.013911356919038909
2024-09-20,0.015590109019494387,0.013934132145297427,0.013913590410404105
2024-09-23,0.015590109019494387,0.01392699718228193,0.013869516406032668
2024-09-24,0.015590109019494387,0.013925453769471397,0.013850539255111594
2024-09-25,0.015590109019494387,0.013888592454568454,0.013912395062393439
2024-09-26,0.015590109019494387,0.013888002703105197,0.013583725061958844
2024-09-27,0.015590109019494387,0.013868912073233514,0.013720038443094407
2024-09-30,0.015590109019494387,0.013857128594807859,0.013937987389074672
2024-10-01,0.015590109019494387,0.013845176225528217,0.013898022262045909
2024-10-02,0.015590109019494387,0.013829400312745651,0.0138320047176146
2024-10-03,0.015590109019494387,0.013838602983244245,0.014117702279476695
2024-10-04,0.015590109019494387,0.013866404501754373,0.013967203960148713
2024-10-07,0.014729948083607352,0.013648505707600764,0.013726382783846296
2024-10-08,0.014729948083607352,0.013605039975848863,0.013485506938727338
2024-10-09,0.014729948083607352,0.013426385751750352,0.013277274177800382
2024-10-10,0.014729948083607352,0.013250800080106989,0.01298282798530515
2024-10-11,0.014729948083607352,0.013255705516582415,0.013351304916875615
2024-10-14,0.014729948083607352,0.013253585594018047,0.013411412132939386
2024-10-15,0.014729948083607352,0.0132415373011204,0.013280205388236831
2024-10-16,0.014729948083607352,0.013270986859242441,0.013108819036266248
2024-10-17,0.014040536052284946,0.012882459987633998,0.013008798124956734
2024-10-18,0.014040536052284946,0.012868305439449005,0.012967944776053892
2024-10-21,0.014040536052284946,0.012800660505972,0.012593358788917701
2024-10-22,0.014040536052284946,0.012810888842358412,0.012819804114059098
2024-10-23,0.014040536052284946,0.012827881941682736,0.012905198671292148
2024-10-24,0.014040536052284946,0.012851518952882184,0.012989782463137273
2024-10-25,0.014040536052284946,0.012890955471872606,0.012716038861256398
2024-10-28,0.014040536052284946,0.012894939921058488,0.013141222699405587
2024-10-29,0.014040536052284946,0.01288150654693536,0.012666118483138578
2024-10-30,0.014040536052284946,0.012868991290215102,0.013103034339275848
2024-10-31,0.014040536052284946,0.01281572748861062,0.012791206762051938
2024-11-01,0.0127126299413569,0.012695461192833355,0.012637328666882008
2024-11-04,0.0127126299413569,0.012599772203194531,0.012706680450993244
2024-11-05,0.0127126299413569,0.012651849365876416,0.012916012431962807
2024-11-06,0.0127126299413569,0.012567224669399357,0.012599785736068491
2024-11-07,0.0127126299413569,0.012666264823945107,0.012598110523835578
2024-11-08,0.0127126299413569,0.01254737987666875,0.012316049868084761
2024-11-11,0.011567559098735861,0.011986439645855856,0.012119017842570969
2024-11-12,0.011567559098735861,0.012005411685958488,0.011731595192046087
2024-11-13,0.011567559098735861,0.011998994609431279,0.01204183830146067
2024-11-14,0.011567559098735861,0.01196382781191546,0.012049960368422409
2024-11-15,0.011567559098735861,0.0120471046144526,0.012168622841845866
2024-11-18,0.011567559098735861,0.011886900209368804,0.011817122504366338
2024-11-19,0.011567559098735861,0.011892285504629011,0.012094096289300303
2024-11-20,0.011567559098735861,0.011917718122429125,0.01177451322830571
2024-11-21,0.011567559098735861,0.011846030377363951,0.01162134049535236
2024-11-22,0.011567559098735861,0.011782351779882629,0.011664322890557119
2024-11-25,0.011567559098735861,0.011758093388501875,0.012086449273506446
2024-11-26,0.011567559098735861,0.01175403049969279,0.011573676321036392
2024-11-27,0.011567559098735861,0.011734277647702905,0.011874581074971895
2024-11-29,0.011567559098735861,0.011684552854934447,0.011500711008784425
2024-12-02,0.011567559098735861,0.011682165255406789,0.011740610447736203
2024-12-03,0.011567559098735861,0.011677251691238235,0.011599151354324296
2024-12-04,0.011567559098735861,0.011558800977446515,0.011694724416764697
2024-12-05,0.011567559098735861,0.011571340795849872,0.01172889183318043
2024-12-06,0.011567559098735861,0.011583402301453827,0.011574164716699132
2024-12-09,0.011567559098735861,0.011584650302746817,0.011216402563257226
2024-12-10,0.011567559098735861,0.011548183882551697,0.011710490554429676
2024-12-11,0.011567559098735861,0.01153234408062312,0.011431503748445922
2024-12-12,0.011567559098735861,0.011533355965799668,0.011453731756919043
2024-12-13,0.011567559098735861,0.011563782640106473,0.011831338207414905
2024-12-16,0.011567559098735861,0.011563648462502579,0.011605412177404231
2024-12-17,0.011567559098735861,0.011562376025363388,0.011341251332564228
2024-12-18,0.011567559098735861,0.011592344236955385,0.011485658408688199
2024-12-19,0.012217971208577332,0.011731324268837781,0.011680175987571532
2024-12-20,0.012217971208577332,0.011777348179277858,0.011866715968861016
2024-12-23,0.012217971208577332,0.011778413970814763,0.012213135807746918
2024-12-24,0.012217971208577332,0.011779464703471404,0.01156813098095467
2024-12-26,0.012217971208577332,0.011774624275948432,0.011610858030762481
2024-12-27,0.012217971208577332,0.01177460296518631,0.011725761571525087
2024-12-30,0.012217971208577332,0.011814765641760528,0.011746195697951056
2024-12-31,0.012217971208577332,0.011868769143814009,0.011783159457720292
2025-01-02,0.012217971208577332,0.011862156132008646,0.011647277433383032
2025-01-03,0.012217971208577332,0.011847764448813431,0.01187941053307536
2025-01-06,0.012217971208577332,0.011855204100720036,0.01157217803535263
2025-01-07,0.012217971208577332,0.011819850331171729,0.011634833584171481
2025-01-08,0.012217971208577332,0.011879507072164541,0.011784824011308186
2025-01-10,0.012217971208577332,0.011875152921623595,0.011976629724323933
2025-01-13,0.012884143336284666,0.012097942044163996,0.012306480302488767
2025-01-14,0.012884143336284666,0.012097886612859191,0.011884227762713969
2025-01-15,0.012884143336284666,0.012115982271971743,0.012280948449678126
2025-01-16,0.012884143336284666,0.012120650964683219,0.012056022862515458
2025-01-17,0.012884143336284666,0.012106358507454021,0.012176364860105855
2025-01-21,0.012884143336284666,0.012112795172235288,0.01212526515563126
2025-01-22,0.012884143336284666,0.012112774897056252,0.012152314256011005
2025-01-23,0.012884143336284666,0.012118630246423458,0.012112062771197427
2025-01-24,0.012884143336284666,0.012101159413452278,0.012149075269702509
2025-02-03,0.012884143336284666,0.012081764223636608,0.011851630091341964
2025-02-04,0.013774566058713337,0.012276172375685322,0.012290915337281966
2025-02-05,0.013774566058713337,0.01231364615400736,0.012111786175013978
2025-02-06,0.013774566058713337,0.012295542682516356,0.01208028957651176
2025-02-07,0.013774566058713337,0.012302582985896374,0.012127813180191625
2025-02-10,0.013774566058713337,0.012292595456732117,0.012342192695467425
2025-02-11,0.013774566058713337,0.0123008326366527,0.012088773056524173
2025-02-12,0.013774566058713337,0.012259912558723505,0.01235333080431452
2025-02-13,0.013774566058713337,0.012261854914996708,0.012137014233786875
2025-02-14,0.013774566058713337,0.01225407557678744,0.012148619948869361
2025-02-18,0.013774566058713337,0.012247054538590409,0.012552489613747175
2025-02-19,0.013774566058713337,0.012246294786047949,0.012362067092574059
2025-02-20,0.013774566058713337,0.01224572480630283,0.01232914732088913
2025-02-21,0.013774566058713337,0.012256224421582874,0.01207061804463729
2025-02-24,0.013774566058713337,0.012325257276046834,0.012547376174966058
2025-02-25,0.012884143336284666,0.012056198150838221,0.012186442991106347
2025-02-26,0.012884143336284666,0.012068129481003912,0.012015562317141184
2025-02-27,0.012884143336284666,0.012073048250826992,0.012010623316742932
2025-02-28,0.012884143336284666,0.01213038582645362,0.012313609070937719
2025-03-03,0.012884143336284666,0.012134063086412199,0.01206220165688718
2025-03-04,0.012884143336284666,0.012198111380245912,0.012057600826997542
2025-03-05,0.012884143336284666,0.01223575055468133,0.012148125956744794
2025-03-06,0.012884143336284666,0.012234513305632544,0.012082198605899961
2025-03-07,0.012884143336284666,0.01227383229994222,0.012063993181672061
2025-03-10,0.012884143336284666,0.012269182933842203,0.012214769373397834
2025-03-11,0.012884143336284666,0.012404381041656493,0.012199736233251584
2025-03-12,0.012884143336284666,0.012380938836768296,0.012265907686128298
2025-03-13,0.012884143336284666,0.012383575647592779,0.012312415672528743
2025-03-14,0.012884143336284666,0.012493493102133471,0.012680322930590321
2025-03-17,0.012884143336284666,0.012526867187320965,0.01243007541038241
2025-03-18,0.012884143336284666,0.012531571948813647,0.01225051477939369
2025-03-19,0.012884143336284666,0.012597304809598867,0.012741488250342095
2025-03-20,0.012884143336284666,0.01259198909047514,0.012703975668750969
2025-03-21,0.012884143336284666,0.012591216854894269,0.012833549191250853
2025-03-24,0.012884143336284666,0.012591907621106338,0.012184414057822283
2025-03-25,0.012884143336284666,0.01263375344975749,0.012765618298306605
2025-03-26,0.012884143336284666,0.012499193696135308,0.012411785196421976
2025-03-27,0.012884143336284666,0.012525907457235171,0.012725037850622564
2025-03-28,0.012884143336284666,0.012538249667594908,0.012405320173694997
2025-03-31,0.012884143336284666,0.01267104807166898,0.012699595575032103
2025-04-01,0.012884143336284666,0.012657934985070354,0.012793346731680675
2025-04-02,0.012884143336284666,0.012633875237012732,0.01235625100799877
2025-04-03,0.012884143336284666,0.012595964594428863,0.012409513902906235
2025-04-04,0.013774566058713337,0.0148297575110643,0.014883894304502765
2025-04-08,0.014652730988699462,0.015714914486934205,0.01525828759537232
2025-04-09,0.015544462425780238,0.016587825773546054,0.01650771749343146
2025-04-10,0.015544462425780238,0.016955544395616383,0.017217250138545845
2025-04-11,0.015544462425780238,0.016941168111192596,0.016681383071810628
2025-04-14,0.015544462425780238,0.017170824093967522,0.01701870458331076
2025-04-15,0.015544462425780238,0.017192759431827968,0.017195726431638074
2025-04-16,0.015544462425780238,0.01722703739892154,0.017092812583411575
2025-04-17,0.01717673823555751,0.017444985185326424,0.017722446398250644
2025-04-22,0.01717673823555751,0.017427482293169268,0.017060044055076613
2025-04-23,0.01717673823555751,0.017458861137816514,0.017008411595373064
2025-04-24,0.01717673823555751,0.017464408994971745,0.017529402398467245
2025-04-25,0.01717673823555751,0.01750422148528184,0.01767853386766531
2025-04-28,0.01717673823555751,0.017488433568717036,0.01746872947023483
2025-04-29,0.01717673823555751,0.01750125685282482,0.01759339969047685
2025-05-05,0.01717673823555751,0.017447568493691865,0.017739602236316265
2025-05-06,0.01717673823555751,0.017481887386515738,0.017550892377150195
2025-05-07,0.01717673823555751,0.01750746215758131,0.017217975547779246
2025-05-08,0.015544462425780238,0.016982838368183557,0.01673644724537228
2025-05-09,0.015544462425780238,0.016994806453337966,0.01678318385915242
2025-05-12,0.015544462425780238,0.016908423130291998,0.017070834294245107
2025-05-13,0.015544462425780238,0.01692826457478871,0.016865642229476455
2025-05-14,0.015544462425780238,0.016912296650059208,0.016970589941529647
2025-05-15,0.015544462425780238,0.016905399034828482,0.016601709156166926
2025-05-16,0.015544462425780238,0.016888266772239344,0.016860508747893455
2025-05-19,0.015544462425780238,0.016874567433464837,0.016857211977345105
2025-05-20,0.015544462425780238,0.016893580491868773,0.01697647364051019
2025-05-21,0.015544462425780238,0.01687714634299628,0.016778780205068233
2025-05-22,0.015544462425780238,0.01691136306086856,0.016880842378975587
2025-05-23,0.015544462425780238,0.016910524130636106,0.016815266477797356
2025-05-27,0.015544462425780238,0.016934276689080215,0.017256182317065258
2025-05-28,0.015544462425780238,0.017007046322018913,0.016882673877425564
2025-05-29,0.015544462425780238,0.017024774555436425,0.016865195886351034
2025-05-30,0.015544462425780238,0.01701366342741963,0.017026518343053448
2025-06-02,0.015544462425780238,0.017019182924779677,0.016831831127059587
2025-06-03,0.015544462425780238,0.01701902356128704,0.01694271051949033
2025-06-04,0.015544462425780238,0.01700868965367573,0.016650063035151656
2025-06-05,0.015544462425780238,0.017020359507191475,0.01736760350240689
2025-06-06,0.015544462425780238,0.017046991323878442,0.016969752781861008
2025-06-09,0.015544462425780238,0.01705405492331431,0.01724102071203319
2025-06-10,0.015544462425780238,0.017110647799321175,0.017445014788102724
2025-06-11,0.015544462425780238,0.017065783321147485,0.01727838723707085
2025-06-12,0.015544462425780238,0.017085578218283784,0.01726076931836122
2025-06-13,0.015544462425780238,0.01705117508955199,0.016974231867625526
2025-06-16,0.015544462425780238,0.017125578959495607,0.01674744488344316
2025-06-17,0.015544462425780238,0.01709557443909552,0.016810565921403217
2025-06-18,0.015544462425780238,0.017063541061480215,0.016875578105510405
2025-06-20,0.015544462425780238,0.01706958648450862,0.017258049105245914
2025-06-23,0.015544462425780238,0.017074114430069582,0.017066282858849615
2025-06-24,0.015544462425780238,0.017074206640106383,0.017295251937975185
2025-06-25,0.015544462425780238,0.017085216854917932,0.017113755300591373
2025-06-26,0.015544462425780238,0.017087474433447467,0.016717029410057396
2025-06-27,0.015544462425780238,0.017081677510844884,0.017057827297858163
2025-06-30,0.015544462425780238,0.017078643532173424,0.016835486595153097
2025-07-01,0.015544462425780238,0.01706425460794285,0.01695272544603756
2025-07-02,0.015544462425780238,0.01705822648585978,0.017070962142686157
2025-07-03,0.015544462425780238,0.01705346723693423,0.017028802571997806
2025-07-07,0.015544462425780238,0.016972686353588597,0.01713313194902448
2025-07-08,0.015544462425780238,0.016970030705961862,0.017056298967804202
2025-07-09,0.015544462425780238,0.016968274290925487,0.016739370009186617
2025-07-10,0.015544462425780238,0.01696329350126288,0.016824470784744958
2025-07-11,0.015544462425780238,0.016948908768254233,0.016663148075486686
2025-07-14,0.015544462425780238,0.016808272302635735,0.016764944240730807
2025-07-15,0.015544462425780238,0.01680709408515857,0.01660340879141545
2025-07-16,0.015544462425780238,0.01685413056755002,0.016755771425053207
2025-07-17,0.015544462425780238,0.016843034832592592,0.016757063422451323
2025-07-18,0.015544462425780238,0.016772537471404392,0.01654551799429861
2025-07-21,0.015544462425780238,0.016776257945904188,0.017226811928677425
2025-07-22,0.015544462425780238,0.01680094773938667,0.01635152192829814
2025-07-23,0.015544462425780238,0.016805296893198797,0.017013046958653216
2025-07-24,0.015544462425780238,0.016805433333896194,0.017358623255193145
2025-07-25,0.015544462425780238,0.016795108383662032,0.017073257512347055
2025-07-28,0.015544462425780238,0.01679481468675398,0.016369645101196904
2025-07-29,0.015544462425780238,0.016796028932440452,0.016505660727780903
2025-07-30,0.01717673823555751,0.01706403829670418,0.01729758645598227
2025-07-31,0.01717673823555751,0.017058644124930772,0.017326313510615764
2025-08-01,0.01717673823555751,0.017083096462725877,0.01714670889371596
2025-08-04,0.01717673823555751,0.01718833907700395,0.017314501463408943
2025-08-05,0.01717673823555751,0.017136638684222393,0.017364887830078512
2025-08-06,0.01717673823555751,0.01710942338628505,0.017407112538606648
2025-08-07,0.01717673823555751,0.017063764560648894,0.01685552246347069
2025-08-08,0.01717673823555751,0.01706187380791384,0.017136297763852962
2025-08-11,0.01717673823555751,0.016965917479340387,0.016502797724507655
2025-08-12,0.01717673823555751,0.016883071284386535,0.016841134801970737
2025-08-13,0.01717673823555751,0.01684616594169965,0.016656899347344573
2025-08-14,0.01717673823555751,0.01684690932652872,0.0168766493858399
2025-08-15,0.01717673823555751,0.016849507308069805,0.01734945378824285
2025-08-18,0.01717673823555751,0.016865091571471834,0.016965065270294153
2025-08-19,0.01717673823555751,0.016860031899131083,0.017030793935967802
2025-08-20,0.015544462425780238,0.01662918180774039,0.016616228960110713
2025-08-21,0.015544462425780238,0.016578042409817043,0.01655257445881242
2025-08-22,0.014652730988699462,0.015828420682812493,0.015866290139240624
2025-08-25,0.014652730988699462,0.01585681497342206,0.015776733546886385
2025-08-26,0.014652730988699462,0.016008619828175117,0.01617980857579648
2025-08-27,0.014652730988699462,0.016078201018859133,0.015914196906849774
2025-08-28,0.014652730988699462,0.016076959068429597,0.016009896974329366
2025-08-29,0.014652730988699462,0.016064722803546386,0.016254269642781125
2025-09-03,0.014652730988699462,0.016091648058665965,0.016443060757225847
2025-09-04,0.014652730988699462,0.016112074243820385,0.016116202072301095
2025-09-05,0.014652730988699462,0.016093245590025264,0.0158218814437818
2025-09-08,0.014652730988699462,0.016200688295546696,0.016315095948119963
2025-09-09,0.014652730988699462,0.01632276309505907,0.016700938326312892
2025-09-10,0.014652730988699462,0.016322711704780158,0.015849812450785695
2025-09-11,0.014652730988699462,0.016280323532386985,0.01604619162296683
2025-09-12,0.014652730988699462,0.016283913604921325,0.016368736819129582
2025-09-15,0.014652730988699462,0.016251250943896966,0.01636129821636602
2025-09-16,0.014652730988699462,0.016233551769482008,0.01621718869945164
2025-09-17,0.014652730988699462,0.016221748453816548,0.016236948803916452
2025-09-18,0.014652730988699462,0.016243282493224296,0.016231303344738053
2025-09-19,0.014652730988699462,0.016256814194177585,0.016382747821165437
2025-09-22,0.013942899903426327,0.01608177445951143,0.01661580440666582
2025-09-23,0.013942899903426327,0.016086292089323637,0.016169011645224596
2025-09-24,0.013942899903426327,0.016016613412778,0.016288916385547927
2025-09-25,0.013942899903426327,0.016006173063634655,0.015803036884459915
2025-09-26,0.013942899903426327,0.01599974484898574,0.01585594075152109
2025-09-29,0.013942899903426327,0.01600784463914545,0.015757574224531914
2025-09-30,0.013942899903426327,0.016006872995078643,0.015502763583056451
2025-10-01,0.013942899903426327,0.016007641616793817,0.015923269479179283
2025-10-02,0.013942899903426327,0.015958082675148748,0.01607744391820698
2025-10-03,0.013942899903426327,0.015994113525576014,0.01577563924598565
2025-10-06,0.013942899903426327,0.01601786043112804,0.016031998143465006
2025-10-07,0.013942899903426327,0.016059842509701706,0.01586360876953199
2025-10-08,0.013942899903426327,0.01609384515236776,0.015919964158720854
2025-10-09,0.013942899903426327,0.016083282461349706,0.015590920440063025
2025-10-10,0.013942899903426327,0.016084239444426957,0.015806276759296602
2025-10-13,0.013942899903426327,0.016126008251453453,0.015946547027260654
2025-10-14,0.013942899903426327,0.016143360013146757,0.01630295968778135
2025-10-15,0.013942899903426327,0.016152050377691744,0.016120231257352506
2025-10-16,0.013942899903426327,0.01614789919705279,0.016314655077944395
2025-10-17,0.013942899903426327,0.016129441294640147,0.01640342004593056
2025-10-20,0.013942899903426327,0.016189324456734336,0.01615648876537316
2025-10-21,0.015352458020435401,0.016497755478965814,0.016116407104266352
2025-10-22,0.015352458020435401,0.016498730452515507,0.016467013992228836
2025-10-23,0.015352458020435401,0.016456797641860244,0.016765912707877927
2025-10-24,0.015352458020435401,0.016455355868650403,0.017084052318808045
2025-10-27,0.015352458020435401,0.016458905821979106,0.016674300829565263
2025-10-28,0.015352458020435401,0.016485664919346645,0.016259096421199014
2025-10-29,0.015352458020435401,0.016491574594696808,0.01633541973744221
2025-10-30,0.015352458020435401,0.016492562160531084,0.016512066097582597
2025-10-31,0.015352458020435401,0.01654013095547621,0.016685357061719135
2025-11-03,0.015352458020435401,0.01661967456740013,0.016664393918378657
2025-11-04,0.015352458020435401,0.016677668605309413,0.016902845669971345
2025-11-05,0.015352458020435401,0.016677808692685103,0.01616397398127136
2025-11-06,0.015352458020435401,0.016644843131730733,0.01662182892731149
2025-11-07,0.015352458020435401,0.016718720289694632,0.016873320527254976
2025-11-10,0.015352458020435401,0.01684351631527026,0.016816050324338437
2025-11-11,0.015352458020435401,0.01681023511527412,0.017022329212778627
2025-11-12,0.015352458020435401,0.016784054663169668,0.016526608105323543
2025-11-13,0.015352458020435401,0.016797914449780994,0.016463843122007018
2025-11-14,0.015352458020435401,0.01688090977263175,0.016902764317493976
2025-11-17,0.015352458020435401,0.016848794341773905,0.016957535339964157
2025-11-18,0.015352458020435401,0.016784448720826916,0.016841039868172033
2025-11-19,0.015352458020435401,0.016786673012569347,0.01666775223226634
2025-11-20,0.015352458020435401,0.016752167225075564,0.017368987588657854
2025-11-21,0.015352458020435401,0.016806508261520775,0.01653465093601386
2025-11-24,0.015352458020435401,0.016725666929709903,0.017056892384971618
2025-11-25,0.015352458020435401,0.016739734066019998,0.016880703960277986
2025-11-26,0.015352458020435401,0.01672383277017628,0.01688712012158944
2025-11-28,0.015352458020435401,0.0167045162376863,0.01636662404508759
2025-12-01,0.015352458020435401,0.016675543634507187,0.01649772526503503
2025-12-02,0.015352458020435401,0.016682298985264073,0.017178893360329645
2025-12-03,0.015352458020435401,0.01659033484407542,0.01673565589959926
2025-12-04,0.015352458020435401,0.01647077329669287,0.016090122855183138
2025-12-05,0.015352458020435401,0.016467131274746326,0.016348366098593182
2025-12-08,0.015352458020435401,0.016443858372114137,0.016402747728644026
2025-12-09,0.015352458020435401,0.016451117036354376,0.01602422864312558
2025-12-10,0.015352458020435401,0.016476580927716096,0.01678668449644221
2025-12-11,0.015352458020435401,0.016513512309921666,0.016438495293836248
2025-12-12,0.015352458020435401,0.016557694498987433,0.016074497438890892
2025-12-15,0.018395438912780126,0.016887245428395436,0.016618794393915216
2025-12-16,0.018395438912780126,0.016880786771317845,0.01685481682640368
2025-12-17,0.018395438912780126,0.01688475028091703,0.016940894304341536
2025-12-18,0.018395438912780126,0.016945665843197656,0.016627529710030578
2025-12-19,0.018395438912780126,0.01693405826474501,0.01707247041931703
2025-12-22,0.018395438912780126,0.016938165909466604,0.01674796219301964
2025-12-23,0.018395438912780126,0.01697972985853303,0.01692436661728205
2025-12-24,0.018395438912780126,0.016979165034025648,0.017103774681722684
2025-12-26,0.018395438912780126,0.016954217671642957,0.016935065186970136
2025-12-29,0.018492504951152,0.017131344680700725,0.016520895853303876
2025-12-30,0.018492504951152,0.017127547946769704,0.01732407943026221
2025-12-31,0.018492504951152,0.01710026909789785,0.017023718038805594
2026-01-05,0.018492504951152,0.01708731200422014,0.017660789687613115
2026-01-06,0.018492504951152,0.017083229587613633,0.016751041722645844
2026-01-07,0.018492504951152,0.01705924336424942,0.016550058102216606
2026-01-08,0.018492504951152,0.01692823587255051,0.016820837000754204
2026-01-09,0.018492504951152,0.016905258937153996,0.01684948456867106
2026-01-12,0.018492504951152,0.01690501255319441,0.016471501714082785
2026-01-13,0.018492504951152,0.016907973326718992,0.016695661433935496
2026-01-14,0.018492504951152,0.016907396451393136,0.016799635761353803
2026-01-15,0.018492504951152,0.01695930003205329,0.01707484517540403
2026-01-16,0.018492504951152,0.01698310069747984,0.01640219855924037
2026-01-20,0.018492504951152,0.016923545657274285,0.01719069433352333
2026-01-21,0.018492504951152,0.016951890025350008,0.017023672115380226
2026-01-22,0.018492504951152,0.016938917393223073,0.016953470144305927
2026-01-23,0.018492504951152,0.01693159688928708,0.016640853058515266
2026-01-26,0.018492504951152,0.016936215553521844,0.0170795416315471
2026-01-27,0.018492504951152,0.016936611327262808,0.01676946553741761
2026-01-28,0.018492504951152,0.016957381514370453,0.0173139925936467
2026-01-29,0.018492504951152,0.01684749017517749,0.016576240401917252
2026-01-30,0.018492504951152,0.0168548253164711,0.016564566334291504
2026-02-02,0.018492504951152,0.01684458509589872,0.01683414162731287
2026-02-03,0.018492504951152,0.01687832837784656,0.016748516745796537
2026-02-04,0.018492504951152,0.016887192289917093,0.016656512118079038
2026-02-05,0.018492504951152,0.0169674025520314,0.017206706657282526
2026-02-06,0.018492504951152,0.017055048309609223,0.017139674841565925
2026-02-09,0.018492504951152,0.017051704998857387,0.016745308392859495
2026-02-10,0.018492504951152,0.017059546986825515,0.017112953954955108
2026-02-11,0.018492504951152,0.01708101349530814,0.016969724338292747
2026-02-12,0.018492504951152,0.016930280389330123,0.016919585106965365
2026-02-13,0.018492504951152,0.016929209812387984,0.0166493361957557
2026-02-23,0.018492504951152,0.01693295447134249,0.01711134985177001
2026-02-24,0.018492504951152,0.01692675013913792,0.017118120819615133
2026-02-25,0.018492504951152,0.016911463270579352,0.017092598918852994
2026-02-26,0.018492504951152,0.01689425535326353,0.016721363440895278
2026-02-27,0.018492504951152,0.016903645028925794,0.016682129932579885
2026-03-02,0.018492504951152,0.016929119313567397,0.016987248811615074
2026-03-03,0.018492504951152,0.01701873597128143,0.0169350307572222
2026-03-04,0.018492504951152,0.017130573482255405,0.01745306327942163
2026-03-05,0.018492504951152,0.01712673607331319,0.017459566569535494
2026-03-06,0.018492504951152,0.017177277337614216,0.017192020133054743
2026-03-09,0.018721348378356265,0.017383907307984413,0.01728547542215562
2026-03-10,0.02105619179581355,0.017845529796677827,0.01770912629667184
2026-03-11,0.02105619179581355,0.017836752768594206,0.017589240441589903
2026-03-12,0.02105619179581355,0.01782492893467516,0.017921635934829944
2026-03-13,0.02105619179581355,0.017957371240876287,0.01808744012480207
2026-03-16,0.02105619179581355,0.01795892291285542,0.01745336657415849
2026-03-17,0.02105619179581355,0.017958921915264485,0.017734378926299553
2026-03-18,0.02105619179581355,0.01789106353536341,0.01817175412835485
2026-03-19,0.02105619179581355,0.0179009169063247,0.017372249117515903
2026-03-20,0.02105619179581355,0.017945466971383144,0.017861877951797358
2026-03-23,0.021873387955476227,0.0182558972486593,0.018388082003122707
2026-03-24,0.021873387955476227,0.018371387517763564,0.017956722436505004
2026-03-25,0.021873387955476227,0.018242710679732113,0.017795459582594594
2026-03-26,0.021873387955476227,0.018262135671590664,0.018406377540392732
2026-03-27,0.021873387955476227,0.018398202407423146,0.01880729862900409
2026-03-30,0.021873387955476227,0.018308673320495683,0.018007340981752766
2026-03-31,0.021873387955476227,0.018347703777060916,0.01794811431229732
2026-04-01,0.021873387955476227,0.018409622322809818,0.018050526343777913
2026-04-02,0.021873387955476227,0.01835641641057523,0.01799679121418682
2026-04-06,0.021873387955476227,0.018378293562100474,0.01844222239611896
2026-04-07,0.021873387955476227,0.018395398770614944,0.01807172117160161
2026-04-08,0.021873387955476227,0.018390231317752068,0.018740674243372744
2026-04-09,0.021873387955476227,0.01871337478849798,0.018482513166580197
2026-04-10,0.021873387955476227,0.018736640385395728,0.018541583628188203
2026-04-13,0.021873387955476227,0.018659560809107887,0.018661656497628715
2026-04-14,0.021873387955476227,0.018625609453597057,0.018478269595100256
2026-04-15,0.021873387955476227,0.018499372962771182,0.01825703094629162
2026-04-16,0.021873387955476227,0.01848612383484246,0.018816278675004895
2026-04-17,0.021873387955476227,0.01848617334789117,0.01881249091851182
2026-04-20,0.021873387955476227,0.018485550634087734,0.018622403345535193
2026-04-21,0.02105619179581355,0.016711154214603386,0.016423289949412008
2026-04-22,0.018721348378356265,0.015888896501150437,0.015873684211910755
2026-04-23,0.016967252069848435,0.014994633307874308,0.01473171700352494
2026-04-24,0.016967252069848435,0.01468072044165184,0.014389884932561704
2026-04-28,0.016967252069848435,0.014668049127365166,0.014335551082650768
2026-04-29,0.016967252069848435,0.014451043672254223,0.014224001269823296
2026-05-04,0.016967252069848435,0.01450312809793898,0.014479166477369665
2026-05-05,0.016967252069848435,0.014456465310658664,0.014501932210702341
2026-05-06,0.015638314019075353,0.014162305879157452,0.014350963458823087
2026-05-07,0.015638314019075353,0.014175330383123108,0.014305488520447917
2026-05-08,0.015638314019075353,0.014097973192525457,0.01405038976508883
2026-05-11,0.015638314019075353,0.01405370802108867,0.014212694478419044
2026-05-12,0.015638314019075353,0.014042652095332531,0.014153441432646737
2026-05-13,0.015638314019075353,0.01405159802338355,0.01362341099769749
2026-05-14,0.015638314019075353,0.014038638221056455,0.014343243214320659
2026-05-15,0.015638314019075353,0.014047608679820167,0.013759753263367865
2026-05-18,0.015638314019075353,0.014089072727971535,0.014078206999315519
2026-05-19,0.015638314019075353,0.014054016691983024,0.013934992045601181
2026-05-20,0.015638314019075353,0.01414002252995209,0.013884225465480116
2026-05-21,0.015638314019075353,0.014126249724600956,0.014119943662421018
2026-05-22,0.015638314019075353,0.014139007291036673,0.014099734959216464
2026-05-26,0.015638314019075353,0.01403643166609607,0.014094833317601642
2026-05-27,0.015638314019075353,0.014033739590399736,0.014105158777396891
2026-05-28,0.015638314019075353,0.014067182484543885,0.014013846707432418
2026-05-29,0.015638314019075353,0.014080267511013928,0.013781126405838841
2026-06-01,0.015638314019075353,0.014065281881249673,0.014351417677505827
2026-06-02,0.015638314019075353,0.014096051411504563,0.013787307479241033
2026-06-03,0.015638314019075353,0.01413910542433304,0.014229751066331935
2026-06-04,0.015638314019075353,0.01414704510937441,0.014301882532873443
2026-06-05,0.015638314019075353,0.014107501465512439,0.014036603281971635
2026-06-08,0.015638314019075353,0.014219221962057903,0.014370882960364775
2026-06-09,0.015638314019075353,0.014278616359507878,0.014081781224452338
2026-06-10,0.015638314019075353,0.014268681586616783,0.014251790312118116
2026-06-11,0.015638314019075353,0.014321974368733748,0.014328717912845216
2026-06-12,0.015638314019075353,0.014294904186057736,0.014265005213726496
2026-06-15,0.015638314019075353,0.014299809346570077,0.01460493021218992
2026-06-16,0.015638314019075353,0.014305301048753757,0.014242794304436833
2026-06-17,0.015638314019075353,0.014308785585786351,0.014434889632200413
2026-06-18,0.015638314019075353,0.014338988974182005,0.014394547671704318
2026-06-22,0.015638314019075353,0.01435528564723884,0.014498947001970066
2026-06-23,0.015638314019075353,0.014281526242409743,0.014422041341013474
2026-06-24,0.015638314019075353,0.014316851867701458,0.0143694410389025
2026-06-25,0.015638314019075353,0.014296944822519,0.014376506826020404
2026-06-26,0.015638314019075353,0.01432836390474226,0.014469994714158461
2026-06-29,0.015638314019075353,0.01424318234702571,0.014715574833015771
2026-06-30,0.015638314019075353,0.014218531288051683,0.013983699679161405
2026-07-01,0.015638314019075353,0.014199909279796679,0.014105827454805084
2026-07-02,0.015638314019075353,0.014195629015962982,0.01406245114127273
2026-07-06,0.015638314019075353,0.014196570134675504,0.014406266702980135
2026-07-07,0.015638314019075353,0.014222267313540489,0.014211096762103406
2026-07-08,0.015638314019075353,0.0142268478331261,0.013791241787461106
2026-07-09,0.015638314019075353,0.014223303882567657,0.014116707606139922
2026-07-10,0.015638314019075353,0.014231903943471153,0.01421571714986184
2026-07-13,0.015638314019075353,0.014251291209320177,0.014088481423534738
2026-07-14,0.015638314019075353,0.014398823440282094,0.014007488969254403
2026-07-15,0.015638314019075353,0.014390765460320148,0.014563005307514278
2026-07-16,0.015638314019075353,0.01443761857791217,0.014786786162835514
2026-07-17,0.015638314019075353,0.014438137708641717,0.014444955361140007
2026-07-20,0.015638314019075353,0.014545117913884908,0.01424216972875336
2026-07-21,0.015638314019075353,0.014696661424258628,0.014654357261848732
2026-07-22,0.015638314019075353,0.01469867573081876,0.014638557351842368
2026-07-23,0.016967252069848435,0.014969986214549742,0.0149485237684671
2026-07-24,0.016967252069848435,0.014966961176050234,0.01514186131516485
2026-07-27,0.016967252069848435,0.014999986488332362,0.01481590590501827
2026-07-28,0.016967252069848435,0.014998133834514923,0.015289109868126372
2026-07-29,0.016967252069848435,0.014995399639643385,0.014594351342640307
2026-07-30,0.016967252069848435,0.01500158983959116,0.01499502050990347
2026-07-31,0.016967252069848435,0.01510910211716784,0.014724197316725465
2026-08-03,0.016967252069848435,0.0150877516828945,0.015087866577408906
2026-08-04,0.016967252069848435,0.015135810856030647,0.015215491994356112
2026-08-05,0.016967252069848435,0.015167026643934246,0.014950322331408741
2026-08-06,0.016967252069848435,0.015185687014599426,0.015136018175012329
2026-08-07,0.016967252069848435,0.015226542836976047,0.015530795023320358
2026-08-10,0.016967252069848435,0.015219258985818196,0.014978064430841926
2026-08-11,0.015638314019075353,0.014883284577181344,0.014829115699561317
2026-08-12,0.015638314019075353,0.014917664759084934,0.01478295936926621
2026-08-13,0.015638314019075353,0.014885601386507769,0.014961768972711502
2026-08-14,0.015638314019075353,0.014827190121285576,0.014811348661872066
2026-08-17,0.015638314019075353,0.014860266899569074,0.01520219747003787
2026-08-18,0.015638314019075353,0.014879105035210678,0.0150656569839889
2026-08-19,0.015638314019075353,0.014859520851546725,0.014518179141210478
2026-08-20,0.015638314019075353,0.014870693927569205,0.014830759800835362
2026-08-21,0.015638314019075353,0.014892771191922595,0.014801583905095438
2026-08-24,0.015638314019075353,0.014907532966491242,0.014795566272638335
2026-08-25,0.015638314019075353,0.014893981777690274,0.014630200868121364
2026-08-26,0.015638314019075353,0.014893204842863335,0.014607597814025767
2026-08-27,0.015638314019075353,0.01488399003212779,0.014814453246099708
2026-08-28,0.015638314019075353,0.014835942488830935,0.014560494331591645
2026-09-03,0.015638314019075353,0.014851876603149176,0.015176567608223536
2026-09-04,0.015638314019075353,0.014857199852222926,0.014719152004009277
2026-09-08,0.015638314019075353,0.014854325052828464,0.014644549731286144
2026-09-09,0.015638314019075353,0.014959855277297783,0.014799112365355162
2026-09-10,0.015638314019075353,0.014955999216336799,0.01490197498021743
2026-09-11,0.015483219231145883,0.014822306506480282,0.014372984985756211
2026-09-14,0.015483219231145883,0.014767601583456563,0.014718305619579129
2026-09-15,0.015483219231145883,0.014806230107823583,0.01428253848636901
2026-09-16,0.015483219231145883,0.014806676276773546,0.014655985030125603
2026-09-17,0.015483219231145883,0.014806338603481049,0.015181188026898431
2026-09-18,0.015483219231145883,0.014802712644622708,0.015021374737500011
2026-09-21,0.015483219231145883,0.01480522854038655,0.014862350587659596
2026-09-22,0.015483219231145883,0.014694869633735078,0.014400078185758301
2026-09-23,0.015483219231145883,0.014564466604458957,0.014734248406113714
2026-09-24,0.015483219231145883,0.014644829801641838,0.014833273625286268
