date,vnindex_close,sp500_close_usd,usd_vnd,sp500_close_vnd,vnindex_return,sp500_vnd_return,portfolio_return
2016-09-27,684.89,2159.93,22018.0,47557338.74,0.01152788606378731,0.009972418119363197,0.010750152091575253
2016-09-28,686.72,2171.37,21956.0,47674599.72,0.0026683985766411205,0.0024626410248069553,0.002565519800724038
2016-09-29,688.55,2151.13,21945.0,47206547.85,0.0026612971708558733,-0.009866146830961453,-0.0036024248300527903
2016-09-30,686.0,2168.27,21797.0,47261781.19,-0.0037103094472496255,0.001169351609265083,-0.0012704789189922714
2016-10-03,683.05,2161.2,22004.0,47555044.8,-0.004309564392389081,0.006185917786128235,0.000938176696869577
2016-10-04,684.2,2150.49,21888.0,47069925.12,0.0016822092100082077,-0.010253613411379441,-0.004285702100685617
2016-10-05,687.04,2159.73,21983.0,47477344.59,0.004142242146911799,0.008618376671296932,0.006380309409104366
2016-10-06,687.32,2160.77,22026.0,47593120.02,0.0004074623881283425,0.0024355721349780045,0.0014215172615531734
2016-10-07,683.95,2153.74,21829.0,47013990.45999999,-0.004915161543091032,-0.012242986618854429,-0.008579074080972731
2016-10-10,674.19,2163.66,21994.0,47587538.04,-0.014372845239442362,0.012125694300852438,-0.0011235754692949622
2016-10-11,682.36,2136.73,22000.0,47008060.0,0.01204540751630772,-0.012251844708737603,-0.00010321859621494154
2016-10-12,682.45,2139.18,21954.0,46963557.72,0.00013188648988582681,-0.0009471430716334804,-0.0004076282908738268
2016-10-13,685.23,2132.55,21891.0,46683652.05,0.004065284026447649,-0.005977893078235237,-0.0009563045258937936
2016-10-14,687.0,2132.98,22025.0,46978884.5,0.002579743893697004,0.006304194583152488,0.004441969238424746
2016-10-17,680.95,2126.5,21926.0,46625639.0,-0.008845410207382963,-0.0075476518385253315,-0.008196531022954147
2016-10-18,682.02,2139.6,22006.0,47084037.6,0.0015701009117076077,0.009783456158779544,0.005676778535243576
2016-10-19,688.89,2144.29,21966.0,47101474.14,0.010022623672214525,0.00037025949909009776,0.005196441585652311
2016-10-20,686.39,2141.34,22038.0,47190850.92,-0.00363562729583034,0.0018957387403518244,-0.0008699442777392578
2016-10-21,684.83,2141.16,21967.0,47034861.72,-0.0022753470238712926,-0.003310971880871532,-0.0027931594523714124
2016-10-24,678.02,2151.33,21986.0,47299141.38,-0.009993846248790541,0.0056030772091707325,-0.002195384519809904
2016-10-25,676.18,2143.16,21953.0,47048791.48,-0.0027174732422308796,-0.005306962855018836,-0.004012218048624858
2016-10-26,673.61,2139.43,21995.0,47056762.85,-0.0038080043645426862,0.00016941338002472673,-0.0018192954922589797
2016-10-27,676.9,2133.04,22022.0,46973806.88,0.004872243090939169,-0.0017644472805015555,0.0015538979052188064
2016-10-28,682.25,2126.41,21820.0,46398266.2,0.007872608073885885,-0.012328053780165552,-0.0022277228531398336
2016-10-31,676.0,2126.15,21916.0,46596703.4,-0.009203083545483711,0.004267703985203133,-0.002467689780140289
2016-11-01,676.6,2111.72,21899.0,46244556.28,0.0008871803036440923,-0.007586041163012077,-0.0033494304296839924
2016-11-02,671.4,2097.94,21962.0,46074958.28,-0.0077151718006735984,-0.003674156901668054,-0.005694664351170826
2016-11-03,667.63,2088.66,21900.0,45741654.0,-0.005630956679818532,-0.007260249224948204,-0.006445602952383368
2016-11-04,666.73,2085.18,21895.0,45655016.1,-0.001348961504357557,-0.0018958661372559678,-0.0016224138208067625
2016-11-07,674.14,2131.52,22008.0,46910492.16,0.011052638114278123,0.027127881151873368,0.019090259633075746
2016-11-08,676.46,2139.56,22027.0,47128088.12,0.0034355135226792257,0.004627810154079117,0.004031661838379171
2016-11-09,670.26,2163.26,22316.0,48275310.16,-0.009207621187903872,0.024051079132495424,0.007421728972295776
2016-11-10,678.17,2167.48,21984.0,47649880.32,0.01173229716332622,-0.01304013470189768,-0.0006539187692857305
2016-11-11,679.2,2164.45,21997.0,47611406.65,0.001517641022999433,-0.0008077504160530327,0.00035494530347320014
2016-11-14,673.05,2164.2,22066.0,47755237.2,-0.009096013907035695,0.00301637245995101,-0.0030398207235423427
2016-11-15,674.26,2180.39,22067.0,48114666.13,0.0017961721137852906,0.007498299290451912,0.004647235702118601
2016-11-16,674.6,2176.94,22381.0,48722094.14,0.0005041294236627612,0.012545565863043956,0.006524847643353359
2016-11-17,674.57,2187.12,22272.0,48711536.64,-4.447178636480952e-05,-0.00021671162116822864,-0.00013059170376651907
2016-11-18,673.25,2181.9,22215.0,48470908.5,-0.0019587191494768006,-0.00495210079151378,-0.0034554099704952905
2016-11-21,674.29,2198.18,22191.0,48779812.38,0.0015435537445840286,0.0063527532975754435,0.003948153521079736
2016-11-22,681.91,2202.94,22177.0,48854600.38,0.011237398889664038,0.0015320011154530127,0.0063847000025585255
2016-11-23,683.16,2204.72,22415.0,49418798.8,0.0018314084250344454,0.011482346668693107,0.006656877546863776
2016-11-25,675.87,2213.35,22355.0,49479439.25,-0.010728342893829578,0.0012263202822464306,-0.004751011305791574
2016-11-28,665.29,2201.72,22311.0,49122574.92,-0.015777714035450124,-0.007238511123581577,-0.01150811257951585
2016-11-29,658.26,2204.66,22188.0,48916996.08,-0.010623045764256435,-0.0041937992835394166,-0.007408422523897926
2016-11-30,665.0,2198.81,22291.0,49013673.71,0.010187050598399711,0.00197441029687269,0.0060807304476362
2016-12-01,666.54,2191.08,22223.0,48692370.84,0.00231311216583171,-0.006576952934222656,-0.002131920384195473
2016-12-02,665.14,2191.95,22283.0,48843221.85,-0.0021026080075974103,0.0030932529576286846,0.0004953224750156371
2016-12-05,660.21,2204.71,22205.0,48955585.55,-0.0074395785845351396,0.0022978552076151045,-0.0025708616884600175
2016-12-06,651.49,2212.23,22389.0,49529617.47,-0.013295918976620911,0.011657353653180309,-0.0008192826617203011
2016-12-07,653.53,2241.35,22261.0,49894692.35,0.003126391414131006,0.007343807996513947,0.005235099705322477
2016-12-08,658.89,2246.19,22627.0,50824541.13,0.008168162327707253,0.018464699673989046,0.01331643100084815
2016-12-09,663.07,2259.53,22250.0,50274542.50000001,0.006323964311658649,-0.01088049537572596,-0.0022782655320336552
2016-12-12,659.7,2256.96,22187.0,50075171.52,-0.005095379077604176,-0.003973528858914884,-0.004534453968259531
2016-12-13,654.66,2271.72,22239.0,50520781.08,-0.0076691693337629496,0.00885945136225164,0.0005951410142443448
2016-12-14,665.14,2253.28,22587.0,50894835.36000001,0.0158815279190263,0.0073766938333238805,0.011629110876175089
2016-12-15,665.92,2262.03,22354.0,50565418.620000005,0.0011719983911809,-0.0064935358348276045,-0.0026607687218233524
2016-12-16,675.16,2258.07,22745.0,51359802.150000006,0.01378015661545754,0.015587890985789304,0.014684023800623423
2016-12-19,674.33,2262.53,22438.0,50766648.14000001,-0.0012300944870406567,-0.011616200859343008,-0.006423147673191833
2016-12-20,662.66,2270.76,22350.0,50751486.00000001,-0.017457567198055524,-0.00029870801391664693,-0.008878137605986085
2016-12-21,666.94,2265.18,22340.0,50604121.2,0.006438048711308635,-0.0029078786642616696,0.0017650850235234829
2016-12-22,664.15,2260.96,22402.0,50650025.92,-0.004192059268427057,0.0009067228247081127,-0.0016426682218594723
2016-12-23,664.37,2263.79,22378.0,50659092.62,0.00033119561920175053,0.00017899079875261816,0.00025509320897718437
2016-12-27,663.86,2268.88,22364.0,50741232.32,-0.0007679393253631784,0.0016201075887072602,0.0004260841316720409
2016-12-28,663.5,2249.92,22392.0,50380208.64,-0.0005424301000887375,-0.007140428587494946,-0.0038414293437918417
2016-12-29,664.72,2249.26,22318.0,50198984.68000001,0.00183704558446377,-0.003603611246674312,-0.0008832828311052711
2016-12-30,664.87,2238.83,22468.0,50302032.44,0.0002256334669128044,0.0020506816560700073,0.0011381575614914058
2017-01-03,672.01,2257.83,22338.0,50435406.54,0.010681688541171299,0.002647956495256383,0.006664822518213841
2017-01-04,674.7,2270.75,22222.0,50460606.5,0.003994926268569617,0.000499523415539001,0.002247224842054309
2017-01-05,675.81,2269.0,22062.0,50058678.0,0.0016438238146321718,-0.007997085217108181,-0.003176630701238005
2017-01-06,679.8,2276.98,22297.0,50769823.06,0.005886665814003628,0.014106266479322083,0.009996466146662854
2017-01-09,682.57,2268.9,22077.0,50090505.3,0.0040664486403254015,-0.01347066866368872,-0.00470211001168166
2017-01-10,681.07,2268.9,22237.0,50453529.3,-0.002199995020675809,0.007221225584723235,0.002510615282023713
2017-01-11,687.16,2275.32,22059.0,50191283.88,0.008902070876579671,-0.0052113170110808255,0.001845376932749423
2017-01-12,686.96,2270.44,22265.0,50551346.6,-0.00029109539401542614,0.007148200348814265,0.0034285524773994196
2017-01-13,685.06,2274.64,22202.0,50501557.28,-0.0027696406970170125,-0.0009854110494054256,-0.0018775258732112192
2017-01-17,684.71,2267.89,22195.0,50335818.55,-0.0005110347103775966,-0.0032872509401152402,-0.0018991428252464184
2017-01-18,683.28,2271.89,22309.0,50683594.01,-0.0020906593189430056,0.006885346590927913,0.0023973436359924537
2017-01-19,682.31,2263.69,22196.0,50244863.24,-0.001420631614375255,-0.00869395105004611,-0.005057291332210683
2017-01-20,686.26,2271.31,22084.0,50159610.04,0.005772464643052377,-0.0016981956620699139,0.0020371344904912313
2017-01-23,687.15,2265.2,22100.0,50060919.99999999,0.0012960443342920531,-0.001969458191056136,-0.0003367069283820415
2017-01-24,691.36,2280.07,22229.0,50683676.03,0.006108063182762223,0.012363223176998941,0.009235643179880583
2017-01-25,697.28,2298.37,22227.0,51085869.99,0.00852637957263191,0.007904055183866691,0.0082152173782493
2017-02-02,703.18,2280.85,22640.0,51638444.0,0.00842585279955366,0.01075849170152052,0.00959217225053709
2017-02-03,700.35,2297.42,22137.0,50857986.54,-0.004032694470752843,-0.015229262914826376,-0.009630978692789609
2017-02-06,700.04,2292.56,22196.0,50885661.76,-0.000442733817099136,0.0005440186418507113,5.0642412375787645e-05
2017-02-07,701.91,2293.08,22210.0,50929306.8,0.002667714410669448,0.0008573403948487769,0.0017625274027591124
2017-02-08,702.04,2294.67,22183.0,50902664.61,0.0001851917808632343,-0.0005232578774422522,-0.0001690330482895089
2017-02-09,700.65,2307.87,22347.0,51573970.89,-0.0019819068432626367,0.01310183301048284,0.005559963083610102
2017-02-10,703.78,2316.1,22266.0,51570282.6,0.00445733170351569,-7.151712047495557e-05,0.0021929072915203673
2017-02-13,705.9,2328.25,22398.0,52148143.5,0.0030077770816839696,0.011142993602087193,0.0070753853418855815
2017-02-14,706.26,2337.58,22478.0,52544123.24,0.0005098572510177354,0.0075646777099307085,0.004037267480474222
2017-02-15,711.57,2349.25,22319.0,52432910.75,0.007490354734520432,-0.002118797366977108,0.002685778683771662
2017-02-16,709.35,2347.22,22305.0,52354742.1,-0.003124738628970235,-0.0014919441818495441,-0.0023083414054098895
2017-02-17,707.83,2351.16,22483.0,52861130.28,-0.002145105890365289,0.00962577372616808,0.0037403339179013953
2017-02-21,716.55,2365.38,22469.0,53147723.22,0.012244076636451398,0.0054069755262636,0.008825526081357499
2017-02-22,717.24,2362.82,22334.0,52771221.88,0.0009624841200825516,-0.007109265021344035,-0.0030733904506307416
2017-02-23,716.87,2363.81,22830.0,53965782.3,-0.0005159994815035812,0.022384182632786742,0.010934091575641581
2017-02-24,714.47,2367.34,22815.0,54010862.1,-0.0033535040580119613,0.0008349917312151248,-0.0012592561633984183
2017-02-27,717.44,2369.75,22777.0,53975795.75,0.00414831135909296,-0.0006494571075859831,0.0017494271257534886
2017-02-28,711.0,2363.64,22760.0,53796446.4,-0.009016890640499542,-0.0033283062871430113,-0.006172598463821276
2017-03-01,709.52,2395.96,22391.0,53647940.36,-0.002083744735044035,-0.002764334909364875,-0.002424039822204455
2017-03-02,707.51,2381.92,22474.0,53531270.08,-0.002836921375073747,-0.002177107399911137,-0.002507014387492442
2017-03-03,712.62,2383.12,22840.0,54430460.8,0.007196555321080857,0.016657967697481915,0.011927261509281386
2017-03-06,716.29,2375.31,22800.0,54157068.0,0.005136793877730461,-0.005035447084831849,5.067339644930589e-05
2017-03-07,716.54,2368.39,22448.0,53165618.72,0.0003489597545235736,-0.018476568478048752,-0.009063804361762589
2017-03-08,716.6,2362.98,22461.0,53074893.78,8.373222439551537e-05,-0.0017079164984931225,-0.0008120921370488036
2017-03-09,715.8,2364.87,22390.0,52949439.3,-0.0011170065389281365,-0.0023665235122071913,-0.001741765025567664
2017-03-10,712.21,2372.6,22281.0,52863900.6,-0.0050279865871027014,-0.0016167851560865878,-0.0033223858715946447
2017-03-13,710.17,2373.47,22458.0,53303389.26,-0.002868433750115937,0.008279219917739052,0.002705393083811558
2017-03-14,714.71,2365.45,22483.0,53182412.35,0.006372488018047872,-0.002272170753636473,0.0020501586322056995
2017-03-15,713.14,2385.26,22224.0,53010018.24,-0.002199111437086404,-0.0032468276785605744,-0.0027229695578234892
2017-03-16,714.92,2381.38,22310.0,53128587.8,0.002492893746509517,0.002234240937337961,0.002363567341923739
2017-03-17,710.54,2378.25,22404.0,53282313.0,-0.006145403988295327,0.002889277429000368,-0.0016280632796474796
2017-03-20,715.07,2373.47,22447.0,53277281.09,0.0063551956659299,-9.444311507958558e-05,0.0031303762754251573
2017-03-21,716.18,2344.02,22419.0,52550584.38,0.0015510920140357817,-0.013733776619099417,-0.006091342302531818
2017-03-22,712.94,2348.45,22390.0,52581795.49999999,-0.004534266613136641,0.0005937489658760219,-0.0019702588236303093
2017-03-23,719.56,2345.96,22429.0,52617536.84,0.009242648693773992,0.0006794974945220088,0.004961073094148001
2017-03-24,722.14,2343.98,22432.0,52580159.36,0.003579111818212397,-0.0007106140708979704,0.0014342488736572134
2017-03-27,723.52,2341.59,22408.0,52470348.720000006,0.0019091631769073767,-0.002090626347324616,-9.073158520861966e-05
2017-03-28,719.26,2358.57,22490.0,53044239.3,-0.005905283383031097,0.010878045394233522,0.0024863810056012124
2017-03-29,720.47,2361.13,22447.0,53000285.11,0.0016808711145663176,-0.0008289761826300771,0.00042594746596812024
2017-03-30,723.86,2368.06,22524.0,53338183.44,0.004694226700409243,0.006355168959356528,0.005524697829882885
2017-03-31,722.0,2362.72,22435.0,53007623.2,-0.0025728646287233167,-0.006216724759698075,-0.004394794694210696
2017-04-03,722.38,2358.84,22329.0,52670538.36000001,0.0005261773338973572,-0.006379482349819539,-0.0029266525079610912
2017-04-04,724.14,2360.16,22249.0,52511199.84,0.002433427631137975,-0.003029777689831191,-0.00029817502934660796
2017-04-05,723.22,2352.95,22320.0,52517843.99999999,-0.0012712802950269335,0.00012652043217630446,-0.0005723799314253145
2017-04-07,727.95,2355.54,22655.0,53364758.7,0.00651890095650031,0.015997581101660076,0.011258241029080194
2017-04-10,729.87,2357.16,22650.0,53389674.0,0.0026340715728048257,0.00046677781563211245,0.001550424694218469
2017-04-11,731.33,2353.78,22653.0,53320178.34,0.001998358179397749,-0.0013025164649989687,0.00034792085719939007
2017-04-12,725.58,2344.93,22670.0,53159563.1,-0.007893459246298291,-0.0030168247902229222,-0.005455142018260606
2017-04-13,724.35,2328.95,22645.0,52739072.74999999,-0.0016966340375785597,-0.007941415987329718,-0.004819025012454139
2017-04-17,710.83,2349.01,22285.0,52347687.85,-0.018841399632701292,-0.0074488300416122285,-0.01314511483715676
2017-04-18,714.93,2342.19,22232.0,52071568.08,0.0057513344484229015,-0.00528868763016205,0.00023132340913042558
2017-04-19,716.77,2338.17,22398.0,52370331.66,0.0025703723029192114,0.005721159719662583,0.004145766011290897
2017-04-20,712.66,2355.84,22439.0,52862693.760000005,-0.005750559770125002,0.009357626863702558,0.0018035335467887783
2017-04-21,712.41,2348.69,22292.0,52356997.48,-0.00035085996135577696,-0.009612272526521536,-0.004981566243938656
2017-04-24,709.39,2374.15,22332.0,53019517.8,-0.004248142554164061,0.012574510514661325,0.004163183980248631
2017-04-25,707.58,2388.61,22300.0,53266003.0,-0.002554748490722803,0.004638179124021076,0.0010417153166491363
2017-04-26,710.04,2387.45,22350.0,53359507.49999999,0.0034706091466691637,0.0017538865423623905,0.002612247844515777
2017-04-27,716.53,2388.77,22417.0,53549057.09,0.00909881011746366,0.003546016904202411,0.0063224135108330345
2017-04-28,717.73,2384.2,22465.0,53561052.99999999,0.001673337163423305,0.00022399211503130672,0.0009486646392273058
2017-05-03,719.54,2388.13,22426.0,53556203.38,0.002518665187247147,-9.054787561208941e-05,0.0012140586558175288
2017-05-04,722.02,2389.52,22280.0,53238505.6,0.0034407203954530063,-0.0059497089362710665,-0.0012544942704090301
2017-05-05,720.0,2399.29,22286.0,53470576.94,-0.002801627330089198,0.004349614866112019,0.0007739937680114105
2017-05-08,718.86,2399.38,22422.0,53798898.36,-0.0015845881302382454,0.006121451500048914,0.0022684316849053343
2017-05-09,722.11,2396.92,22415.0,53726961.8,0.0045108579788218,-0.001338032927622924,0.0015864125255994378
2017-05-10,724.31,2399.63,22375.0,53691721.25,0.003041995681085968,-0.0006561344872918837,0.0011929305968970422
2017-05-11,724.99,2394.44,22376.0,53577989.44,0.00093838411633024,-0.0021204840002688272,-0.0005910499419692935
2017-05-12,725.37,2390.9,22210.0,53101889.0,0.0005240078445284044,-0.00892583695989461,-0.004200914557683103
2017-05-15,725.35,2402.32,22302.0,53576540.64,-2.7572515718102784e-05,0.008898795639308312,0.004435611561795104
2017-05-16,725.03,2400.67,22240.0,53390900.8,-0.0004412636759916707,-0.0034709631992101207,-0.001956113437600896
2017-05-17,727.2,2357.03,22216.0,52363778.48,0.00298850955434952,-0.019425232521569465,-0.008218361483609972
2017-05-18,726.99,2365.72,22404.0,53001590.88,-0.00028882058253710576,0.01210682778379088,0.005909003600626887
2017-05-19,733.82,2381.73,22257.0,53010164.61,0.009351044651966725,0.00016175055264512387,0.004756397602305925
2017-05-22,744.1,2394.02,22325.0,53446496.5,0.01391166747051693,0.008197407824277143,0.011054537647397037
2017-05-23,740.93,2398.42,22447.0,53837333.74,-0.004269280505982993,0.0072860741111029186,0.0015083968025599629
2017-05-24,742.74,2404.39,22269.0,53543360.91,0.00243989687454126,-0.005475352257447486,-0.001517727691453113
2017-05-25,741.91,2415.07,22349.0,53974399.43000001,-0.0011181087616205067,0.008018039585012616,0.0034499654116960546
2017-05-26,743.41,2415.82,22451.0,54237574.82,0.002019767470891959,0.004864081090882522,0.0034419242808872404
2017-05-30,738.21,2412.91,22290.0,53783763.9,-0.007019372512526785,-0.008402295236126197,-0.007710833874326492
2017-05-31,738.0,2411.8,22304.0,53792787.2,-0.00028451236804607604,0.00016775588971576965,-5.837823916515319e-05
2017-06-01,741.8,2430.06,22380.0,54384742.8,0.0051358404550178385,0.010944260023965811,0.008040050239491826
2017-06-02,738.81,2439.07,22227.0,54213208.89,-0.004038881359096297,-0.0031590660778639855,-0.0035989737184801414
2017-06-05,743.49,2436.1,22335.0,54410293.5,0.006314532214239113,0.0036287695007168157,0.004971650857477965
2017-06-06,751.31,2429.33,22311.0,54200781.63,0.010463033638112877,-0.00385802515295922,0.0033025042425768284
2017-06-07,753.46,2433.14,22252.0,54142231.28,0.002857581508182743,-0.0010808330713216183,0.0008883742184305623
2017-06-08,750.13,2433.79,22396.0,54507160.84,-0.004429406213726121,0.006717588109710124,0.0011440909479920013
2017-06-09,749.72,2431.77,22301.0,54230902.77,-0.000546721352418587,-0.0050811768244843816,-0.0028139490884514845
2017-06-12,751.09,2429.39,22361.0,54323589.79,0.0018256813061350763,0.0017076592656444618,0.001766670285889769
2017-06-13,756.89,2440.35,22332.0,54497896.2,0.007692447646013735,0.003203532050389312,0.005447989848201523
2017-06-14,760.77,2437.92,22352.0,54492387.84,0.005113145834122442,-0.00010107983575246382,0.0025060329991849887
2017-06-15,760.57,2432.46,22345.0,54353318.7,-0.00026292610613291357,-0.002555345912946538,-0.0014091360095397258
2017-06-16,761.24,2433.15,22339.0,54354137.85,0.0008805304779039211,1.5070723315872475e-05,0.00044780060060989677
2017-06-19,766.83,2453.46,22481.0,55156234.26,0.007316451388026458,0.014649037132642102,0.010982744260334281
2017-06-20,767.99,2437.03,22406.0,54604094.18000001,0.0015115781927138433,-0.010060916275213787,-0.004274669041249972
2017-06-21,767.41,2435.61,22329.0,54384735.690000005,-0.0007555034878051447,-0.004025344367081166,-0.0023904239274431553
2017-06-22,766.3,2434.5,22395.0,54520627.5,-0.0014474707654033993,0.0024955957456518113,0.000524062490124206
2017-06-23,769.01,2438.3,22312.0,54403349.6,0.003530235345905663,-0.0021533908041451934,0.0006884222708802349
2017-06-26,772.52,2439.07,22369.0,54559556.830000006,0.004553925082134326,0.002867165389179232,0.003710545235656779
2017-06-27,767.51,2419.38,22236.0,53797333.68,-0.006506389711966312,-0.014068984796608437,-0.010287687254287374
2017-06-28,769.04,2440.69,22355.0,54561624.95,0.0019914750651283263,0.014106889811317979,0.008049182438223152
2017-06-29,771.75,2419.7,22318.0,54002864.6,0.0035176796247080038,-0.010293702594206302,-0.0033880114847491495
2017-06-30,776.0,2423.41,22338.0,54134132.58,0.0054918568009499616,0.002427810053922634,0.003959833427436298
2017-07-03,778.88,2429.01,22411.0,54436543.11000001,0.0037044701758888092,0.005570773326213808,0.004637621751051309
2017-07-05,778.32,2432.54,22331.0,54321050.74,-0.0007192396919354013,-0.002123850102316345,-0.0014215448971258732
2017-07-06,782.65,2409.75,22730.0,54773617.5,0.0055478466670595755,0.00829681896315292,0.006922332815106248
2017-07-07,775.73,2425.18,22744.0,55158293.92,-0.008881075839863419,0.00699847724120379,-0.0009412992993298144
2017-07-10,766.56,2427.43,22390.0,54350157.7,-0.011891548359556577,-0.014759607660649548,-0.013325578010103062
2017-07-11,769.36,2425.53,22246.0,53958340.38,0.0036460272694144357,-0.007235240746667807,-0.0017946067386266857
2017-07-12,774.17,2443.25,22463.0,54882724.75,0.006232487311447105,0.01698635703956251,0.011609422175504808
2017-07-13,778.3,2447.83,22357.0,54726135.31,0.00532056624966895,-0.00285724249746099,0.0012316618761039802
2017-07-14,777.6,2459.27,22274.0,54777779.98,-0.0008998008191130942,0.000943247986929346,2.172358390812592e-05
2017-07-17,768.91,2459.14,22344.0,54947024.16,-0.011238325600261502,0.0030848870598505092,-0.004076719270205496
2017-07-18,767.49,2460.61,22387.0,55085676.07,-0.0018484774854587726,0.0025201959616764796,0.0003358592381088535
2017-07-19,771.3,2473.83,22400.0,55413792.0,0.004951952879444431,0.005938795907320569,0.0054453743933824995
2017-07-20,768.41,2473.45,22142.0,54767129.9,-0.0037539580750543793,-0.011738321190842576,-0.0077461396329484775
2017-07-21,761.86,2472.54,22356.0,55276104.24,-0.008560633092252539,0.009250509101538391,0.00034493800464292616
2017-07-24,759.74,2469.91,22401.0,55328453.91,-0.0027865422867828166,0.0009466097018910378,-0.0009199662924458895
2017-07-25,767.27,2477.13,22397.0,55480280.61,0.009862490797081545,0.0027403398417837313,0.006301415319432638
2017-07-26,773.88,2477.83,22194.0,54992959.02,0.008578062527341083,-0.008822494073218863,-0.00012221577293889015
2017-07-27,771.5,2475.42,22440.0,55548424.8,-0.003080151007070822,0.010050000028635295,0.0034849245107822367
2017-07-28,777.0,2472.1,22307.0,55145134.7,0.007103678564431801,-0.007286636841624759,-9.147913859647869e-05
2017-07-31,784.0,2470.3,22181.0,54793724.3,0.008968669982760316,-0.0063928550832665024,0.0012879074497469068
2017-08-01,786.81,2476.35,22400.0,55470240.0,0.0035777757939470483,0.012270993397791552,0.0079243845958693
2017-08-02,786.23,2477.57,22346.0,55363779.220000006,-0.0007374256551435047,-0.0019210854842395637,-0.001329255569691534
2017-08-03,788.49,2472.16,22330.0,55203332.8,0.0028703535252803847,-0.0029022469645673342,-1.5946719643474775e-05
2017-08-04,788.68,2476.83,22582.0,55931775.06,0.0002409378835751393,0.013109317229310071,0.006675127556442605
2017-08-07,792.98,2480.91,22399.0,55569903.09,0.005437338737775856,-0.006490902137617396,-0.0005267816999207703
2017-08-08,791.57,2474.92,22517.0,55727773.64,-0.001779685553823355,0.0028369083797162116,0.0005286114129464283
2017-08-09,773.66,2474.02,22345.0,55281976.9,-0.02288581448826014,-0.008031711346038016,-0.01545876291714908
2017-08-10,773.43,2438.21,22302.0,54376959.42,-0.0002973324133624985,-0.016506416327471653,-0.008401874370417076
2017-08-11,772.08,2441.32,22271.0,54370637.720000006,-0.0017469965815162004,-0.00011626371843375263,-0.0009316301499749766
2017-08-14,776.17,2465.84,22423.0,55291530.32,0.005283396756483739,0.016795477676440237,0.011039437216461988
2017-08-15,771.06,2464.61,22411.0,55234374.71,-0.006605376808259683,-0.0010342483072957019,-0.003819812557777692
2017-08-16,773.57,2468.11,22252.0,54920383.720000006,0.0032499721088995203,-0.005700921955263645,-0.0012254749231820625
2017-08-17,767.59,2430.01,22336.0,54276703.36000001,-0.007760427225870797,-0.01178946861509491,-0.009774947920482854
2017-08-18,768.97,2425.55,22366.0,54249851.3,0.0017962206110231516,-0.0004948477473017542,0.0006506864318606987
2017-08-21,768.79,2428.37,22284.0,54113797.08,-0.00023410675374855477,-0.0025110688597957493,-0.001372587806772152
2017-08-22,761.26,2452.51,22371.0,54865101.21000001,-0.009842895060583362,0.01378828460761168,0.0019726947735141586
2017-08-23,765.98,2444.04,22342.0,54604741.68,0.006181104512328893,-0.004756744214617973,0.0007121801488554598
2017-08-24,769.77,2438.97,22386.0,54598782.42,0.004935709189755941,-0.00010914043397462532,0.002413284377890658
2017-08-25,771.63,2443.05,22196.0,54225937.8,0.002413391595680737,-0.006852231333013481,-0.0022194198686663717
2017-08-28,777.26,2444.24,22323.0,54562769.52,0.0072697542047793886,0.006192422074781233,0.00673108813978031
2017-08-29,774.03,2446.3,22528.0,55110246.400000006,-0.004164282200857504,0.009983885699054756,0.002909801749098626
2017-08-30,778.65,2457.59,22502.0,55300690.18,0.005951018412835604,0.003449730158367832,0.004700374285601718
2017-08-31,783.0,2471.65,22290.0,55093078.5,0.0055710450494554295,-0.0037612978929069687,0.0009048735782742304
2017-09-01,788.73,2476.55,22495.0,55709992.25000001,0.007291360966274201,0.011135433710955355,0.009213397338614778
2017-09-05,792.31,2457.85,22366.0,54972273.1,0.004528672416230451,-0.013330592255483598,-0.004400959919626574
2017-09-06,793.55,2465.54,22406.0,55242889.24,0.0015638205802595974,0.004910697912681295,0.0032372592464704458
2017-09-07,796.72,2465.1,22326.0,55035822.6,0.003986749669816703,-0.0037553373609917617,0.0001157061544124708
2017-09-08,801.2,2461.43,22458.0,55278794.94,0.00560730416827905,0.004405086802100884,0.005006195485189967
2017-09-11,797.47,2488.11,22500.0,55982475.0,-0.0046663873950804164,0.012649315310869531,0.003991463957894558
2017-09-12,799.94,2496.48,22343.0,55778852.64,0.0030925084587038938,-0.003643882720541364,-0.0002756871309187352
2017-09-13,802.78,2498.37,22575.0,56400702.75,0.0035439789513854536,0.011086805924685443,0.007315392438035449
2017-09-14,806.32,2495.62,22362.0,55807054.44,0.004399982239950513,-0.010581333480387409,-0.003090675620218448
2017-09-15,805.82,2500.23,22398.0,56000151.54,-0.0006202935427839196,0.003454111750534022,0.001416909103875051
2017-09-18,807.87,2503.87,22398.0,56081680.26,0.0025407619837882036,0.001454807314799407,0.001997784649293805
2017-09-19,805.93,2506.65,22386.0,56113866.9,-0.0024042643877953025,0.0005737596847240485,-0.0009152523515356271
2017-09-20,805.86,2508.24,22612.0,56716322.88,-8.685995079248476e-05,0.010679086982825355,0.005296113516016435
2017-09-21,803.93,2500.6,22329.0,55835897.4,-0.0023978294370384646,-0.015645065660619795,-0.00902144754882913
2017-09-22,807.13,2502.22,22433.0,56132301.26,0.003972545042761926,0.005294441741931558,0.004633493392346743
2017-09-25,805.58,2496.66,22452.0,56055010.32,-0.0019222308750700028,-0.0013778911561400779,-0.0016500610156050402
2017-09-26,805.35,2496.84,22389.0,55901750.760000005,-0.0002855493430041158,-0.0027378365407231165,-0.0015116929418636162
2017-09-27,803.77,2507.04,22398.0,56152681.92,-0.001963806935191264,0.0044787443647492835,0.0012574687147790097
2017-09-28,804.82,2510.06,22378.0,56170122.68,0.0013054913298316184,0.0003105470915237357,0.000808019210677677
2017-09-29,804.42,2519.36,22523.0,56743545.28,-0.0004971290898038999,0.010156919707219651,0.004829895308707876
2017-10-02,802.23,2529.12,22413.0,56685166.56,-0.0027261710470124884,-0.0010293465244842754,-0.001877758785748382
2017-10-03,798.0,2534.58,22421.0,56827818.18,-0.00528675234470351,0.0025133987168599993,-0.0013866768139217554
2017-10-04,805.66,2537.74,22421.0,56898668.53999999,0.009553219830600626,0.0012459783329185144,0.00539959908175957
2017-10-05,805.23,2552.07,22451.0,57296523.57,-0.0005338663846853598,0.006968010341024674,0.003217071978169657
2017-10-06,807.8,2549.33,22343.0,56959680.19,0.0031865522335884668,-0.00589629875342123,-0.0013548732599163817
2017-10-09,808.96,2544.73,22395.0,56989228.35,0.0014349689490708367,0.000518621214382648,0.0009767950817267423
2017-10-10,810.65,2550.64,22331.0,56958341.84,0.0020869229176949076,-0.000542117935554761,0.0007724024910700733
2017-10-11,813.95,2555.24,22311.0,57009959.63999999,0.0040625440584408905,0.0009058273723333444,0.0024841857153871175
2017-10-12,815.87,2550.93,22426.0,57207156.18,0.0023560894923181953,0.0034530155050864083,0.002904552498702302
2017-10-13,820.95,2553.17,22392.0,57170582.64,0.006207177711199636,-0.0006395220192990028,0.0027838278459503167
2017-10-16,819.43,2557.64,22385.0,57252771.4,-0.0018532296602393758,0.0014365734132556526,-0.00020832812349186162
2017-10-17,828.29,2559.36,22365.0,57240086.400000006,0.010754358013103175,-0.00022158587523515312,0.005266386068934011
2017-10-18,827.72,2561.26,22303.0,57123781.78,-0.000688401667272533,-0.002033940648319755,-0.0013611711577961438
2017-10-19,828.93,2562.1,22340.0,57237314.0,0.0014607795432540044,0.00198550488735975,0.0017231422153068771
2017-10-20,826.84,2575.21,22422.0,57741358.62,-0.0025245065558468114,0.008767675559748521,0.0031215845019508547
2017-10-23,820.04,2564.98,22372.0,57383732.56,-0.008258086374660925,-0.006212845639141525,-0.0072354660069012255
2017-10-24,825.24,2569.13,22372.0,57476576.36,0.006321133563370733,0.0016166388736675908,0.003968886218519162
2017-10-25,830.69,2557.15,22314.0,57060245.1,0.006582427612615974,-0.007269855899815775,-0.0003437141435999008
2017-10-26,830.11,2560.4,22688.0,58090355.2,-0.0006984586025760792,0.01789200538085614,0.008596773389140031
2017-10-27,840.37,2581.07,22407.0,57834035.49,0.012284048916890836,-0.0044221949528619135,0.0039309269820144615
2017-10-30,845.2,2572.83,22350.0,57502750.5,0.005731014695225822,-0.005744670240699677,-6.8277727369274455e-06
2017-10-31,837.0,2575.26,22351.0,57559636.260000005,-0.009749215252426318,0.0009887812383619582,-0.00438021700703218
2017-11-01,842.71,2579.36,22409.0,57800878.24,0.006798818837624888,0.004182407346336301,0.005490613091980594
2017-11-02,833.09,2579.85,22358.0,57680286.3,-0.011481209779218507,-0.0020885134699569286,-0.006784861624587718
2017-11-03,843.73,2587.84,22447.0,58089244.48,0.012690858654217072,0.007065069338120489,0.009877963996168781
2017-11-06,849.09,2591.13,22330.0,57859932.900000006,0.006332649558034385,-0.003955386043229397,0.0011886317574024943
2017-11-07,850.33,2590.64,22331.0,57851581.84,0.0014593216745251917,-0.0001443427654242816,0.000657489454550455
2017-11-08,859.7,2594.38,22372.0,58041469.36,0.01095898174574021,0.0032769469430221983,0.007117964344381204
2017-11-09,860.4,2584.62,22367.0,57810195.54,0.0008139062131764306,-0.003992590480650902,-0.0015893421337372356
2017-11-10,868.21,2582.3,22321.0,57639518.3,0.009036223488976682,-0.0029567394957649294,0.0030397419966058763
2017-11-13,879.34,2584.84,22340.0,57745325.6,0.012738005198996446,0.0018339900818998768,0.007285997640448161
2017-11-14,880.9,2578.87,22229.0,57325701.23,0.0017724860342018419,-0.007293342931631377,-0.0027604284487147673
2017-11-15,882.59,2564.62,22509.0,57727031.58,0.0019166544946218964,0.006976487528315507,0.004446571011468702
2017-11-16,892.8,2585.64,22358.0,57809739.12,0.011501825016674655,0.0014317096388737946,0.006466767327774224
2017-11-17,890.69,2578.85,22378.0,57709505.3,-0.00236614837698056,-0.0017353618552061133,-0.002050755116093337
2017-11-20,903.55,2582.14,22452.0,57974207.28,0.014335005594107077,0.004576313053231234,0.009455659323669156
2017-11-21,918.3,2599.03,22350.0,58088320.50000001,0.016192685775303528,0.0019664099852639847,0.009079547880283756
2017-11-22,932.66,2597.08,22245.0,57772044.6,0.015516583949462967,-0.005459618314528894,0.005028482817467037
2017-11-24,935.57,2602.42,22248.0,57898640.16,0.0031152506419556544,0.0021888970538868784,0.0026520738479212666
2017-11-27,938.61,2601.42,22454.0,58412284.68,0.0032440882584457865,0.008832323529660638,0.006038205894053212
2017-11-28,941.21,2627.04,22455.0,58990183.2,0.0027662240618060905,0.009844821798835198,0.006305522930320644
2017-11-29,952.14,2626.07,22367.0,58737307.690000005,0.011545801271658943,-0.004295953256017943,0.0036249240078205
2017-11-30,950.0,2647.58,22275.0,58974844.5,-0.002250098208219431,0.004035898214527921,0.000892900003154245
2017-12-01,960.33,2642.22,22382.0,59138168.04,0.010814990798800349,0.0027655486992128665,0.006790269749006607
2017-12-04,970.02,2639.44,22361.0,59020517.84,0.01003971444818325,-0.00199139382777886,0.004024160310202195
2017-12-05,953.3,2629.57,22454.0,59044364.78,-0.01738704034203755,0.0004039633089043153,-0.008491538516566617
2017-12-06,947.64,2629.27,22393.0,58877243.11,-0.005954966202042461,-0.0028344556164086442,-0.004394710909225552
2017-12-07,938.65,2636.98,22395.0,59055167.1,-0.009532010527118794,0.003017391481744808,-0.0032573095226869925
2017-12-08,940.16,2651.5,22301.0,59131101.5,0.0016074007750866435,0.001284995479562164,0.0014461981273244037
2017-12-11,917.45,2659.99,22407.0,59602395.92999999,-0.02445199101449514,0.007938735326055402,-0.00825662784421987
2017-12-12,927.25,2664.11,22441.0,59785292.510000005,0.01062513383873751,0.0030639126273275907,0.006844523233032551
2017-12-13,924.4,2662.85,22208.0,59136572.8,-0.0030783379694745215,-0.010910123938917096,-0.006994230954195809
2017-12-14,935.85,2652.01,22476.0,59606576.760000005,0.012310328824679506,0.007916354186028833,0.01011334150535417
2017-12-15,935.16,2675.81,22473.0,60133478.13,-0.0007375695814352092,0.008800810578820312,0.004031620498692551
2017-12-18,958.06,2690.16,22395.0,60246133.2,0.02419276884635103,0.0018716641737322479,0.01303221651004164
2017-12-19,951.42,2681.47,22319.0,59847728.92999999,-0.006954801060289777,-0.006634905805808859,-0.006794853433049318
2017-12-20,953.51,2679.25,22306.0,59763350.5,0.002194307232926971,-0.0014108800689526027,0.00039171358198718416
2017-12-21,946.06,2684.57,22370.0,60053830.900000006,-0.007843920674710807,0.004848736478543899,-0.001497592098083454
2017-12-22,952.32,2683.34,22355.0,59986065.7,0.006595120776870579,-0.0011290447445887147,0.002733038016140932
2017-12-26,965.93,2680.5,22363.0,59944021.5,0.014190255054158586,-0.0007011451872342125,0.006744554933462187
2017-12-27,968.46,2682.62,22366.0,59999478.92,0.002615813194467048,0.0009247257876865744,0.0017702694910768113
2017-12-28,976.72,2687.54,22370.0,60120269.8,0.00849283834735672,0.0020111750482661095,0.005252006697811415
2017-12-29,984.24,2673.61,22343.0,59736468.23,0.007669750391313547,-0.006404360541357243,0.0006326949249781519
2018-01-02,995.77,2695.81,22384.0,60343011.04,0.011646537470923812,0.01010244168764303,0.010874489579283421
2018-01-03,1005.67,2713.06,22378.0,60712856.68,0.00989295781349941,0.0061103488445349045,0.008001653329017156
2018-01-04,1019.75,2723.99,22365.0,60922036.35,0.01390351316133122,0.003439471536576846,0.008671492348954033
2018-01-05,1012.65,2743.15,22419.0,61498679.85,-0.006986842041678716,0.009420754635032978,0.0012169562966771307
2018-01-08,1022.9,2747.71,22410.0,61576181.1,0.01007107330697253,0.0012594165802131269,0.005665244943592829
2018-01-09,1033.56,2751.29,22358.0,61513341.82,0.010367423126120767,-0.0010210338616724595,0.0046731946322241535
2018-01-10,1038.11,2748.23,22482.0,61785706.86,0.00439259854705509,0.004417965684682933,0.004405282115869011
2018-01-11,1048.17,2767.56,22202.0,61445367.12,0.009644034330081807,-0.005523616638742444,0.0020602088456696814
2018-01-12,1050.11,2786.24,22236.0,61954832.63999999,0.0018491341029663842,0.008257173256436752,0.005053153679701568
2018-01-16,1062.96,2776.42,22299.0,61911389.58,0.012162548713866832,-0.0007014513077523367,0.005730548703057248
2018-01-17,1034.69,2802.56,22424.0,62844605.44,-0.02695560435594331,0.014960936611744642,-0.005997333872099334
2018-01-18,1050.25,2798.03,22385.0,62633901.55,0.014926366122382222,-0.003358409230344399,0.005783978446018911
2018-01-19,1062.07,2810.3,22475.0,63161492.50000001,0.01119160295119992,0.008388129747580013,0.009789866349389966
2018-01-22,1086.51,2832.97,22675.0,64237594.74999999,0.022750890519061265,0.01689380774183081,0.01982234913044604
2018-01-25,1104.57,2839.25,22678.400390625,64389648.30908203,0.01648539442588358,0.002364252335562735,0.009424823380723157
2018-01-26,1115.64,2872.87,22676.0,65145200.12,0.009972112310130772,0.011665746918712553,0.010818929614421663
2018-01-29,1109.8,2853.53,22666.0,64678110.98,-0.005248412363966115,-0.007195797911962711,-0.006222105137964413
2018-01-30,1110.56,2822.43,22676.099609375,64001703.820488274,0.0006845736994726079,-0.010513123454270957,-0.004914274877399175
2018-01-31,1110.36,2823.81,22661.80078125,63992619.66410156,-0.00018010554233443348,-0.0001419462387808068,-0.00016102589055762013
2018-02-01,1099.67,2821.98,22674.80078125,63987834.30867188,-0.009674152271479155,-7.478259817609618e-05,-0.004874467434827626
2018-02-02,1105.04,2762.13,22675.80078125,62633509.61191407,0.0048713986142442925,-0.021392544163005477,-0.008260572774380592
2018-02-05,1048.71,2648.94,22674.5,60063390.03,-0.05232069598128462,-0.04189992718225191,-0.04711031158176827
2018-02-06,1011.6,2695.14,22675.5,61113647.07,-0.03602760161460965,0.017334692520167835,-0.009346454547220906
2018-02-07,1040.55,2681.66,22665.099609375,60780091.01847656,0.028216183703609916,-0.00547291254384644,0.011371635579881738
2018-02-08,1023.25,2581.0,22660.0,58485460.0,-0.016765583126907513,-0.03848410865820679,-0.027624845892557152
2018-02-09,1003.94,2619.55,22667.400390625,59378388.69326172,-0.01905157786277016,0.015152157118500351,-0.0019497103721349048
2018-02-12,1041.79,2656.0,22671.30078125,60214974.875,0.0370081289839232,0.013990740002681728,0.025499434493302463
2018-02-13,1059.73,2662.94,22678.0,60390153.32,0.017073771185435394,0.0029049936899999966,0.009989382437717695
2018-02-21,1087.15,2701.33,22682.599609375,61273186.80279297,0.025545434401967156,0.014516270687140986,0.02003085254455407
2018-02-22,1076.03,2703.96,22687.599609375,61346361.83976562,-0.010281250707115008,0.0011935298485321983,-0.004543860429291405
2018-02-23,1102.85,2747.3,22705.5,62378820.150000006,0.02461939588464389,0.01668992940287822,0.020654662643761056
2018-02-26,1114.53,2779.6,22711.5,63128885.4,0.010535053105450356,0.011952639506363938,0.011243846305907147
2018-02-27,1119.61,2744.28,22709.30078125,62320679.94796875,0.004547618998706624,-0.012885124499462572,-0.004168752750377974
2018-02-28,1124.87,2713.83,22718.80078125,61654963.12417968,0.004687063043153422,-0.01073958087008647,-0.003026258913466524
2018-03-01,1115.79,2677.67,22722.5,60843356.575,-0.00810479921424193,-0.01325109482437407,-0.010677947019308
2018-03-02,1121.21,2691.25,22715.0,61131743.75,0.004845785074534493,0.00472863250929089,0.004787208791912691
2018-03-05,1093.48,2720.94,22725.0,61833361.5,-0.025043188211472528,0.01141177999708042,-0.006815704107196054
2018-03-06,1120.29,2728.12,22730.0,62010167.6,0.024222309289624325,0.0028553162431238024,0.013538812766374064
2018-03-07,1112.26,2726.8,22735.0,61993798.00000001,-0.007193598914171405,-0.0002640173645394945,-0.0037288081393554496
2018-03-08,1124.15,2738.97,22722.5,62236245.825,0.010633213076831268,0.003903212545759667,0.007268212811295468
2018-03-09,1123.41,2786.57,22725.0,63324803.25,-0.0006584918994282104,0.017339528565923787,0.008340518333247789
2018-03-12,1126.29,2783.02,22723.5,63239954.97,0.0025603427775125758,-0.001340788603468843,0.0006097770870218664
2018-03-13,1133.31,2765.31,22727.5,62848583.025,0.006213509103812301,-0.00620791085563766,2.799124087320224e-06
2018-03-14,1138.09,2749.48,22731.5,62499804.62,0.004208864186218814,-0.005564958778574673,-0.0006780472961779292
2018-03-15,1138.76,2747.33,22735.0,62460547.55,0.0005885324192099278,-0.000628312430459124,-1.9890005624598065e-05
2018-03-16,1150.19,2752.01,22744.400390625,62592817.31900391,0.009987195007372954,0.0021154139829473078,0.00605130449516013
2018-03-19,1159.22,2712.92,22713.30078125,61619367.95546875,0.007820219034049346,-0.015674296226972254,-0.003927038596461454
2018-03-20,1159.39,2716.94,22739.5,61781857.13,0.0001466395817361786,0.002633511431172209,0.0013900755064541939
2018-03-21,1169.36,2711.93,22734.80078125,61655188.28269531,0.008562585863541621,-0.0020523642856820107,0.0032551107889298055
2018-03-22,1172.36,2643.69,22738.0,60112223.22,0.002562220625218561,-0.02534418090210708,-0.01139098013844426
2018-03-23,1153.59,2588.26,22770.0,58934680.2,-0.016139992229093153,-0.019783486879687378,-0.017961739554390267
2018-03-26,1171.22,2658.55,22757.0,60500622.35,0.015167121586814896,0.02622393641406551,0.020695529000440204
2018-03-27,1171.73,2612.62,22780.5,59516789.91,0.00043534860586443274,-0.016395195654054732,-0.007979923524095149
2018-03-28,1172.24,2605.0,22784.0,59352320.0,0.00043515915992782815,-0.002767245671796603,-0.0011660432559343875
2018-03-29,1167.03,2640.87,22777.900390625,60153473.80458984,-0.004454388432757441,0.013407982680447284,0.0044767971238449215
2018-04-02,1196.61,2581.88,22505.0,58105209.400000006,0.02503049903553209,-0.034643870626329926,-0.004806685795398918
2018-04-03,1188.29,2614.45,22775.0,59544098.74999999,-0.006977260055293961,0.024461871004679475,0.008742305474692756
2018-04-04,1191.54,2644.69,22775.0,60232814.75,0.0027312892268778113,0.011500105825438875,0.007115697526158343
2018-04-05,1193.17,2662.84,22780.5,60660826.620000005,0.0013670427463685344,0.0070808299503350835,0.0042239363483518085
2018-04-06,1199.96,2604.47,22778.0,59324617.66,0.005674592036693785,-0.02227377180616531,-0.008299589884735762
2018-04-09,1204.33,2613.16,22767.5,59495120.3,0.003635172805503775,0.00286993996042841,0.0032525563829660926
2018-04-10,1198.12,2656.87,22374.0,59444809.38,-0.005169734088765063,-0.0008459887799827834,-0.003007861434373923
2018-04-11,1167.11,2642.19,22757.5,60129638.925,-0.026223053976248578,0.011454571483664114,-0.007384241246292232
2018-04-12,1173.02,2663.99,22755.5,60620424.44499999,0.0050510121788202526,0.008128993209835829,0.0065900026943280406
2018-04-13,1157.14,2656.3,22753.5,60440122.05,-0.013630176340134912,-0.0029787165767056825,-0.008304446458420298
2018-04-16,1148.49,2677.84,22751.5,60924876.760000005,-0.007503407384261811,0.007988419933746863,0.000242506274742526
2018-04-17,1153.28,2706.39,22742.5,61550074.575,0.004162020457759226,0.010209487552012685,0.007185754004885955
2018-04-18,1138.53,2708.64,22737.5,61587702.0,-0.012872099922103596,0.0006111435047427689,-0.006130478208680414
2018-04-19,1094.63,2693.13,22739.0,61239083.07,-0.03932155001145171,-0.005676609803894291,-0.022499079907673
2018-04-20,1119.86,2670.14,22744.0,60729664.16,0.022787270869680812,-0.008353318104001334,0.007216976382839739
2018-04-23,1076.78,2670.29,22428.0,59889264.12,-0.0392285713092793,-0.01393502083545224,-0.02658179607236577
2018-04-24,1080.74,2634.56,22736.0,59899356.16,0.0036708855045434344,0.00016849747497358963,0.001919691489758512
2018-04-26,1044.86,2666.94,22734.0,60630213.96,-0.033763086539163045,0.012127592540809976,-0.010817746999176535
2018-04-27,1050.26,2669.91,22732.0,60692394.12,0.00515484741456164,0.0010250383902629396,0.00308994290241229
2018-05-02,1029.08,2635.67,22494.0,59286760.98,-0.02037255335075009,-0.02343236130986867,-0.02190245733030938
2018-05-03,1026.46,2629.73,22726.0,59763243.98,-0.002549209860992782,0.008004796714596725,0.0027277934268019714
2018-05-04,1026.8,2663.42,22727.5,60532878.05,0.0003311806620763961,0.012795833451888424,0.00656350705698241
2018-05-07,1062.26,2672.63,22416.0,59909674.080000006,0.03395154393338435,-0.010348660349562739,0.011801441791910805
2018-05-08,1060.45,2671.92,22733.5,60742093.32,-0.0017053676090142767,0.013798926718360268,0.006046779554672995
2018-05-09,1056.97,2697.79,22737.5,61341000.125,-0.0032870220677130575,0.009811540527659656,0.003262259229973299
2018-05-10,1028.87,2723.07,22742.0,61928057.940000005,-0.026945211649474176,0.009524892337794343,-0.008710159655839916
2018-05-11,1044.85,2727.72,22458.0,61259135.76,0.015412221821938781,-0.010860361937008175,0.002275929942465303
2018-05-14,1066.98,2730.13,22398.0,61149451.74,0.020958893557517407,-0.0017920972963634714,0.009583398130576968
2018-05-15,1073.5,2711.45,22732.5,61638037.12499999,0.006092110335211351,0.007958269497780106,0.0070251899164957285
2018-05-16,1054.62,2722.46,22735.5,61896489.33,-0.017743825865973825,0.004184297127381356,-0.006779764369296235
2018-05-17,1030.64,2720.13,22737.5,61848955.875,-0.023000543969592415,-0.0007682457687086757,-0.011884394869150546
2018-05-18,1040.54,2712.97,22740.0,61692937.8,0.009559840667727297,-0.002525753059162444,0.0035170438042824263
2018-05-21,1014.98,2733.01,22428.0,61295948.28,-0.024870901302741402,-0.0064557198850630215,-0.015663310593902212
2018-05-22,985.91,2724.44,22736.5,61944230.06,-0.029059114302166553,0.010520720893801395,-0.009269196704182579
2018-05-23,988.94,2733.29,22734.5,62139981.505,0.0030685898955375955,0.003155141253215827,0.0031118655743767112
2018-05-24,985.92,2727.76,22739.0,62026534.64000001,-0.003058447033323309,-0.0018273347773652595,-0.0024428909053442844
2018-05-25,963.9,2721.33,22743.0,61891208.19,-0.022587660618380623,-0.002184134421862684,-0.012385897520121654
2018-05-29,952.18,2689.86,22779.5,61273665.870000005,-0.01223346224084928,-0.010027980781527569,-0.011130721511188425
2018-05-30,948.5,2724.01,22802.5,62114238.025000006,-0.003872303174004328,0.013625082074929571,0.004876389450462622
2018-05-31,971.0,2705.27,22820.0,61734261.4,0.023444678916256106,-0.006136171516367592,0.008654253699944256
2018-06-01,992.87,2734.62,22771.0,62270032.02,0.02227327076864143,0.008641216188240285,0.015457243478440857
2018-06-04,1013.78,2746.87,22533.0,61895221.71,0.020841459026733688,-0.006037300085081555,0.007402079470826066
2018-06-05,1022.74,2748.8,22532.0,61935961.6,0.008799381114508476,0.0006579908288186731,0.004728685971663574
2018-06-06,1034.5,2772.35,22794.5,63194332.075,0.011432917984389116,0.020113640933246975,0.015773279458818047
2018-06-07,1036.69,2770.37,22773.5,63091021.195,0.002114727104855557,-0.0016361502006642457,0.00023928845209565555
2018-06-08,1039.01,2779.03,22767.0,63270176.010000005,0.002235391401533631,0.002835600469224394,0.0025354959353790125
2018-06-11,1039.02,2782.0,22366.0,62222212.0,9.624500127504418e-06,-0.01670202293482615,-0.008346199217349323
2018-06-12,1020.76,2786.85,22780.5,63485836.425,-0.01773051332231737,0.020104790487201825,0.0011871385824422272
2018-06-13,1030.53,2775.63,22778.5,63224687.955000006,0.009525785118482072,-0.004121975519164749,0.002701904799658661
2018-06-14,1015.72,2782.49,22777.5,63378165.975,-0.014475512383087441,0.002424559801310233,-0.006025476290888604
2018-06-15,1016.51,2779.66,22778.0,63315095.48,0.0007774710931278488,-0.0009956409596821186,-0.0001090849332771349
2018-06-18,987.34,2773.75,22781.0,63188798.75,-0.02911601236701792,-0.0019967254404285287,-0.015556368903723224
2018-06-19,962.16,2762.59,22801.0,62989814.59,-0.025833701328940535,-0.003154010330071174,-0.014493855829505855
2018-06-20,980.95,2767.32,22818.5,63146091.42,0.01934073286447661,0.0024779131479015803,0.010909323006189096
2018-06-21,969.4,2749.76,22832.5,62783895.2,-0.011844166455562305,-0.005752358567896563,-0.008798262511729434
2018-06-22,983.17,2754.88,22842.0,62926968.96,0.014104721763150611,0.0022762363894499164,0.008190479076300263
2018-06-25,990.52,2717.07,22840.0,62057878.8,0.007448012582639299,-0.013907352505752356,-0.0032296699615565285
2018-06-26,983.02,2723.06,22865.0,62262766.9,-0.0076005919369142375,0.0032961264695180307,-0.0021522327336981036
2018-06-27,968.91,2699.63,22886.0,61783732.18,-0.014457737499896282,-0.00772350860129705,-0.011090623050596667
2018-06-28,957.35,2716.31,22901.5,62207573.465,-0.0120026775010408,0.006836655742123459,-0.002583010879458671
2018-06-29,960.78,2718.37,22906.0,62266983.22,0.003576403743226151,0.0009545687262261758,0.0022654862347261636
2018-07-02,947.15,2726.71,22923.5,62505736.685,-0.014287978988152605,0.003827018543504192,-0.005230480222324207
2018-07-03,906.01,2713.22,22919.5,62185645.79,-0.04440713206462767,-0.005134141458109065,-0.02477063676136837
2018-07-05,899.4,2736.61,23004.0,62952976.440000005,-0.007322469173053091,0.012263843945729939,0.002470687386338424
2018-07-06,917.51,2759.82,23006.5,63493798.830000006,0.019935604715283915,0.008554202931683111,0.014244903823483514
2018-07-09,915.12,2784.17,22602.400390625,62928925.09556641,-0.002608274834473033,-0.008936328470507548,-0.005772301652490291
2018-07-10,911.12,2793.84,23005.0,64272289.2,-0.004380592251322314,0.021122660794403274,0.00837103427154048
2018-07-11,893.16,2774.02,23004.5,63814943.09,-0.019908875806276073,-0.007141196595733268,-0.01352503620100467
2018-07-12,898.51,2798.29,23009.0,64385854.61,0.005972099662405361,0.008906579433252033,0.007439339547828697
2018-07-13,909.72,2801.31,23013.0,64466547.03,0.012399024033988104,0.001252478487346681,0.006825751260667393
2018-07-16,911.11,2798.43,23010.0,64391874.3,0.0015267765469735056,-0.0011589888745801892,0.00018389383619665822
2018-07-17,921.27,2809.55,23012.400390625,64654489.51748047,0.011089516498359106,0.004070096548946553,0.007579806523652829
2018-07-18,942.39,2815.62,23006.80078125,64778408.415703125,0.02266604873404452,0.0019147981396276646,0.012290423436836093
2018-07-19,943.97,2804.49,23016.19921875,64548700.54699218,0.0016751843439095073,-0.003552358235099559,-0.0009385869455950258
2018-07-20,933.39,2801.83,23017.0,64489721.11,-0.011271266041637395,-0.0009141376706564322,-0.006092701856146914
2018-07-23,936.74,2806.98,22555.69921875,63313396.59304688,0.003582642472122005,-0.018408905167191857,-0.007413131347534926
2018-07-24,934.08,2820.4,23018.0,64919967.2,-0.00284367474423426,0.025058294109745978,0.011107309682755858
2018-07-25,927.58,2846.07,23216.0,66074361.120000005,-0.006983043534495506,0.017625554022074035,0.005321255243789264
2018-07-26,930.16,2837.44,23182.5,65778952.8,0.0027775702290980973,-0.004480870529372864,-0.0008516501501373832
2018-07-27,935.52,2818.82,23145.0,65241588.900000006,0.005745910067007752,-0.008202788755132601,-0.0012284393440624248
2018-07-30,949.73,2802.6,23197.5,65013313.5,0.015075209245444598,-0.003505060147438915,0.005785074549002841
2018-07-31,956.0,2816.29,23222.5,65401294.525,0.006580179378596339,0.005949980228322197,0.006265079803459268
2018-08-01,952.77,2813.36,23248.0,65404993.28,-0.0033843816521057575,5.655316824683674e-05,-0.0016639142419294605
2018-08-02,953.55,2827.22,23256.5,65751241.92999999,0.0008183306512319301,0.005279954152939979,0.0030491424020859547
2018-08-03,959.6,2840.35,23247.5,66031036.625,0.006324668915012138,0.0042463238379076,0.005285496376459869
2018-08-06,960.23,2850.4,23271.0,66331658.4,0.0006563081341720921,0.004542402099739326,0.0025993551169557092
2018-08-07,956.79,2858.45,23272.5,66523277.62499999,-0.003588907462978462,0.002884640399635387,-0.00035213353167153766
2018-08-08,966.27,2857.7,23268.0,66492963.6,0.009859366627658721,-0.0004557943488046783,0.0047017861394270215
2018-08-09,963.5,2853.58,23249.0,66342881.42,-0.0028708104099708248,-0.0022596648342686535,-0.002565237622119739
2018-08-10,968.47,2833.28,23242.5,65852510.400000006,0.005145018777197799,-0.007418916233434896,-0.0011369487281185486
2018-08-13,978.04,2821.93,23242.0,65587297.06,0.009833062362325593,-0.0040355156485718385,0.0028987733568768773
2018-08-14,978.27,2839.96,23280.0,66114268.8,0.00023513655919541973,0.008002555609233283,0.004118846084214351
2018-08-15,961.37,2818.37,23280.0,65611653.6,-0.01742635507359687,-0.007631263915857883,-0.012528809494727376
2018-08-16,964.28,2840.69,23277.5,66124161.475,0.0030223583882350202,0.007780882676423714,0.005401620532329367
2018-08-17,968.88,2850.13,23278.0,66345326.14,0.004759056345017246,0.003339106604455434,0.00404908147473634
2018-08-20,969.62,2857.05,23259.0,66452125.95,0.0007634769522263353,0.0016084620803298517,0.0011859695162780935
2018-08-21,979.21,2862.96,23238.0,66529464.48,0.009841881959194592,0.001163146544860151,0.005502514252027371
2018-08-22,982.15,2861.82,23234.0,66491525.88,0.0029979220560692574,-0.0005704152544046668,0.0012137534008322952
2018-08-23,987.36,2856.98,23240.0,66396215.2,0.005290668392471409,-0.001434454308101994,0.0019281070421847074
2018-08-24,987.05,2874.69,23247.0,66827918.43,-0.00031401786107997814,0.006480878940803167,0.0030834305398615945
2018-08-27,991.92,2896.74,22872.400390625,66255397.10753906,0.004921762159909702,-0.008604006476279596,-0.001841122158184947
2018-08-28,995.19,2897.52,23259.0,67393417.67999999,0.0032912148313333487,0.017030425292686124,0.010160820062009737
2018-08-29,988.17,2914.04,23261.5,67784941.46,-0.007078925979170175,0.0057927153030498365,-0.0006431053380601694
2018-08-30,998.07,2901.13,23266.0,67497690.58,0.009968666408561009,-0.004246684254531059,0.002860991077014975
2018-08-31,990.0,2901.52,23268.0,67512567.36,-0.008118471003675038,0.00022037999611589738,-0.00394904550377957
2018-09-04,975.94,2896.72,23271.0,67409571.11999999,-0.014303834015069546,-0.0015267510753548615,-0.007915292545212204
2018-09-05,968.44,2888.6,23289.900390625,67275206.26835938,-0.0077145796569345225,-0.001995249928341369,-0.004854914792637946
2018-09-06,958.19,2878.05,23279.0,66998125.95,-0.010640441296674111,-0.004127114551723599,-0.007383777924198856
2018-09-07,968.9,2871.68,23279.5,66851274.56,0.011115319231001118,-0.0021942787694655902,0.004460520230767763
2018-09-10,970.34,2877.13,23291.5,67012673.395,0.001485118154193626,0.002411387317854837,0.0019482527360242317
2018-09-11,985.06,2887.89,23267.5,67193980.575,0.01505602747735622,0.0027019120876179987,0.00887896978248711
2018-09-12,987.01,2888.92,23249.19921875,67165076.60703126,0.0019776180719074457,-0.00043024964629609103,0.0007736842128056773
2018-09-13,987.95,2904.18,23245.400390625,67508826.90644531,0.0009519180854108904,0.0051049392193787,0.0030284286523947954
2018-09-14,991.34,2904.98,23242.0,67517545.16,0.003425474099114814,0.00012913408593268766,0.0017773040925237508
2018-09-17,987.61,2888.8,23213.5,67059158.8,-0.003769680302274251,-0.006812295430323886,-0.0052909878662990685
2018-09-18,993.49,2904.31,23256.5,67544085.515,0.0059361135392836835,0.007205306461050671,0.0065707100001671775
2018-09-19,995.54,2907.95,23246.5,67599659.675,0.0020613069947346577,0.0008224452127543202,0.001441876103744489
2018-09-20,1004.74,2930.75,23272.5,68205879.375,0.009198777044538366,0.0089278203355538,0.009063298690046084
2018-09-21,1002.97,2929.67,23287.5,68224690.125,-0.0017632033098013281,0.0002757556490181327,-0.0007437238303915977
2018-09-24,1011.29,2919.37,22978.900390625,67083912.433378905,0.008261145351181203,-0.01686226448676069,-0.004300559567789743
2018-09-25,1010.74,2915.56,23024.69921875,67129892.05421875,-0.0005440077679995343,0.0006851697977592864,7.058101487987604e-05
2018-09-26,1009.61,2905.97,23310.5,67739613.685,-0.0011186181778715621,0.00904171452686042,0.003961548174494428
2018-09-27,1015.37,2914.0,23313.5,67935539.0,0.00568896041920569,0.0028881552342377914,0.004288557826721741
2018-09-28,1017.13,2913.98,23312.5,67932158.75,0.0017318577514408976,-4.9757963911556e-05,0.0008410498937646709
2018-10-01,1012.88,2924.59,23292.5,68121012.575,-0.00418717760938105,0.0027761785257155963,-0.000705499541832727
2018-10-02,1018.79,2923.43,23296.0,68104225.28,0.005817890375952788,-0.00024646380287988013,0.002785713286536454
2018-10-03,1020.4,2925.51,23292.5,68142441.67500001,0.001579058679705939,0.0005609883435148689,0.001070023511610404
2018-10-04,1023.62,2901.61,23307.5,67629275.075,0.0031506567094719204,-0.007559292258120002,-0.002204317774324041
2018-10-05,1008.39,2885.57,23311.5,67266965.055,-0.01499036441225661,-0.005371697400299124,-0.010181030906277866
2018-10-08,996.12,2884.43,22910.400390625,66083446.19873046,-0.012242546309927113,-0.017750975372750964,-0.014996760841339038
2018-10-09,996.19,2880.34,23317.5,67162327.95,7.027018890515006e-05,0.01619421458359041,0.00813224238624778
2018-10-10,993.96,2785.68,23321.5,64966236.12,-0.002241038045676656,-0.033244803724270015,-0.017742920884973336
2018-10-11,945.89,2728.37,23316.0,63614674.92,-0.04957068117699737,-0.02102350916394469,-0.03529709517047103
2018-10-12,970.08,2767.13,23311.0,64504567.43,0.025252259102244854,0.013891852696762868,0.01957205589950386
2018-10-15,951.64,2750.79,23310.5,64122290.295,-0.019191730309777572,-0.005943988172920132,-0.012567859241348851
2018-10-16,963.37,2809.92,23297.5,65464111.2,0.012250741984111692,0.02071002587725642,0.016480383930684055
2018-10-17,971.6,2809.21,23304.0,65465829.84,0.008506643130262571,2.6252818667054173e-05,0.004266447974464812
2018-10-18,963.47,2768.78,23310.0,64540261.8,-0.008402846239924206,-0.014239081671113242,-0.011320963955518723
2018-10-19,958.36,2767.78,23312.5,64523871.25000001,-0.0053178606249339785,-0.00025399078273362607,-0.0027859257038338023
2018-10-22,953.51,2755.88,23311.80078125,64244525.537031256,-0.005073577600701339,-0.0043387377361845825,-0.004706157668442961
2018-10-23,939.68,2740.69,23313.5,63895076.315,-0.014610520888248652,-0.005454209054442375,-0.010032364971345513
2018-10-24,922.73,2656.1,23313.5,61922987.35,-0.018202724441989813,-0.031350832007119,-0.02477677822455441
2018-10-25,910.17,2705.57,23321.599609375,63098220.25513672,-0.013705272081921158,0.018801090566765644,0.002547909242422243
2018-10-26,900.82,2658.69,23320.0,62000650.8,-0.010325935624665439,-0.017547682236812516,-0.013936808930738977
2018-10-29,888.82,2641.25,22898.599609375,60480926.21826172,-0.013410719303159449,-0.024816835554796305,-0.019113777428977876
2018-10-30,888.69,2682.63,23310.5,62533446.615,-0.00014627203248569678,0.03337351323348755,0.016613620600500926
2018-10-31,915.0,2711.74,23310.0,63210659.4,0.02917559698553351,0.010771388880597666,0.01997349293306559
2018-11-01,907.96,2740.37,23311.099609375,63881038.03654297,-0.0077237405080200225,0.01054962468064085,0.0014129420863104136
2018-11-02,924.86,2723.06,23308.400390625,63470172.76769531,0.018442049938800862,-0.006452497652341188,0.005994776143229837
2018-11-05,925.53,2738.31,23307.0,63821791.17,0.0007241716927569499,0.0055246110712542,0.003124391382005575
2018-11-06,922.05,2755.45,23300.0,64201984.99999999,-0.0037670943779312387,0.00593944279801084,0.0010861742100398007
2018-11-07,922.16,2813.89,23291.0,65538311.99,0.00011929227162900547,0.0206007583014046,0.010360025286516802
2018-11-08,926.28,2806.83,23295.0,65385104.85,0.004457820457005662,-0.002340409586470207,0.0010587054352677275
2018-11-09,914.29,2781.01,23289.19921875,64767495.91933594,-0.013028756968299141,-0.009490606607307535,-0.011259681787803337
2018-11-12,918.12,2726.22,23260.0,63411877.2,0.004180293250297176,-0.02115268989154796,-0.008486198320625391
2018-11-13,907.99,2722.18,23267.5,63338323.15,-0.01109473570697242,-0.0011606144693025245,-0.006127675088137472
2018-11-14,900.93,2701.58,23280.0,62892782.4,-0.007805802188527882,-0.007059157063201235,-0.007432479625864559
2018-11-15,897.15,2730.2,23278.599609375,63555232.65351562,-0.004204490977584781,0.010477923499546467,0.0031367162609808427
2018-11-16,898.19,2736.27,23274.0,63683947.98,0.0011585550551187845,0.0020232033835794498,0.0015908792193491171
2018-11-19,916.06,2690.73,22771.30078125,61271422.151132815,0.019700237498567513,-0.03861899910472901,-0.00945938080308075
2018-11-20,919.02,2641.89,23276.5,61493952.58499999,0.0032260201921555346,0.0036253003433292168,0.0034256602677423757
2018-11-21,922.56,2649.93,23302.0,61748668.86,0.00384452954551961,0.0041335803263064606,0.003989054935913035
2018-11-23,917.97,2632.56,23318.0,61386034.08,-0.00498770410210321,-0.00589006705250488,-0.005438885577304046
2018-11-26,921.03,2673.45,23021.400390625,61546562.8743164,0.003327898666776917,0.0026116569492137262,0.0029697778079953215
2018-11-27,923.12,2682.17,23306.0,62510654.02,0.0022666278717013368,0.015542998285599926,0.008904813078650632
2018-11-28,930.2,2743.79,23312.5,63964604.375,0.007640379903584427,0.022992867191846948,0.015316623547715687
2018-11-29,926.79,2737.76,23301.0,63792545.760000005,-0.0036726141044012895,-0.0026935278196681973,-0.003183070962034743
2018-11-30,927.0,2760.17,23292.5,64291259.725,0.00022656288025966898,0.00778734647041188,0.004006954675335774
2018-12-03,951.59,2790.37,23074.900390625,64387509.80298828,0.0261807041906656,0.0014959747640035054,0.013838339477334554
2018-12-04,958.84,2700.06,23267.5,62823646.05,0.007589950748688602,-0.02458813507823444,-0.008499092164772919
2018-12-06,954.82,2695.95,23270.0,62734756.49999999,-0.004201379464774986,-0.0014159078651076685,-0.0028086436649413273
2018-12-07,958.59,2633.08,23297.5,61344181.3,0.003940613750859294,-0.022415301875082845,-0.009237344062111776
2018-12-10,955.89,2637.72,23277.5,61399527.3,-0.0028206111216261282,0.0009018141032595148,-0.0009593985091833067
2018-12-11,954.58,2636.78,23271.0,61360507.38,-0.001371390501092359,-0.0006357104967556781,-0.0010035504989240186
2018-12-12,961.28,2651.07,23270.0,61690398.900000006,0.006994276527085392,0.005361883472981623,0.006178080000033507
2018-12-13,960.25,2650.54,23268.099609375,61673028.73863281,-0.00107206246964634,-0.0002816095793458016,-0.0006768360244960707
2018-12-14,952.04,2599.95,23255.0,60461837.24999999,-0.008586616510607515,-0.019834323073921214,-0.014210469792264365
2018-12-17,933.65,2545.94,23253.0,59200742.82,-0.01950541505031773,-0.02107828730297799,-0.020291851176647863
2018-12-18,927.25,2546.16,23284.0,59284789.44,-0.006878419295388723,0.0014186818001035717,-0.0027298687476425758
2018-12-19,919.24,2506.96,23285.5,58375817.08,-0.008675974680994977,-0.015451058267580366,-0.012063516474287671
2018-12-20,918.24,2467.42,23278.5,57437836.47,-0.0010884473286527465,-0.016198454860563257,-0.008643451094608002
2018-12-21,912.26,2416.62,23267.5,56228705.85,-0.006533757196204842,-0.02127585137340664,-0.013904804284805741
2018-12-24,908.56,2351.1,23248.5,54659548.35,-0.0040641085804568435,-0.028303489177057863,-0.016183798878757354
2018-12-26,891.75,2467.7,23243.5,57357984.95,-0.01867510434438989,0.048188148224976135,0.014756521940293123
2018-12-27,900.81,2488.83,23243.0,57847875.69,0.010108534328145775,0.008504666170014368,0.00930660024908007
2018-12-28,892.54,2485.74,23187.5,57638096.24999999,-0.009223027990475141,-0.0036329896559575,-0.0064280088232163204
2019-01-02,891.75,2510.03,23194.0,58217635.82000001,-0.0008855063376707217,0.010004587491109695,0.004559540576719486
2019-01-03,878.22,2447.89,23194.0,56776360.66,-0.015288692515090354,-0.025068276263535357,-0.020178484389312856
2019-01-04,880.9,2531.94,23194.0,58725816.36,0.0030469803918394887,0.03375937831872888,0.018403179355284186
2019-01-07,889.64,2549.69,23194.0,59137509.86,0.009872774398493298,0.006985975834124729,0.008429375116309014
2019-01-08,887.44,2574.41,23194.0,59710865.54,-0.002475973083838974,0.009648598495866724,0.003586312706013875
2019-01-09,896.99,2584.96,23194.0,59955562.24,0.010703800294231512,0.0040896523041702056,0.007396726299200859
2019-01-10,898.3,2596.64,23194.0,60226468.16,0.0014593745105250825,0.004508267632578381,0.0029838210715517318
2019-01-11,902.71,2596.26,23194.0,60217654.440000005,0.004897261885067851,-0.0001463536754715011,0.002375454104798175
2019-01-14,901.8,2582.61,23194.0,59901056.34,-0.00100858413324493,-0.005271432420136155,-0.0031400082766905426
2019-01-15,909.68,2610.3,23194.0,60543298.2,0.008700123329483528,0.0106646417681244,0.009682382548803964
2019-01-16,908.7,2616.1,23194.0,60677823.4,-0.0010778826151660137,0.002219501906088628,0.0005708096454613073
2019-01-17,901.89,2635.96,23194.0,61138456.24,-0.007522445294844456,0.007562782854258203,2.016877970687338e-05
2019-01-18,902.3,2670.71,23194.0,61944447.74,0.0004544975939980683,0.013096912647036883,0.006775705120517475
2019-01-22,906.55,2632.9,23194.0,61067482.6,0.00469912687136281,-0.014258454363476867,-0.004779663746057029
2019-01-23,908.02,2638.7,23194.0,61202007.8,0.001620218918615331,0.0022004713333089176,0.0019103451259621243
2019-01-24,908.79,2642.33,23194.0,61286202.02,0.0008476395947878822,0.001374732039655765,0.0011111858172218236
2019-01-25,908.88,2664.76,23194.0,61806443.440000005,9.902787642822674e-05,0.00845289360249595,0.0042759607394620884
2019-01-28,912.18,2643.85,22733.19921875,60103168.754492186,0.003624266759150395,-0.02794505696019764,-0.012160395100523622
2019-01-29,915.93,2640.0,23194.0,61232160.0,0.004102603519259969,0.01860997684110346,0.011356290180181715
2019-01-30,915.84,2681.05,23194.0,62184273.7,-9.826561202812028e-05,0.015429591679246102,0.00766566303360899
2019-01-31,910.65,2704.1,23194.0,62718895.4,-0.005683046683478672,0.008560630907940894,0.001438792112231111
2019-02-01,908.67,2706.53,23203.0,62799615.59,-0.002176638284336294,0.0012861879971512817,-0.0004452251435925061
2019-02-11,926.1,2709.8,22862.69921875,61953342.342968754,0.01900022821600692,-0.013567393389840742,0.00271641741308309
2019-02-12,937.54,2744.73,23203.0,63685970.19,0.012277203424812862,0.027582731238025675,0.019929967331419267
2019-02-13,945.25,2753.03,23203.0,63878555.09,0.008190019170006169,0.0030194138361176875,0.005604716503061928
2019-02-14,952.34,2745.73,23203.0,63709173.19,0.007472671117136429,-0.0026551456286970834,0.002408762744219673
2019-02-15,950.89,2775.6,23203.0,64402246.8,-0.0015237257510060576,0.010819962367806283,0.004648118308400112
2019-02-19,964.35,2779.76,23203.0,64498771.28000001,0.014055911118633009,0.0014976529973077548,0.007776782057970381
2019-02-20,970.58,2784.7,23203.0,64613394.1,0.006439531692169236,0.001775554608288236,0.004107543150228736
2019-02-21,987.57,2774.88,23203.0,64385540.64,0.01735354939095272,-0.003532644628713935,0.006910452381119393
2019-02-22,988.91,2792.67,23203.0,64798322.010000005,0.001355946131819329,0.006390624438174243,0.003873285284996786
2019-02-25,994.43,2796.11,22851.5,63895307.66500001,0.005566382216779537,-0.014033781900962985,-0.004233699842091724
2019-02-26,987.06,2793.9,23203.0,64826861.7,-0.0074388808281420395,0.01447412365623491,0.0035176214140464354
2019-02-27,990.27,2792.38,23203.0,64791593.14,0.0032468053586567776,-0.0005441904227900216,0.001351307467933378
2019-02-28,965.47,2784.49,23198.0,64594599.02,-0.02536260381564388,-0.0030450586562348263,-0.014203831235939353
2019-03-01,979.63,2803.69,23198.0,65040000.620000005,0.014559919951481756,0.006871673980360752,0.010715796965921254
2019-03-04,993.99,2792.81,23198.0,64787606.38,0.014552196889916668,-0.0038881492742662512,0.005332023807825209
2019-03-05,992.45,2789.65,23198.0,64714300.7,-0.0015505127852084959,-0.0011321175028613038,-0.0013413151440349
2019-03-06,994.49,2771.45,23198.0,64292097.1,0.002053409480712259,-0.006545490992497793,-0.002246040755892767
2019-03-07,994.03,2748.93,23198.0,63769678.13999999,-0.0004626556516457352,-0.008158903888960286,-0.0043107797703030104
2019-03-08,985.25,2743.07,23198.0,63633737.86000001,-0.008871971212540231,-0.0021340139198385453,-0.005502992566189389
2019-03-11,984.6,2783.3,22793.69921875,63441703.03554688,-0.0006599487510128032,-0.003022377404831698,-0.0018411630779222505
2019-03-12,1001.32,2791.52,23198.0,64757680.96,0.01683894122393472,0.020530896620244526,0.01868491892208962
2019-03-13,1005.41,2810.92,23198.0,65207722.16,0.0040762889510096755,0.00692558154704747,0.005500935249028572
2019-03-14,1009.56,2808.48,23198.0,65151119.04,0.004119173851677934,-0.0008684201706034471,0.0016253768405372435
2019-03-15,1004.12,2822.48,23198.0,65475891.04,-0.005403056328872008,0.004972519373935739,-0.00021526847746813427
2019-03-18,1011.86,2832.94,23198.0,65718542.120000005,0.007678685334762251,0.003699110562037016,0.005688897948399633
2019-03-19,1006.59,2832.57,23198.0,65709958.86000001,-0.0052218404964438,-0.00013061489628502955,-0.002676227696364415
2019-03-20,1002.3,2824.23,23198.0,65516487.54,-0.0042710218293484205,-0.002948665691828212,-0.003609843760588316
2019-03-21,981.78,2854.88,23198.0,66227506.24,-0.020685387361961398,0.010794049627223466,-0.004945668867368966
2019-03-22,988.71,2800.71,23198.0,64970870.58,0.007033812474572946,-0.01915685423505291,-0.0060615208802399815
2019-03-25,970.07,2798.36,22803.80078125,63813243.95421875,-0.019032829301314537,-0.017978270228433207,-0.018505549764873872
2019-03-26,969.79,2818.46,23198.0,65382635.08,-0.0002886806284418089,0.024295950255219887,0.01200363481338904
2019-03-27,975.91,2805.37,23198.0,65078973.26,0.006290815832771958,-0.0046551989086819415,0.0008178084620450083
2019-03-28,982.98,2815.44,23198.0,65312577.120000005,0.007218405013779319,0.003583117299404196,0.005400761156591757
2019-03-29,980.76,2834.4,23198.0,65752411.2,-0.0022609927441884113,0.00671171968568772,0.0022253634707496543
2019-04-01,988.53,2867.19,23198.0,66513073.620000005,0.007891209847768072,0.01150218150005278,0.009696695673910426
2019-04-02,985.81,2867.24,23198.0,66514233.52,-0.0027553528985344512,1.7438524840786643e-05,-0.0013689571868468324
2019-04-03,984.46,2873.4,23198.0,66657133.2,-0.0013703707728031928,0.002146103000462897,0.00038786611382985207
2019-04-04,986.91,2879.39,23198.0,66796089.22,0.002485582373035879,0.0020824685638528733,0.0022840254684443765
2019-04-05,989.26,2892.74,23198.0,67105782.52,0.0023783390171194397,0.0046256836918427925,0.003502011354481116
2019-04-08,997.56,2895.77,23198.0,67176072.46,0.008355108448372561,0.001046901629863438,0.004701005039118
2019-04-09,988.48,2878.2,23198.0,66768483.6,-0.009143887600780106,-0.006085952726104446,-0.007614920163442276
2019-04-10,981.91,2888.21,23198.0,67000695.58,-0.006668755270341994,0.003471834314499749,-0.0015984604779211223
2019-04-11,985.95,2888.32,23198.0,67003247.36000001,0.004105988917820079,3.808514800891987e-05,0.0020720370329144993
2019-04-12,982.9,2907.41,23198.0,67446097.17999999,-0.003098257805111358,0.006587632286936534,0.001744687240912588
2019-04-16,977.17,2907.06,23164.5,67340591.37,-0.00584674661931842,-0.0015655230154155645,-0.0037061348173669925
2019-04-17,972.1,2900.45,23167.5,67196175.375,-0.0052019591262419665,-0.0021468637007129583,-0.003674411413477462
2019-04-18,962.3,2905.03,23163.5,67290662.405,-0.01013242746466822,0.0014051493381260947,-0.004363639063271063
2019-04-22,965.86,2907.97,23177.5,67399474.675,0.0036926438109207817,0.0016157425633576373,0.0026541931871392095
2019-04-23,968.0,2933.68,22868.400390625,67088568.85796875,0.0022131911033010663,-0.00462355407548443,-0.0012051814860916817
2019-04-24,976.92,2927.25,23182.5,67860973.125,0.009172678097309511,0.011447429766004472,0.01031005393165699
2019-04-25,974.13,2926.17,23182.80078125,67836816.16207032,-0.00286000041183698,-0.000356040629870016,-0.001608020520853498
2019-04-26,979.64,2939.88,23185.0,68161117.8,0.005640392275377448,0.0047692232254038696,0.005204807750390659
2019-05-02,978.5,2917.52,23243.80078125,67814253.6553125,-0.0011643704012961977,-0.005101878279230747,-0.003133124340263472
2019-05-03,974.14,2945.64,23235.0,68441945.39999999,-0.004465756356468076,0.009213469762489414,0.002373856703010669
2019-05-06,957.97,2932.47,23217.5,68084622.225,-0.01673856823921815,-0.005234497535570531,-0.01098653288739434
2019-05-07,957.56,2884.05,23246.5,67044068.325,-0.00042807996352048095,-0.015401236610814993,-0.007914658287167737
2019-05-08,951.22,2879.42,23260.0,66975309.2,-0.0066430110490671495,-0.0010261073033291546,-0.003834559176198152
2019-05-09,947.01,2870.72,23332.5,66981074.4,-0.004435718435440795,8.607577852752823e-05,-0.0021748213284566334
2019-05-10,952.55,2881.4,23365.0,67323911.0,0.005832946269027585,0.005105355451078721,0.005469150860053153
2019-05-13,958.54,2811.87,23312.5,65551719.375,0.0062686944262227515,-0.026676023454799268,-0.010203664514288259
2019-05-14,965.34,2834.41,23294.0,66024746.54,0.007069077403332054,0.007190179484080946,0.0071296284437065
2019-05-15,975.64,2850.96,23345.0,66555661.2,0.010613295020276938,0.008008988763250485,0.009311141891763712
2019-05-16,975.69,2876.32,23290.0,66989492.8,5.1247098144365857e-05,0.006497175122061188,0.003274211110102777
2019-05-17,976.48,2859.53,23272.69921875,66548981.5969922,0.0008093557867650393,-0.006597541313248028,-0.0028940927632414943
2019-05-20,987.13,2840.23,23357.5,66340672.225,0.010847474223370578,-0.0031350754045712487,0.0038561994093996646
2019-05-21,986.29,2864.36,23372.5,66947254.1,-0.0008513140139773329,0.009101890611983734,0.0041252882990032
2019-05-23,982.71,2822.24,23048.599609375,65048679.7615625,-0.003636367643383763,-0.028769148102292887,-0.016202757872838324
2019-05-24,970.03,2826.06,23354.0,65999805.24,-0.012987062507969887,0.01451588210889066,0.0007644098004603861
2019-05-28,972.0,2802.39,23355.0,65449818.45,0.00202880560621471,-0.008368072634104603,-0.0031696335139449463
2019-05-29,971.54,2783.02,23087.19921875,64252137.16976562,-0.00047336304741805226,-0.018468731914104145,-0.0094710474807611
2019-05-30,969.34,2788.86,23367.5,65168686.05,-0.0022670138722789236,0.014164091691960834,0.005948538909840956
2019-05-31,959.88,2752.06,23382.69921875,64350591.211953126,-0.009807150892011177,-0.012632956813862508,-0.011220053852936843
2019-06-03,946.47,2744.45,22945.900390625,62973876.327050775,-0.01406900222275086,-0.02162614252256542,-0.01784757237265814
2019-06-04,951.16,2803.27,23359.5,65482985.565,0.004943017921716544,0.0390703676104018,0.022006692766059172
2019-06-05,951.41,2826.15,23362.5,66025929.375,0.00026280242139719337,0.00825718766095677,0.004259995041176981
2019-06-06,948.21,2843.49,23375.0,66466578.74999999,-0.0033690980584381476,0.006651711948935449,0.0016413069452486505
2019-06-07,958.28,2873.34,23368.0,67144209.12,0.010564014130132813,0.01014343513525617,0.010353724632694492
2019-06-10,962.9,2886.73,23362.0,67439786.26,0.00480955340544982,0.004392463077016747,0.0046010082412332835
2019-06-11,962.07,2885.72,23330.0,67323847.6,-0.0008623511550161139,-0.0017206227716284382,-0.001291486963322276
2019-06-12,954.17,2879.84,23330.0,67186667.2,-0.00824536045315717,-0.0020396984988728306,-0.005142529476015
2019-06-13,950.08,2891.64,23285.5,67333283.22,-0.004295661062669892,0.0021798413930218152,-0.0010579098348240383
2019-06-14,953.61,2886.98,23285.0,67223329.3,0.0037085912578877314,-0.0016343149907617766,0.0010371381335629775
2019-06-17,946.95,2889.67,23034.5,66562103.615,-0.007008489351538357,-0.009884948678430034,-0.008446719014984196
2019-06-18,944.01,2917.75,23315.0,68027341.25,-0.003109534172012471,0.021774300764409574,0.009332383296198551
2019-06-19,949.69,2926.46,23301.0,68189444.46,0.005998856242798599,0.0023800779863978458,0.004189467114598222
2019-06-20,959.18,2954.18,23300.0,68832394.0,0.009943137234470791,0.009384697593751448,0.00966391741411112
2019-06-21,959.2,2950.46,23265.0,68642451.9,2.085092630336611e-05,-0.0027633014551916094,-0.0013712252644441216
2019-06-24,962.85,2945.35,22876.5,67379299.27499999,0.00379803271259236,-0.018573337370525023,-0.007387652328966331
2019-06-25,960.13,2917.38,23262.5,67865552.25,-0.0028289444653573836,0.007190736870594617,0.0021808962026186166
2019-06-26,959.13,2913.78,23272.599609375,67811235.2898047,-0.0010420683914553058,-0.0008006817390367297,-0.0009213750652460178
2019-06-27,943.11,2924.92,23270.0,68062888.4,-0.016843698746014463,0.003704213740039203,-0.00656974250298763
2019-06-28,949.94,2941.76,23280.0,68484172.80000001,0.007215899882236328,0.006170557359849926,0.006693228621043127
2019-07-01,965.61,2964.33,23275.0,68994780.75,0.016361201279568277,0.007428195875473846,0.011894698577521061
2019-07-02,961.98,2973.01,22997.599609375,68372093.61466797,-0.0037663655560732485,-0.009066107142893298,-0.0064162363494832736
2019-07-03,960.39,2995.82,22901.30078125,68608174.90648438,-0.001654208464108109,0.0034469420758671786,0.0008963668058795348
2019-07-05,975.34,2990.41,23215.0,69422368.14999999,0.01544667619389993,0.011797427854760087,0.01362205202433001
2019-07-08,966.35,2975.95,23202.5,69049479.875,-0.009260040727115981,-0.005385775977850114,-0.0073229083524830475
2019-07-09,969.05,2979.63,23202.5,69134865.075,0.0027901227152799146,0.0012358159804265049,0.0020129693478532096
2019-07-10,973.65,2993.07,23202.5,69446706.675,0.00473568600083059,0.00450048476731752,0.004618085384074055
2019-07-11,978.63,2999.91,23202.5,69605411.77499999,0.005101738276788951,0.0022826717159195975,0.0036922049963542744
2019-07-12,975.4,3013.77,23202.5,69926998.425,-0.0033059911484239002,0.0046094985236418,0.00065175368760895
2019-07-15,972.53,3014.3,23202.5,69939295.75,-0.0029467199301019564,0.00017584401022740885,-0.0013854379599372738
2019-07-16,982.11,3004.04,23166.5,69593092.66,0.009802395028538214,-0.0049623432147624215,0.002420025906887896
2019-07-17,982.57,2984.42,23166.0,69137073.72,0.00046826965043229467,-0.00657420940715436,-0.0030529698783610328
2019-07-18,976.05,2995.11,23167.5,69389210.925,-0.006657773415717951,0.0036402836340057804,-0.0015087448908560853
2019-07-19,982.34,2976.61,23179.80078125,68997226.80347657,0.006423666000059767,-0.005665080715863096,0.0003792926420983357
2019-07-22,982.04,2985.03,22901.099609375,68360469.36697266,-0.0003054398867147687,-0.009271588206278134,-0.0047885140464964514
2019-07-23,989.46,3005.47,23192.5,69704362.975,0.007527299046286018,0.01946818796300696,0.013497743504646489
2019-07-24,988.41,3019.56,23175.0,69978303.0,-0.0010617483440668036,0.003922324567522712,0.001430288111727954
2019-07-25,994.95,3003.67,23175.0,69610052.25,0.0065948932150076845,-0.005276251069020221,0.0006593210729937318
2019-07-26,993.35,3025.86,23175.099609375,70124606.90402344,-0.001609415425602152,0.007364772389586198,0.002877678481992023
2019-07-29,997.94,3020.97,23176.5,70015511.205,0.004610085049616378,-0.0015569520353450991,0.0015265665071356393
2019-07-30,986.02,3013.18,23207.0,69926868.25999999,-0.0120165158911114,-0.001266849358917553,-0.006641682625014476
2019-07-31,991.66,2980.38,23207.0,69165678.66,0.005703668227369781,-0.010945190319276599,-0.0026207610459534087
2019-08-01,997.39,2953.56,23207.0,68543266.92,0.005761560394037103,-0.009039586726804612,-0.0016390131663837544
2019-08-02,991.1,2932.05,23207.0,68044084.35000001,-0.006326429581321758,-0.007309385354454939,-0.0068179074678883485
2019-08-05,973.15,2844.74,23207.0,66017881.17999999,-0.018277204724078802,-0.030230162083586795,-0.0242536834038328
2019-08-06,964.61,2881.77,23207.0,66877236.39,-0.008814358115950334,0.012933013700777376,0.0020593277924135208
2019-08-07,965.93,2883.98,23207.0,66928523.86,0.0013674932461426568,0.0007665958837026665,0.0010670445649226617
2019-08-08,975.24,2938.09,23207.0,68184254.63000001,0.009592226734337444,0.018588425780336086,0.014090326257336765
2019-08-09,974.34,2918.65,23207.0,67733110.55,-0.0009232758480625394,-0.006638529760062298,-0.0037809028040624187
2019-08-12,975.31,2883.75,23207.0,66923186.25,0.0009950504757623236,-0.01202965010034418,-0.005517299812290929
2019-08-13,966.83,2926.32,23207.0,67911108.24000001,-0.008732690630181707,0.014654130432155783,0.002960719900987038
2019-08-14,968.91,2840.6,23207.0,65921804.2,0.0021490497696231656,-0.029730363473091482,-0.013790656851734157
2019-08-15,979.38,2847.6,23207.0,66084253.2,0.010747990073743647,0.002461236782690441,0.006604613428217044
2019-08-16,980.0,2888.68,23207.0,67037596.76,0.0006328532706190016,0.014323116131046445,0.0074779847008327235
2019-08-19,981.03,2923.65,23207.0,67849145.55,0.0010504684729103972,0.012033185301994516,0.006541826887452457
2019-08-20,984.67,2900.51,23207.0,67312135.57000001,0.0037035195203096298,-0.007946252081149187,-0.002121366280419779
2019-08-21,994.38,2924.43,23207.0,67867247.00999999,0.009812867705669982,0.008213006299499564,0.009012937002584773
2019-08-22,997.26,2922.95,23207.0,67832900.64999999,0.0028920909475661015,-0.0005062096294763871,0.0011929406590448573
2019-08-23,992.45,2847.11,23207.0,66072881.77,-0.004834884852487063,-0.02628893555806664,-0.015561910205276853
2019-08-26,982.88,2878.38,22459.900390625,64648128.08636719,-0.009689596042969451,-0.02179925179393045,-0.015744423918449952
2019-08-27,976.79,2869.16,23207.0,66584596.12,-0.006215352181763547,0.029514111087194442,0.011649379452715446
2019-08-28,977.26,2887.94,23207.0,67020423.58,0.0004810521829673025,0.00652414118680143,0.0035025966848843664
2019-08-29,978.59,2924.58,23207.0,67870728.06,0.001360022706244515,0.01260743543874108,0.0069837290724927975
2019-08-30,984.06,2926.46,23207.0,67914357.22,0.0055741106800070404,0.0006426208211521257,0.003108365750579583
2019-09-03,979.36,2906.27,23207.0,67445807.89,-0.00478757370031284,-0.006923029401107576,-0.005855301550710208
2019-09-04,977.63,2937.78,23207.0,68177060.46000001,-0.0017680217585687487,0.010783722026351545,0.004507850133891398
2019-09-05,976.79,2976.0,23207.0,69064032.0,-0.0008595901103372717,0.012925922894213253,0.006033166391937991
2019-09-06,974.08,2978.71,23207.0,69126922.97,-0.00277824944064202,0.0009102039182753089,-0.0009340227611833555
2019-09-09,974.12,2978.43,22626.5,67391446.395,4.1063545842958746e-05,-0.025426176411046903,-0.012692556432601972
2019-09-10,970.26,2979.39,23207.0,69142703.73,-0.003970422521147145,0.025654437099169956,0.010842007289011406
2019-09-11,969.31,3000.93,23207.0,69642582.50999999,-0.0009795986491536375,0.007203659050794012,0.003112030200820187
2019-09-12,976.07,3009.57,23207.0,69843090.99000001,0.00694982698396375,0.0028749707848362365,0.0049123988843999935
2019-09-13,987.22,3007.39,23207.0,69792499.73,0.011358607112475341,-0.0007246184436619995,0.005316994334406671
2019-09-16,989.86,2997.96,23207.0,69573657.72,0.0026706067221058884,-0.003140535605966253,-0.00023496444193018239
2019-09-17,996.74,3005.7,23207.0,69753279.89999999,0.006926434617869162,0.002578428587944307,0.004752431602906735
2019-09-18,995.15,3006.73,23207.0,69777183.11,-0.0015964740399386085,0.00034262353493549175,-0.0006269252525015584
2019-09-19,997.1,3006.79,23207.0,69778575.53,0.0019575862695178506,1.995503465594414e-05,0.0009887706520868974
2019-09-20,990.36,2992.07,23207.0,69436968.49000001,-0.0067825524421540485,-0.004907608960300919,-0.005845080701227483
2019-09-23,987.54,2991.78,23207.0,69430238.46000001,-0.0028515111085615497,-9.692756343391435e-05,-0.001474219335997732
2019-09-24,988.13,2966.6,23207.0,68845886.2,0.0005972657554542669,-0.008452012089671472,-0.003927373167108603
2019-09-25,987.3,2984.87,23207.0,69269878.09,-0.0008403234220819278,0.006139678900037132,0.002649677738977602
2019-09-26,990.75,2977.62,23207.0,69101627.34,0.0034882874531403977,-0.0024318711052058748,0.0005282081739672614
2019-09-27,997.84,2961.79,23207.0,68734260.53,0.007130710746909414,-0.005330508411847696,0.0009001011675308589
2019-09-30,996.56,2976.74,22835.099609375,67974154.41121094,-0.0012835942396165296,-0.011120221852490434,-0.006201908046053481
2019-10-01,999.59,2940.25,23207.0,68234381.75,0.003035846331319176,0.0038210183111408425,0.003428432321230009
2019-10-02,991.19,2887.61,22764.900390625,65736154.01697266,-0.008438953426390942,-0.03729950546114424,-0.02286922944376759
2019-10-03,992.45,2910.63,22756.0,66234296.28,0.0012703919758211668,0.007549335897049533,0.004409863936435349
2019-10-04,987.59,2952.01,23207.0,68507296.07000001,-0.004909001595731695,0.033741852081449676,0.01441642524285899
2019-10-07,983.09,2938.79,22855.19921875,67166630.91207032,-0.004566959446908403,-0.01976369117499566,-0.012165325310952033
2019-10-08,988.22,2893.06,23207.0,67139243.42,0.00520467260895399,-0.0004078375958779039,0.002398417506538043
2019-10-09,987.83,2919.4,23207.0,67750515.8,-0.00039472685920269145,0.009063350218850219,0.004334311679823764
2019-10-10,987.38,2938.13,23207.0,68185182.91,-0.00045564776179304536,0.006395208846051041,0.002969780542128998
2019-10-11,991.84,2970.27,23207.0,68931055.89,0.004506833549704526,0.010879533213144676,0.007693183381424601
2019-10-14,993.57,2966.15,22842.7734375,67755092.43164062,0.001742713533065068,-0.017207193096431848,-0.00773223978168339
2019-10-15,993.05,2995.68,23207.0,69520745.75999999,-0.0005235022418738952,0.025725586194600806,0.012601041976363456
2019-10-16,994.46,2989.69,23207.0,69381735.83,0.0014188610236396766,-0.0020015477739079852,-0.0002913433751341543
2019-10-17,989.82,2997.95,23207.0,69573425.64999999,-0.004676767852552217,0.0027590186583424034,-0.0009588745971049069
2019-10-18,989.2,2986.2,23207.0,69300743.39999999,-0.0006265727686268711,-0.003927045645713622,-0.0022768092071702465
2019-10-21,983.56,3006.72,23207.0,69776951.03999999,-0.0057178930699256225,0.0068481074978751595,0.0005651072139747685
2019-10-22,987.19,2995.99,23207.0,69527939.92999999,0.003683880862839207,-0.0035750557426104746,5.441256011436612e-05
2019-10-23,987.79,3004.52,23207.0,69725895.64,0.0006076011083239475,0.0028430935856431803,0.001725347346983564
2019-10-24,993.6,3010.29,23207.0,69859800.03,0.0058645866307156,0.0019185981834693214,0.0038915924070924606
2019-10-25,996.57,3022.55,23207.0,70144317.85000001,0.0029846718670220105,0.0040644263323678705,0.0035245490996949408
2019-10-28,996.48,3039.42,23207.0,70535819.94,-9.03138406574977e-05,0.005565861774647758,0.0027377739669951304
2019-10-29,995.87,3036.89,23207.0,70477106.23,-0.0006123422280830575,-0.0008327422880676001,-0.0007225422580753287
2019-10-30,1000.89,3046.77,23207.0,70706391.39,0.0050281561894742035,0.003248047618049342,0.004138101903761773
2019-10-31,998.82,3037.56,23207.0,70492654.92,-0.0020703009329953318,-0.00302745151380397,-0.0025488762233996506
2019-11-01,1015.59,3066.91,23207.0,71173780.36999999,0.01665042115185377,0.009615978507102493,0.013133199829478132
2019-11-04,1022.43,3078.27,23207.0,71437411.89,0.006712422529957293,0.0036972108027209694,0.005204816666339132
2019-11-05,1024.34,3074.62,23207.0,71352706.34,0.001866355823490253,-0.001186434481407325,0.0003399606710414641
2019-11-06,1024.91,3076.78,23207.0,71402833.46000001,0.000556301100109743,0.0007022791848279718,0.0006292901424688575
2019-11-07,1024.03,3085.18,23207.0,71597772.25999999,-0.0008589807940779192,0.0027264069235454487,0.0009337130647337648
2019-11-08,1022.49,3093.08,23207.0,71781107.56,-0.0015049941272754518,0.0025573557297832485,0.0005261808012538983
2019-11-11,1016.75,3087.01,23207.0,71640241.07000001,-0.005629563130698607,-0.001964373318799635,-0.0037969682247491207
2019-11-12,1018.33,3091.84,23207.0,71752330.88000001,0.0015527648224726105,0.001563398038080282,0.0015580814302764462
2019-11-13,1012.77,3094.04,23207.0,71803386.28,-0.005474879511681446,0.0007112973716774344,-0.002381791070002006
2019-11-14,1012.3,3096.63,23207.0,71863492.41,-0.00046418149341909197,0.0008367430830954413,0.00018628079483817465
2019-11-15,1010.03,3120.46,23207.0,72416515.22,-0.0022449362402283783,0.007666003452600061,0.0027105336061858413
2019-11-18,1002.91,3122.03,22802.74609375,71190857.38707031,-0.007074259236169205,-0.01706998146382907,-0.012072120349999138
2019-11-19,1008.35,3120.18,23207.0,72410017.25999999,0.005409557457542438,0.016980247077552003,0.01119490226754722
2019-11-20,1000.56,3108.46,23207.0,72138031.22,-0.007755488345199778,-0.0037632657632211226,-0.00575937705421045
2019-11-21,987.89,3103.54,23207.0,72023852.78,-0.012743766723488033,-0.0015840312391350534,-0.0071638989813115434
2019-11-22,977.78,3110.29,23207.0,72180500.03,-0.010286659662394466,0.002172573969691297,-0.004057042846351585
2019-11-25,976.35,3133.64,23207.0,72722383.48,-0.0014635671682624557,0.007479298726807982,0.0030078657792727633
2019-11-26,976.79,3140.52,23207.0,72882047.64,0.00045055654734762606,0.002193123145604235,0.0013218398464759306
2019-11-27,978.17,3153.63,23207.0,73186291.41,0.001411793826179041,0.004165779003972725,0.0027887864150758826
2019-11-29,970.75,3140.98,23207.0,72892722.86,-0.007614510448256181,-0.004019317171346091,-0.005816913809801136
2019-12-02,959.31,3113.87,22771.517578125,70907545.4409961,-0.011854692574511919,-0.02761195885306607,-0.019733325713788996
2019-12-03,953.43,3093.2,23207.0,71783892.39999999,-0.006148267430568298,0.012283259468489398,0.00306749601896055
2019-12-04,965.9,3112.76,23207.0,72237821.32000001,0.012994300578553847,0.006303638685847347,0.009648969632200598
2019-12-05,963.27,3117.43,23171.0,72233970.53,-0.002726562852746579,-5.3308537972806926e-05,-0.0013899356953596931
2019-12-06,963.56,3145.91,23171.0,72893880.61,0.0003010125461921205,0.00909425204036811,0.004697632293280116
2019-12-09,966.06,3135.96,23171.0,72663329.16,0.002591185206206413,-0.0031678491662224337,-0.00028833198000801047
2019-12-10,960.3,3132.52,23171.0,72583620.92,-0.005980208440975113,-0.0010975548602934506,-0.003538881650634282
2019-12-11,961.78,3141.63,23171.0,72794708.73,0.0015399986394913033,0.0029039810658439487,0.002221989852667626
2019-12-12,968.17,3168.57,23171.0,73418935.47,0.006621957408511444,0.008538608499854387,0.007580282954182916
2019-12-13,966.18,3168.8,23171.0,73424264.8,-0.0020575394339702423,7.258531539142115e-05,-0.0009924770592894105
2019-12-16,961.47,3191.45,23171.0,73949087.95,-0.004886788963944115,0.0071223916512378254,0.0011178013436468552
2019-12-17,954.03,3192.52,23171.0,73973880.92,-0.0077682457992805255,0.0003352146109771036,-0.003716515594151711
2019-12-18,951.13,3191.14,23171.0,73941904.94,-0.003044366079285815,-0.00043235386016704703,-0.001738359969726431
2019-12-19,952.26,3205.37,23171.0,74271628.27,0.0011873553320730819,0.004449308599583262,0.002818331965828172
2019-12-20,956.41,3221.22,23171.0,74638888.61999999,0.004348584658187511,0.004932641459037748,0.0046406130586126295
2019-12-23,959.43,3224.01,23171.0,74703535.71000001,0.0031526667168364658,0.00086575659030548,0.002009211653570973
2019-12-24,958.88,3223.38,23171.0,74688937.98,-0.0005734214126710117,-0.00019542791796535865,-0.00038442466531818517
2019-12-26,958.59,3239.91,23171.0,75071954.61,-0.00030248191858131584,0.005115053182071611,0.0024062856317451477
2019-12-27,963.51,3240.02,23171.0,75074503.42,0.005119411836460108,3.395098404170214e-05,0.002576681410250905
2019-12-30,965.03,3221.29,23171.0,74640510.59,0.001576322310909085,-0.0057976021775765895,-0.0021106399333337524
2019-12-31,960.99,3230.78,23171.0,74860403.38000001,-0.0041951858497747815,0.0029416937024937355,-0.000626746073640523
2020-01-02,966.67,3257.85,23171.0,75487642.35,0.005893172487484237,0.00834387445469295,0.007118523471088593
2020-01-03,965.14,3234.85,23171.0,74954709.35,-0.001584007039934007,-0.007084909578083601,-0.004334458309008804
2020-01-06,955.79,3246.28,23171.0,75219553.88000001,-0.009734944886953286,0.003527166358322774,-0.0031038892643152557
2020-01-07,958.88,3237.18,23171.0,75008697.78,0.0032277130603899267,-0.002807144942889736,0.00021028405875009532
2020-01-08,948.98,3253.05,23171.0,75376421.55,-0.010378213137619656,0.004890437358736626,-0.0027438878894415148
2020-01-09,960.15,3274.7,23171.0,75878073.7,0.011701798683866506,0.006633244037575894,0.0091675213607212
2020-01-10,968.54,3265.35,23171.0,75661424.85,0.008700260718964833,-0.0028593073050463633,0.002920476706959235
2020-01-13,965.84,3288.13,22761.69140625,74843400.36363281,-0.0027915939509547873,-0.01087051581977842,-0.006831054885366603
2020-01-14,967.0,3283.15,23171.0,76073868.65,0.0012003064291622601,0.016306888680322016,0.008753597554742138
2020-01-15,967.56,3289.29,23171.0,76216138.59,0.0005789430316365736,0.0018684086233433153,0.0012236758274899444
2020-01-16,974.31,3316.81,23171.0,76853804.51,0.0069520896728159295,0.00833174163220134,0.007641915652508635
2020-01-17,978.96,3329.62,23171.0,77150625.02,0.004761255519665888,0.0038547057177214087,0.004307980618693649
2020-01-21,986.37,3320.79,23171.0,76946025.09,0.007540754084914007,-0.0026554769371423146,0.002442638573885846
2020-01-22,991.46,3321.75,23171.0,76968269.25,0.005147066468951141,0.00028904605969510904,0.0027180562643231254
2020-01-30,959.58,3283.66,23171.0,76085685.86,-0.03268291550044344,-0.01153309853664477,-0.022108007018544103
2020-01-31,936.62,3225.52,23182.0,74774004.64,-0.024218038376369773,-0.017389857696702093,-0.020803948036535933
2020-02-03,928.14,3248.92,23182.0,75316463.44,-0.009095066877836079,0.007228455862910323,-0.0009333055074628779
2020-02-04,929.09,3297.59,23182.0,76444731.38000001,0.0010230290086364212,0.01486926521806647,0.007946147113351445
2020-02-05,925.91,3334.69,23237.0,77488191.53,-0.0034285747871779576,0.013557543287856145,0.005064484250339094
2020-02-06,938.54,3345.78,23237.0,77745889.86,0.013548438624267852,0.0033201287296620923,0.008434283676964973
2020-02-07,940.75,3327.71,23237.0,77325997.27,0.0023519531511918225,-0.005415470514539197,-0.0015317586816736874
2020-02-10,930.73,3352.09,23237.0,77892515.33,-0.01070820499886545,0.0072996521623710205,-0.0017042764182472144
2020-02-11,934.67,3357.75,23237.0,78024036.75,0.004224301339139264,0.0016870749056514312,0.002955688122395348
2020-02-12,937.68,3379.45,23237.0,78528279.64999999,0.003215213601104295,0.0064418675537450355,0.0048285405774246655
2020-02-13,938.24,3373.94,23237.0,78400243.78,0.0005970404032525485,-0.0016317734419648,-0.0005173665193561258
2020-02-14,937.45,3380.16,23237.0,78544777.92,-0.0008423567292174416,0.0018418447338326407,0.0004997440023075995
2020-02-18,927.93,3370.29,23237.0,78315428.73,-0.01020712418230562,-0.0029242515783095627,-0.006565687880307591
2020-02-19,928.76,3386.15,23235.0,78677195.25,0.0008940642275108001,0.00460871537990673,0.0027513898037087653
2020-02-20,938.13,3373.23,23235.0,78376999.05,0.010038169019504698,-0.0038228404778310587,0.0031076642708368196
2020-02-21,933.09,3337.75,23235.0,77552621.25,-0.005386872936075961,-0.010573815022893411,-0.007980343979484685
2020-02-24,903.34,3225.89,23235.0,74953554.14999999,-0.032402653965388696,-0.034088046120521465,-0.03324535004295508
2020-02-25,909.67,3128.21,23235.0,72683959.35,0.006982891127224274,-0.030747925188099268,-0.011882517030437497
2020-02-26,895.97,3116.39,23235.0,72409321.64999999,-0.01517496610789538,-0.003785675340731014,-0.009480320724313197
2020-02-27,898.44,2978.76,23240.0,69226382.4,0.0027529957590603695,-0.04495300465388394,-0.021100004447411783
2020-02-28,882.19,2954.22,23240.0,68656072.8,-0.01825247372211816,-0.00827244991427585,-0.013262461818197005
2020-03-02,884.43,3090.23,23234.0,71798403.82000001,0.0025359174020788016,0.04475265628035063,0.023644286841214716
2020-03-03,890.61,3003.37,23234.0,69780298.58,0.006963251499367523,-0.028510530261905413,-0.010773639381268945
2020-03-04,889.37,3130.12,23234.0,72725208.08,-0.0013932743071181255,0.04133635094064169,0.019971538316761784
2020-03-05,893.31,3023.94,23204.0,70167503.76,0.00442031818988565,-0.03580277111216159,-0.01569122646113797
2020-03-06,891.44,2972.37,23204.0,68970873.48,-0.0020955323538914003,-0.017201002454619925,-0.009648267404255662
2020-03-09,835.49,2746.56,23204.0,63731178.24,-0.06481975365588737,-0.07901039484826664,-0.071915074252077
2020-03-10,837.5,2882.23,23204.0,66879264.92,0.002402884616310316,0.04821508053580021,0.025308982576055263
2020-03-11,811.35,2741.38,23204.0,63610981.52,-0.03172173671367578,-0.05010285683741073,-0.040912296775543255
2020-03-12,769.25,2480.64,23204.0,57560770.56,-0.053283512783394466,-0.09994485184600731,-0.07661418231470088
2020-03-13,761.78,2711.02,23204.0,62906508.08,-0.009758214112151012,0.08880835644074639,0.03952507116429769
2020-03-16,747.86,2386.13,23204.0,55367760.52,-0.018442005408623653,-0.12765214115647325,-0.07304707328254845
2020-03-17,745.78,2529.19,23204.0,58687324.76,-0.002785144137210271,0.0582262866907417,0.027720571276765714
2020-03-18,747.66,2398.1,23244.0,55741436.4,0.0025176786386648946,-0.05149997961238322,-0.024491150486859164
2020-03-19,725.94,2409.39,23244.0,56003861.16,-0.02948096240138959,0.004696846277420738,-0.012392058061984427
2020-03-20,709.73,2304.92,23244.0,53575560.48,-0.022582750761639764,-0.044327634743158616,-0.03345519275239919
2020-03-23,666.59,2237.4,23244.0,52006125.6,-0.06270945175883598,-0.029731491257259945,-0.046220471508047964
2020-03-24,659.21,2447.33,23244.0,56885738.52,-0.01113301587785287,0.08968315694821649,0.03927507053518181
2020-03-25,690.25,2475.56,23244.0,57541916.64,0.046011702427150906,0.011468998674479099,0.028740350550815003
2020-03-26,694.21,2630.07,23244.0,61133347.080000006,0.0057206575842550025,0.06054382875166776,0.03313224316796138
2020-03-27,696.06,2541.47,23244.0,59073928.67999999,0.0026613551208514597,-0.03426780802262948,-0.01580322645088901
2020-03-30,662.26,2626.65,23010.337890625,60440104.02041016,-0.04977763543944564,0.022863170460223164,-0.013457232489611238
2020-03-31,662.53,2584.59,23631.0,61076446.29000001,0.0004076117780754718,0.010473438964607737,0.005440525371341605
2020-04-01,680.23,2470.5,23631.0,58380385.5,0.02636513642160784,-0.04514632872715227,-0.009390596152772214
2020-04-03,701.8,2488.65,23631.0,58809288.15,0.031217486873506554,0.007319835471669265,0.01926866117258791
2020-04-06,736.75,2663.68,23631.0,62945422.08,0.04860015846868941,0.06796823056768625,0.05828419451818783
2020-04-07,746.69,2659.41,23631.0,62844517.70999999,0.013401484074900733,-0.0016043316629523077,0.0058985762059742125
2020-04-08,748.02,2749.98,23631.0,64984777.38,0.001779609892233747,0.03348934524468995,0.01763447756846185
2020-04-09,760.33,2789.82,23631.0,65926236.42,0.016322833979643073,0.01438343869822631,0.015353136338934693
2020-04-13,765.79,2761.63,23631.0,65260078.53,0.0071554311536036275,-0.010155992507349275,-0.0015002806768728235
2020-04-14,767.41,2846.06,23631.0,67255243.86,0.0021132280235767044,0.0301144965504564,0.016113862287016553
2020-04-15,777.22,2783.36,23449.0,65267008.64,0.012702241832380615,-0.030008310008539915,-0.00865303408807965
2020-04-16,780.7,2799.55,23441.0,65624251.55,0.0044675025521028365,0.005458634847518494,0.004963068699810665
2020-04-17,789.6,2874.56,23441.0,67382560.96,0.011335534993026579,0.026440929079185473,0.018888232036106026
2020-04-20,794.97,2823.16,22972.873046875,64856096.27101562,0.006777889973988315,-0.038215332908228004,-0.015718721467119844
2020-04-21,766.84,2736.56,23441.0,64147702.96,-0.036026203441411594,-0.010982628971357758,-0.023504416206384677
2020-04-22,768.92,2799.31,23441.0,65618625.71,0.0027087582328107164,0.022671301062101197,0.012690029647455957
2020-04-23,773.91,2797.8,23441.0,65583229.8,0.006468654874364969,-0.000539564181026963,0.0029645453466690033
2020-04-24,776.66,2836.74,23441.0,66496022.34,0.0035470864047847687,0.013822111461719824,0.008684598933252297
2020-04-27,770.77,2878.48,23441.0,67474449.68,-0.007612658982996248,0.014606871524449172,0.003497106270726462
2020-04-28,767.21,2863.39,23441.0,67120724.99,-0.004629457285687079,-0.005256139460119949,-0.004942798372903514
2020-04-29,769.11,2939.51,23444.0,68913872.44000001,0.0024734442937300446,0.026364635906581585,0.014419040100155815
2020-05-04,762.47,2842.74,23444.0,66645196.56,-0.008670838743590035,-0.03347452499750051,-0.021072681870545274
2020-05-05,764.16,2868.44,23444.0,67247707.36,0.002214027878861953,0.00899995218953783,0.005606990034199892
2020-05-06,782.59,2848.42,23444.0,66778358.48,0.023831740450791252,-0.007003873398600344,0.008413933526095454
2020-05-07,796.54,2881.19,23444.0,67546618.36,0.01766841602545312,0.011438948664053582,0.014553682344753353
2020-05-08,813.73,2929.8,23444.0,68686231.2,0.021351267847408446,0.016730758062550522,0.019041012954979484
2020-05-11,828.33,2930.32,23399.0,68566557.68,0.017783010061872457,-0.0017438414374474508,0.008019584312212504
2020-05-13,834.21,2820.0,23334.0,65801880.0,0.0070735435143073795,-0.04115650913858036,-0.017041482812136494
2020-05-15,827.03,2863.7,23334.0,66821575.8,-0.008644199162932398,0.01537761005850689,0.003366705447787246
2020-05-18,823.23,2953.91,23334.0,68926535.94,-0.0046053430565358615,0.031015221473356874,0.013204939208410506
2020-05-19,845.92,2922.94,23334.0,68203881.96000001,0.027189165482647607,-0.010539757419425684,0.008324704031610963
2020-05-20,850.46,2971.61,23334.0,69339547.74000001,0.005352587084634633,0.01651393441786152,0.010933260751248078
2020-05-21,862.73,2948.51,23334.0,68800532.34,0.014324400451171143,-0.007803935472623245,0.003260232489273949
2020-05-26,863.74,2991.77,23334.0,69809961.17999999,0.0011700175678919014,0.01456522749200079,0.007867622529946347
2020-05-28,861.39,3029.73,23312.0,70629065.76,-0.0027244340468031473,0.011665046191436195,0.004470306072316524
2020-06-01,873.62,3055.73,23280.0,71137394.4,0.014098134957441432,0.007171383386209559,0.010634759171825495
2020-06-02,879.24,3080.82,23264.0,71672196.48,0.006412399458396907,0.007489757189895362,0.006951078324146135
2020-06-03,881.17,3122.87,23264.0,72650447.67999999,0.0021926719039951532,0.013556655475681606,0.00787466368983838
2020-06-04,883.9,3112.35,23264.0,72405710.39999999,0.003093364203034291,-0.003374382935045795,-0.000140509366005752
2020-06-05,886.22,3193.93,23264.0,74303587.52,0.0026212927128411484,0.025874065601553187,0.014247679157197168
2020-06-08,899.92,3232.39,23264.0,75198320.96,0.015340643704827005,0.011969668235859062,0.013655155970343034
2020-06-09,899.43,3207.18,23264.0,74611835.52,-0.0005446411338678151,-0.007829755338198062,-0.0041871982360329385
2020-06-10,900.0,3190.14,23264.0,74215416.96,0.0006335339736081447,-0.0053272433765708446,-0.00234685470148135
2020-06-11,873.39,3002.1,23264.0,69840854.39999999,-0.030012571846067412,-0.06075275919869301,-0.04538266552238021
2020-06-12,863.52,3041.31,23264.0,70753035.84,-0.011365132607910671,0.012976299868566655,0.0008055836303279915
2020-06-15,832.47,3066.59,23264.0,71341149.76,-0.036619873701083334,0.008277851423430304,-0.014171011138826515
2020-06-16,856.13,3124.74,23264.0,72693951.36,0.028025048600418094,0.01878488465267299,0.023404966626545544
2020-06-17,854.44,3113.49,23264.0,72432231.36,-0.0019759501801933353,-0.003606796221336869,-0.0027913732007651022
2020-06-18,855.27,3115.34,23264.0,72475269.76,0.0009709249699692993,0.0005940120550401924,0.0007824685125047458
2020-06-19,868.56,3097.74,23264.0,72065823.36,0.015419459364153393,-0.005665482200964775,0.00487698858159431
2020-06-22,871.28,3117.86,23264.0,72533895.04,0.00312672684383437,0.006474055690439126,0.004800391267136748
2020-06-23,868.2,3131.29,23264.0,72846330.56,-0.0035412919019377725,0.0042981911703125365,0.00037844963418738197
2020-06-24,859.71,3050.33,23264.0,70962877.12,-0.009826979788106701,-0.026195278732754377,-0.01801112926043054
2020-06-25,854.59,3083.76,23264.0,71740592.64,-0.005973301316686539,0.010899850173409067,0.002463274428361264
2020-06-26,851.98,3009.05,23264.0,70002539.2,-0.0030587693853108182,-0.024525217335129468,-0.013791993360220143
2020-06-29,829.36,3053.24,23210.0,70865700.39999999,-0.026908733360532504,0.012255026474306647,-0.007326853443112929
2020-06-30,825.11,3100.29,23264.0,72125146.56,-0.005137608234941226,0.01761621470244462,0.0062393032337516975
2020-07-01,843.49,3115.86,23264.0,72487367.04,0.022031335771279716,0.005009542099664131,0.013520438935471923
2020-07-02,842.38,3130.01,23264.0,72816552.64,-0.0013168277036761157,0.004531001832653059,0.0016070870644884717
2020-07-06,861.16,3179.72,23199.0,73766324.28,0.022049098745609234,0.012959016109725687,0.01750405742766746
2020-07-07,863.42,3145.32,23201.0,72974569.32000001,0.0026209294943842143,-0.010791301920382159,-0.004085186212998972
2020-07-08,864.5,3169.94,23180.0,73479209.2,0.0012500580358327353,0.006891483201284161,0.004070770618558448
2020-07-09,875.57,3152.05,23188.0,73089735.4,0.012723797718207586,-0.0053145598854071815,0.003704618916400202
2020-07-10,871.21,3185.04,23184.0,73841967.36,-0.004992052868109256,0.01023929510182643,0.002623621116858587
2020-07-13,874.05,3155.22,22824.259765625,72015560.8976953,0.0032545322837492876,-0.02504501414947253,-0.01089524093286162
2020-07-14,863.84,3197.52,23179.0,74115316.08,-0.01175001578721592,0.02873998643664868,0.00849498532471638
2020-07-15,873.57,3226.56,23181.0,74794887.36,0.011200697271669263,0.009127326161800864,0.010164011716735064
2020-07-21,861.69,3257.3,23188.0,75530272.4,-0.013692686530188836,0.009784002990551103,-0.0019543417698188667
2020-07-22,855.08,3276.02,23180.0,75938143.6,-0.0077005454003772145,0.005385574057076875,-0.0011574856716501697
2020-07-23,856.75,3235.66,23184.0,75015541.44,0.0019511289436380883,-0.012223797620520543,-0.0051363343384412275
2020-07-24,829.16,3215.63,23180.0,74538303.4,-0.0327330206234077,-0.006382178411025932,-0.019557599517216816
2020-07-27,785.17,3239.41,23175.0,75073326.75,-0.05451288528519017,0.007152193050379966,-0.0236803461174051
2020-07-28,813.36,3218.44,23181.0,74606657.64,0.03527356112078543,-0.0062355781770487345,0.014518991471868348
2020-07-29,788.29,3258.44,23170.0,75498054.8,-0.03130777350732011,0.01187714395298194,-0.009715314777169083
2020-07-30,801.13,3246.22,23175.0,75231148.5,0.016157188568608767,-0.003541537713049065,0.006307825427779851
2020-07-31,798.39,3271.12,23175.0,75808206.0,-0.003426031159479446,0.007641191392371447,0.002107580116446001
2020-08-03,814.65,3294.61,23170.0,76336113.7,0.020161373280249105,0.006939592876271671,0.013550483078260388
2020-08-04,827.57,3306.51,23170.0,76611836.7,0.015735122669555505,0.00360545267801785,0.009670287673786677
2020-08-05,837.8,3327.77,23175.0,77121069.75,0.01228571269441494,0.006624930527435148,0.009455321610925044
2020-08-06,840.04,3349.16,23174.0,77613433.84,0.0026701012382930574,0.006364007255375244,0.004517054246834151
2020-08-07,841.46,3351.28,23173.0,77659211.44,0.001688968584667946,0.0005896415462461161,0.001139305065457031
2020-08-10,843.2,3360.47,22903.845703125,76967686.36998047,0.00206569945120257,-0.008944494007236516,-0.003439397278016973
2020-08-11,843.08,3333.69,23170.0,77241597.3,-0.00014232511825147527,0.003552460806032236,0.0017050678438903803
2020-08-12,846.92,3380.35,23174.0,78336230.89999999,0.004544386518888968,0.014072077958564858,0.009308232238726913
2020-08-13,855.05,3373.43,23175.0,78179240.25,0.00955370757132717,-0.0020060726456622015,0.0037738174628324838
2020-08-14,850.74,3372.85,23174.0,78162425.89999999,-0.0050533877815411325,-0.00021509749101307225,-0.0026342426362771024
2020-08-17,850.15,3381.99,23174.0,78374236.25999999,-0.0006937544740268462,0.0027062093485908582,0.001006227437282006
2020-08-18,846.43,3389.78,23174.0,78554761.72,-0.00438529979318745,0.002300728889572129,-0.0010422854518076605
2020-08-19,853.04,3374.85,23174.0,78208773.89999999,0.007778934999616755,-0.004414143638946153,0.0016823956803353013
2020-08-26,873.47,3478.73,23170.0,80602174.1,0.02366734468367126,0.030143783626965973,0.026905564155318615
2020-08-27,874.71,3484.55,23174.0,80750961.7,0.001418618458003321,0.0018442485351687977,0.0016314334965860594
2020-08-28,878.98,3508.01,23174.0,81294623.74000001,0.0048697414461668625,0.00671001407851169,0.005789877762339276
2020-08-31,881.65,3500.31,23174.0,81116183.94,0.0030330075561669596,-0.0021973891312896472,0.0004178092124386562
2020-09-01,891.73,3526.65,23174.0,81726587.10000001,0.011368244323076405,0.007496875851234013,0.00943256008715521
2020-09-03,903.97,3455.06,23174.0,80067560.44,0.013632777823797477,-0.0205085886480777,-0.0034379054121401117
2020-09-04,901.54,3426.96,23174.0,79416371.04,-0.002691761848153927,-0.008166252396865789,-0.005429007122509858
2020-09-08,890.14,3331.84,23174.0,77212060.16,-0.012725658426558283,-0.028148866864058396,-0.02043726264530834
2020-09-09,889.32,3398.96,23176.0,78774296.96,-0.0009216279748262523,0.02003109842585007,0.00955473522551191
2020-09-10,888.82,3339.19,23175.0,77385728.25,-0.0005623854287944385,-0.01778438888571735,-0.009173387157255894
2020-09-11,888.0,3340.97,23173.0,77420297.81,-0.0009229973303033706,0.00044661776359054286,-0.0002381897833564139
2020-09-16,897.47,3385.49,23175.0,78458730.75,0.010607950627752464,0.013323771795125915,0.01196586121143919
2020-09-17,897.44,3357.01,23178.0,77808777.78,-3.342785989573002e-05,-0.008318513861849685,-0.0041759708608727075
2020-09-21,908.49,3281.06,23170.0,76022160.2,0.01223761486096924,-0.02322937039219275,-0.005495877765611755
2020-09-22,906.19,3315.57,23178.0,76848281.46000001,-0.0025348835404366468,0.010808228106783276,0.004136672283173315
2020-09-23,912.5,3236.92,23177.0,75022094.84,0.0069390883760870594,-0.024050439452868652,-0.008555675538390796
2020-09-24,908.58,3246.59,23185.0,75272189.15,-0.004305144260027435,0.0033280645703589124,-0.0004885398448342612
2020-09-25,908.27,3298.46,23184.0,76471496.64,-0.0003412499689114617,0.015807345873411902,0.00773304795225022
2020-09-29,905.28,3335.47,23188.0,77342878.36,-0.0032974031145053453,0.011330423989354542,0.004016510437424598
2020-09-30,905.21,3363.0,23190.0,77987970.0,-7.732713247223655e-05,0.008306081574901064,0.004114377221214414
2020-10-01,914.09,3380.8,23181.0,78370324.8,0.009762073897072676,0.004890761473638803,0.007326417685355739
2020-10-02,909.91,3348.44,23188.0,77643626.72,-0.004583341356844453,-0.00931587628525228,-0.006949608821048367
2020-10-05,914.68,3408.63,23191.0,79049538.33,0.005228583809935716,0.017945254196763398,0.011586919003349558
2020-10-06,915.67,3360.95,23203.0,77984122.85,0.0010817604245548903,-0.01356947064602475,-0.0062438551107349295
2020-10-07,919.72,3419.45,23205.0,79348337.25,0.004413238138351317,0.017342239356788764,0.01087773874757004
2020-10-08,918.4,3446.83,23205.0,79983690.14999999,-0.0014362503284982996,0.007975248642444218,0.0032694991569729593
2020-10-09,924.0,3477.13,23191.0,80638121.83,0.0060790460763821925,0.008148772489281595,0.007113909282831893
2020-10-12,925.83,3534.22,23180.0,81923219.6,0.001978560837473996,0.015810949023503714,0.008894754930488856
2020-10-13,929.86,3511.93,23178.0,81399513.53999999,0.004343404701808013,-0.006413165453155261,-0.001034880375673624
2020-10-14,940.18,3488.67,23177.0,80856904.59,0.011037309113038029,-0.006688314446817522,0.0021744973331102534
2020-10-15,942.76,3483.34,23175.0,80726404.5,0.002740397054183114,-0.0016152673083477044,0.0005625648729177048
2020-10-16,943.3,3483.81,23170.0,80719877.7,0.0005726223076203843,-8.085413816429413e-05,0.0002458840847280451
2020-10-19,943.69,3426.92,23175.0,79418871.0,0.0004133567274369503,-0.01624885089099873,-0.007917747081780889
2020-10-20,939.16,3443.12,23175.0,79794306.0,-0.004811863654187832,0.004716138487297935,-4.786258344494868e-05
2020-10-21,939.03,3435.56,23179.0,79632845.24,-0.00013843114935930927,-0.002025512140764755,-0.0010819716450620321
2020-10-22,949.9,3453.49,23177.0,80041537.72999999,0.011509288316439431,0.005119085164208696,0.008314186740324064
2020-10-23,961.26,3465.39,23176.0,80313878.64,0.011888207990541232,0.003396719337756426,0.007642463664148829
2020-10-26,950.8,3400.97,23176.0,78820880.72,-0.010941188400639146,-0.018764495369547173,-0.01485284188509316
2020-10-27,946.47,3390.68,23175.0,78579009.0,-0.004564461060058831,-0.0030733428188828562,-0.0038189019394708435
2020-10-28,921.05,3271.03,23175.0,75806120.25,-0.027224950827753835,-0.03592557122600901,-0.03157526102688142
2020-10-29,921.53,3310.11,23176.0,76715109.36,0.0005210085975730861,0.01191965045893606,0.006220329528254573
2020-10-30,925.47,3269.96,23170.0,75764973.2,0.0042663843815195016,-0.01246259106949988,-0.004098103343990189
2020-11-02,933.68,3310.24,23180.0,76731363.19999999,0.00883205052677949,0.012674441362173322,0.010753245944476407
2020-11-03,935.41,3369.16,23177.0,78087021.32,0.0018511687441846105,0.01751333052957548,0.009682249636880046
2020-11-04,939.76,3443.44,23176.0,79805165.44,0.004639587667347759,0.021764369430962577,0.013201978549155169
2020-11-05,937.75,3510.45,23176.0,81358189.2,-0.002141134553633845,0.019273262670013912,0.008566064058190033
2020-11-06,938.29,3509.44,23175.0,81331272.0,0.0005756807050099062,-0.0003309028138279717,0.00012238894559096726
2020-11-09,951.99,3550.5,23176.0,82286388.0,0.014495460867508664,0.011675107065434651,0.013085283966471658
2020-11-10,951.9,3545.53,23170.0,82149930.10000001,-9.45432772555731e-05,-0.0016597055066773084,-0.0008771243919664408
2020-11-11,952.22,3572.66,23173.0,82789250.17999999,0.00033611327333644807,0.007752230618388421,0.004044171945862434
2020-11-12,959.28,3537.01,23175.0,81970206.75,0.007386902540581805,-0.009942375292770273,-0.0012777363760942341
2020-11-13,966.29,3585.15,23175.0,83085851.25,0.007280993127561023,0.013518576706374859,0.010399784916967941
2020-11-16,950.79,3626.91,23175.0,84053639.25,-0.016170778226990798,0.011580731916656505,-0.0022950231551671467
2020-11-17,968.9,3609.53,23175.0,83650857.75,0.018868189419210448,-0.00480347613410369,0.007032356642553379
2020-11-18,973.53,3567.79,23163.0,82640719.77,0.004767233587459033,-0.012149146936731763,-0.003690956674636365
2020-11-19,983.26,3581.87,23160.0,82956109.2,0.009944940635203504,0.0038091286325448574,0.00687703463387418
2020-11-20,990.0,3557.54,23176.0,82449547.04,0.00683136151501463,-0.0061251078740150846,0.00035312682049977277
2020-11-23,994.19,3577.59,23176.0,82914225.84,0.004223392142988823,0.005620094595057601,0.004921743369023212
2020-11-24,995.76,3635.41,23177.0,84257897.57,0.0015779294210976843,0.016075654710658936,0.00882679206587831
2020-11-25,999.94,3629.65,23151.0,84030027.15,0.004189012489342879,-0.0027081035034756873,0.000740454492933596
2020-11-27,1010.22,3638.35,23164.0,84278739.39999999,0.010228130715698277,0.0029554304999191293,0.006591780607808703
2020-11-30,1003.08,3621.63,23160.0,83876950.8,-0.007092862398698215,-0.004778778097246001,-0.005935820247972108
2020-12-01,1008.87,3662.45,23140.0,84749093.0,0.005755626117826618,0.01034419069675414,0.00804990840729038
2020-12-02,1014.32,3669.01,23129.0,84860532.29,0.005387544602800859,0.001314068182691181,0.00335080639274602
2020-12-03,1019.8,3666.72,23129.0,84807566.88,0.005388092401362768,-0.0006243414287024246,0.0023818754863301718
2020-12-04,1021.49,3699.12,23125.0,85542150.0,0.0016558160634956485,0.008624466030541691,0.00514014104701867
2020-12-07,1029.98,3691.96,23130.0,85395034.8,0.008277038874880745,-0.0017212783338494612,0.0032778802705156415
2020-12-08,1028.63,3702.25,23127.0,85621935.75,-0.0013115647874270434,0.0026535504916341004,0.0006709928521035285
2020-12-09,1039.13,3672.82,23128.0,84944980.96000001,0.010156004808318428,-0.007937744991892568,0.0011091299082129297
2020-12-10,1030.91,3668.1,23128.0,84835816.8,-0.007941917263124128,-0.00128594253865602,-0.004613929900890074
2020-12-11,1045.96,3663.46,23128.0,84728502.88,0.014493216658684761,-0.0012657607983834493,0.006613727930150656
2020-12-14,1064.09,3647.49,23128.0,84359148.72,0.01718484981463796,-0.0043687962305263076,0.006408026792055826
2020-12-15,1055.27,3694.62,23126.0,85441782.12,-0.008323315452742888,0.01275196861917204,0.0022143265832145764
2020-12-16,1066.99,3701.17,23126.0,85593257.42,0.011044941848828739,0.0017712784469306416,0.00640811014787969
2020-12-17,1051.77,3722.48,23126.0,86086072.48,-0.014367140970939841,0.0057411269476312764,-0.004313007011654282
2020-12-18,1067.46,3709.41,23120.0,85761559.2,0.014807535459071354,-0.0037767604076164494,0.005515387525727452
2020-12-21,1081.08,3694.92,23124.0,85441330.08,0.012678546776609657,-0.0037409356209252356,0.004468805577842211
2020-12-22,1083.45,3687.26,23120.0,85249451.2,0.0021898527136167928,-0.002248263900195726,-2.920559328946663e-05
2020-12-23,1078.9,3690.01,23127.0,85338861.27000001,-0.004208390607671089,0.0010482556148505436,-0.0015800674964102728
2020-12-24,1067.52,3703.06,23130.0,85651777.8,-0.010603802267021933,0.0036600469010409707,-0.003471877682990481
2020-12-28,1091.33,3735.36,23130.0,86398876.8,0.022058934600287346,0.008684694603369354,0.01537181460182835
2020-12-29,1099.49,3727.04,23125.0,86187800.0,0.007449300019694379,-0.002446039394870347,0.002501630312412016
2020-12-30,1097.54,3732.04,23120.0,86284764.8,-0.0017751241558359783,0.0011244085148086704,-0.00032535782051365395
2020-12-31,1103.87,3756.07,23088.0,86720144.16,0.005750875525931683,0.005033155206130315,0.005392015366030999
2021-01-04,1120.47,3700.65,23070.0,85373995.5,0.014926052840494685,-0.01564464796922568,-0.00035929756436549765
2021-01-05,1132.55,3726.86,23070.0,85978660.2,0.01072348737213221,0.007057576170722278,0.008890531771427245
2021-01-06,1143.21,3748.14,23080.0,86507071.2,0.00936836746020991,0.006127030320454096,0.007747698890332003
2021-01-07,1156.49,3803.79,23090.0,87829511.1,0.011549460901848507,0.015171402904845957,0.013360431903347233
2021-01-08,1167.69,3824.68,23078.0,88265965.03999999,0.00963788234651089,0.004957024942177716,0.0072974536443443025
2021-01-11,1184.89,3799.61,22788.548828125,86587598.01283203,0.014622505054772878,-0.0191979911211828,-0.0022877430332049614
2021-01-12,1192.28,3801.19,23050.0,87617429.5,0.006217497113307089,0.011823349746665964,0.009020423429986527
2021-01-13,1186.05,3809.84,23065.0,87873959.60000001,-0.00523898218458075,0.002923565469897659,-0.0011577083573415454
2021-01-14,1187.4,3795.54,23064.0,87540334.56,0.0011375846515293115,-0.00380385696473634,-0.0013331361566035142
2021-01-15,1194.2,3768.25,23064.0,86910918.0,0.005710462276317032,-0.007215990506594139,-0.0007527641151385536
2021-01-19,1131.0,3798.91,23069.0,87637054.78999999,-0.054374307996771634,0.008320245344357116,-0.02302703132620726
2021-01-20,1134.68,3851.85,23069.0,88858327.64999999,0.0032484757213096563,0.013839368887685565,0.00854392230449761
2021-02-05,1126.91,3886.83,23015.0,89455392.45,-0.006871299016644603,0.006696815377534068,-8.724181955526746e-05
2021-02-08,1083.18,3915.59,23000.0,90058570.0,-0.03957821464416376,0.0067201437898311836,-0.016429035427166287
2021-02-09,1114.93,3911.23,22970.0,89840953.1,0.028890463477775487,-0.0024193172099006887,0.0132355731339374
2021-02-17,1155.78,3931.33,23010.0,90459903.3,0.03598381804772441,0.006865775834250614,0.021424796940987513
2021-02-18,1174.38,3913.97,23010.0,90060449.69999999,0.015964908040365954,-0.004425586869627132,0.00576966058536941
2021-02-19,1173.5,3906.71,23015.0,89912930.65,-0.0007496124514094008,-0.0016393433601187134,-0.001194477905764057
2021-02-22,1175.04,3876.5,22727.703125,88103941.1640625,0.0013114532609380942,-0.020324497777174585,-0.009506522258118245
2021-02-23,1177.64,3881.37,23020.0,89349137.39999999,0.0022102462370211158,0.014034320328396447,0.008122283282708781
2021-02-24,1162.01,3925.43,23025.0,90383025.75,-0.013361171562231692,0.011504894125416354,-0.0009281387184076687
2021-02-25,1165.43,3829.34,23020.0,88151406.8,0.0029388533852683766,-0.025000613638198103,-0.011030880126464863
2021-02-26,1169.04,3811.15,23025.0,87751728.75,0.0030927815543226574,-0.00454430487043821,-0.0007257616580577764
2021-03-01,1186.17,3901.82,23015.0,89800387.3,0.0145467300736963,0.023077725209831177,0.01881222764176374
2021-03-02,1186.61,3870.29,23020.0,89094075.8,0.0003708729886826778,-0.007896445288021041,-0.0037627861496691817
2021-03-03,1186.95,3819.72,23022.0,87937593.83999999,0.000286489494536167,-0.013065440932853434,-0.006389475719158634
2021-03-04,1168.52,3768.47,23020.0,86750179.39999999,-0.015649000930242556,-0.013594915159215997,-0.014621958044729277
2021-03-05,1168.69,3841.94,23019.0,88437616.86,0.0001454725936478633,0.019264922385485155,0.00970519748956651
2021-03-08,1168.27,3821.35,23033.0,88017154.55,-0.00035944132935265783,-0.004765675673410832,-0.0025625585013817447
2021-03-09,1161.97,3875.44,22707.5,88001553.8,-0.005407181534725051,-0.00017726240792346448,-0.0027922219713242577
2021-03-10,1170.08,3898.81,22726.470703125,88606191.24205078,0.0069552820000012535,0.006847262607583964,0.006901272303792609
2021-03-11,1181.73,3939.34,23052.0,90809665.68,0.009907343954180631,0.024563996413997022,0.017235670184088826
2021-03-12,1181.56,3943.34,23051.0,90897930.34,-0.00014386723617772985,0.0009715022252831742,0.0004138174945527222
2021-03-15,1184.56,3968.94,22651.580078125,89902762.23527344,0.00253579835981964,-0.011008565739179622,-0.004236383689679991
2021-03-16,1179.9,3962.71,23081.0,91463309.51,-0.003941708494589741,0.017209236253962014,0.006633763879686136
2021-03-17,1186.09,3974.12,23082.0,91730637.84,0.005232493901487661,0.0029185300455776123,0.004075511973532637
2021-03-18,1200.94,3915.46,23045.0,90231775.7,0.012442400456634794,-0.016474787427551676,-0.002016193485458441
2021-03-19,1194.05,3913.1,23065.0,90255651.5,-0.005753693341324704,0.00026457023084289715,-0.002744561555240903
2021-03-22,1194.43,3940.59,22761.62890625,89694247.25167969,0.0003181940005411288,-0.006239581946020093,-0.002960693972739482
2021-03-23,1183.45,3910.52,23076.0,90239159.52,-0.00923518263239228,0.006056840071583877,-0.001589171280404202
2021-03-24,1161.81,3889.14,23070.0,89722459.8,-0.01845476763598294,-0.005742348193804439,-0.01209855791489369
2021-03-25,1163.1,3909.52,23080.0,90231721.6,0.001109720490155789,0.005659920270163232,0.0033848203801595104
2021-03-26,1148.46,3974.54,23084.0,91748281.36,-0.012666939858919724,0.016667709035174463,0.0020003845881273697
2021-03-29,1175.68,3971.09,23084.0,91668641.56,0.023424789100632865,-0.0008684019308249006,0.011278193584903982
2021-03-30,1186.36,3958.55,23070.0,91323748.5,0.00904309222696554,-0.003769484274939294,0.002636803976013123
2021-03-31,1191.44,3972.89,23070.0,91654572.3,0.004272863763940469,0.003615992965994899,0.003944428364967684
2021-04-01,1216.1,4019.87,23074.0,92754480.38,0.02048635740934153,0.011929144556324118,0.016207750982832822
2021-04-05,1236.05,4077.91,23073.0,94089617.43,0.016271794286912267,0.014291698705095062,0.015281746496003664
2021-04-06,1239.96,4073.94,23079.0,94022461.26,0.003158309740397695,-0.000714001709201006,0.0012221540155983447
2021-04-07,1242.38,4079.95,23090.0,94206045.5,0.0019497738155607386,0.0019506535048522278,0.0019502136602064834
2021-04-08,1234.89,4097.17,23090.0,94603655.3,-0.006046997560521419,0.004211758040807014,-0.0009176197598572025
2021-04-09,1231.66,4128.8,23085.0,95313348.0,-0.0026190442896513347,0.0074737489651039634,0.0024273523377263146
2021-04-12,1252.45,4127.99,22697.6328125,93695601.27367188,0.01673878002285662,-0.017118620453615375,-0.0001899202153793772
2021-04-13,1248.33,4141.59,23067.0,95534056.53,-0.0032949749498327498,0.01943155343728876,0.008068289243728006
2021-04-14,1255.87,4124.66,23069.0,95151781.54,0.006021901433930527,-0.004009479738902127,0.0010062108475141999
2021-04-15,1247.25,4170.42,23078.0,96244952.76,-0.0068874317454595685,0.011423215879682199,0.0022678920671113153
2021-04-16,1238.71,4185.47,23073.0,96571349.31,-0.006870612233841957,0.003385573297090157,-0.0017425194683759
2021-04-19,1260.58,4163.26,22747.548828125,94703960.1341797,0.01750141698495558,-0.019526289236406456,-0.0010124361257254372
2021-04-20,1268.28,4134.94,23073.0,95405470.62,0.006089719316996034,0.007380103838822663,0.0067349115779093485
2021-04-22,1227.82,4134.98,23074.0,95410528.52,-0.03242141265059828,5.3013374391840035e-05,-0.01618419963810322
2021-04-23,1248.53,4180.17,23070.0,96436521.9,0.01672662010708351,0.010696053542106215,0.013711336824594862
2021-04-26,1215.77,4187.62,22664.841796875,94911744.80542968,-0.026589238366593073,-0.015937529989204058,-0.021263384177898567
2021-04-27,1219.75,4186.72,23040.0,96462028.8,0.0032682987967980587,0.016201989209411592,0.009735144003104825
2021-04-28,1229.55,4183.18,23042.0,96388833.56,0.008002329071202794,-0.0007590865046589363,0.003621621283271929
2021-04-29,1239.39,4211.47,23047.0,97061749.09,0.007971074308104606,0.006957004056200026,0.007464039182152316
2021-05-04,1242.2,4164.66,23054.0,96012071.64,0.002264678049948622,-0.010873434711099809,-0.004304378330575593
2021-05-05,1256.43,4167.59,23050.0,96062949.5,0.011390365000160831,0.0005297707207107204,0.005960067860435776
2021-05-06,1250.57,4201.62,23060.0,96889357.2,-0.0046749187654212205,0.008565979514167495,0.001945530374373137
2021-05-07,1241.81,4232.6,23067.0,97633384.2,-0.007029454635031611,0.007649806115052123,0.00031017574001025597
2021-05-10,1259.58,4188.43,22562.2265625,94500306.60117188,0.014208339319375284,-0.032616407211090534,-0.009204033945857625
2021-05-11,1256.04,4152.1,23060.0,95747426.0,-0.002814417389493224,0.013110666241607734,0.005148124426057255
2021-05-12,1269.09,4063.04,23055.0,93673387.2,0.010336193530565278,-0.021899617634928408,-0.005781712052181565
2021-05-13,1261.99,4112.5,23053.0,94805462.5,-0.0056102680458635186,0.012012901350990852,0.003201316652563667
2021-05-14,1266.36,4173.85,23040.0,96165504.0,0.003456803331504458,0.014243678176692127,0.008850240754098293
2021-05-17,1258.7,4163.29,23048.0,95955507.92,-0.006067201173539801,-0.0021860822148656515,-0.004126641694202726
2021-05-18,1252.68,4127.83,23046.0,95129970.18,-0.004794186089251953,-0.00864056111824272,-0.0067173736037473356
2021-05-19,1262.49,4115.68,23040.0,94825267.2,0.007800705117858562,-0.0032081583592361196,0.002296273379311221
2021-05-20,1278.22,4159.12,23045.0,95846920.4,0.01238252377130099,0.010716434213392115,0.011549478992346552
2021-05-21,1283.93,4155.86,23045.0,95771793.7,0.00445720153247006,-0.0007841270013964568,0.0018365372655368018
2021-05-24,1297.98,4197.05,23054.0,96758790.7,0.01088352319499557,0.010252975125404138,0.010568249160199853
2021-05-25,1308.58,4188.13,23056.0,96561525.28,0.008133369984917645,-0.002040814877280875,0.0030462775538183853
2021-05-26,1316.7,4195.99,23060.0,96759529.4,0.006186026552547518,0.0020484492965919497,0.004117237924569734
2021-05-27,1303.57,4200.88,23055.0,96851288.4,-0.010021951857930596,0.0009478706604599693,-0.004537040598735313
2021-05-28,1320.46,4204.11,23045.0,96883714.95,0.012873506217792338,0.00033475159100934053,0.006604128904400839
2021-06-01,1337.78,4202.04,23040.0,96815001.6,0.013031362932621185,-0.0007094869197507534,0.0061609380064352156
2021-06-02,1340.78,4208.12,23044.0,96971917.28,0.0022400104940055398,0.0016194665274805629,0.0019297385107430514
2021-06-03,1364.28,4192.85,23040.0,96603264.0,0.0173752827802289,-0.0038088945416877786,0.0067831941192705615
2021-06-04,1374.05,4229.89,23041.0,97460895.49,0.007135766293067602,0.008838696188001448,0.007987231240534525
2021-06-07,1358.78,4226.52,23044.0,97395926.88,-0.011175344913568792,-0.0006668343619408186,-0.005921089637754806
2021-06-08,1319.88,4227.26,23000.0,97226980.0,-0.02904641495148869,-0.0017361463267102487,-0.01539128063909947
2021-06-09,1332.9,4219.55,22952.0,96847111.6,0.009816196252946885,-0.003914678996898743,0.002950758628024071
2021-06-10,1323.58,4239.18,22955.0,97310376.9,-0.0070168329819055185,0.004772066045204495,-0.0011223834683505118
2021-06-11,1351.74,4247.44,22947.0,97466005.68,0.021052464789039438,0.0015980255003964028,0.011325245144717921
2021-06-14,1361.72,4255.15,22945.0,97634416.75,0.007355955128511874,0.0017264043791512225,0.004541179753831549
2021-06-15,1367.36,4246.59,22944.0,97433760.96,0.00413326691004188,-0.002057289539765757,0.0010379886851380616
2021-06-16,1356.52,4223.7,22947.0,96921243.9,-0.007959276639339931,-0.005274042192663938,-0.006616659416001935
2021-06-17,1359.92,4221.86,22946.0,96874799.56,0.002503277654194252,-0.00047931154898691816,0.001011983052603667
2021-06-18,1377.77,4166.45,22960.0,95661692.0,0.013040375609170112,-0.012601492873841566,0.00021944136766427307
2021-06-21,1372.63,4224.79,22995.0,97149046.05,-0.0037376425129457087,0.015428430684256105,0.0058453940856551985
2021-06-22,1379.97,4246.44,23014.0,97727570.16,0.005333152217778487,0.005937354832715009,0.005635253525246748
2021-06-23,1376.87,4241.84,23025.0,97668366.0,-0.00224895264621469,-0.0006059917414382223,-0.0014274721938264561
2021-06-24,1379.72,4266.49,23020.0,98214599.8,0.002067772875527583,0.005577158928938459,0.0038224659022330207
2021-06-25,1390.12,4280.7,23003.0,98468942.1,0.007509494319858411,0.002586311384447953,0.005047902852153182
2021-06-28,1405.81,4290.61,22700.0546875,97397081.64273436,0.011223574770211627,-0.010944942229045292,0.00013931627058316742
2021-06-29,1410.04,4291.8,23020.0,98797236.0,0.003004423660253513,0.014273381054654078,0.008638902357453796
2021-06-30,1408.55,4297.5,23020.0,98928450.0,-0.0010572663202488106,0.001327232914611209,0.00013498329718119922
2021-07-01,1417.08,4319.94,23014.0,99419099.16,0.0060376099572857864,0.0049473781033415425,0.0054924940303136644
2021-07-02,1420.27,4352.34,23010.0,100147343.4,0.0022485779647068308,0.0072982958773717636,0.004773436921039298
2021-07-06,1354.79,4343.54,22996.0,99884045.84,-0.04720053361279307,-0.0026325639497212553,-0.024916548781257163
2021-07-07,1388.55,4358.13,23007.0,100267496.91,0.02461357642822559,0.0038316121260907957,0.014222594277158192
2021-07-08,1374.68,4320.82,23015.0,99443672.3,-0.010039060438579567,-0.008250207398200865,-0.009144633918390217
2021-07-09,1347.14,4369.55,23007.0,100530236.85,-0.02023715006358353,0.01086717010019789,-0.0046849899816928196
2021-07-15,1293.92,4360.03,23011.0,100328650.33,-0.04030745633165463,-0.002007245888031039,-0.021157351109842834
2021-07-16,1299.31,4327.16,23009.0,99563624.44,0.004156983963496595,-0.007654419122739362,-0.0017487175796213833
2021-07-19,1243.51,4258.49,22667.59375,96529721.3084375,-0.04389532828243385,-0.030945927658480185,-0.03742062797045702
2021-07-20,1273.29,4323.06,23020.0,99516841.2,0.023666075911242125,0.030475934375002865,0.027071005143122495
2021-07-21,1270.79,4358.69,23026.0,100363195.94,-0.001965347634277566,0.00846867761662008,0.0032516649911712575
2021-07-22,1293.67,4367.48,23022.0,100548124.56,0.017844386047438984,0.0018408984796403874,0.009842642263539685
2021-07-26,1272.71,4422.3,22652.552734375,100176383.95722656,-0.01633465507461725,-0.0037039924075960803,-0.010019323741106666
2021-07-27,1276.93,4401.46,23008.0,101268791.68,0.003310274276786539,0.01084581378309179,0.007078044029939164
2021-07-28,1277.07,4400.64,23005.0,101236723.2,0.00010963194999216816,-0.0003167171055767827,-0.00010354257779230728
2021-07-29,1293.6,4419.15,22999.0,101636030.85,0.012860637757757254,0.0039365381272616256,0.00839858794250944
2021-07-30,1310.05,4395.26,22965.0,100937145.9,0.012636275142854264,-0.00690010132750971,0.002868086907672277
2021-08-02,1314.22,4387.16,22950.0,100685322.0,0.0031780293260254906,-0.0024979758810498263,0.00034002672248783215
2021-08-03,1332.44,4423.15,22950.0,101511292.5,0.01376851415183663,0.008170019032652822,0.010969266592244726
2021-08-04,1334.74,4402.66,22950.0,101041047.0,0.0017246684289090458,-0.004643208229642991,-0.0014592699003669724
2021-08-05,1345.55,4429.1,22945.0,101625699.5,0.008066335070714891,0.0057696107717902095,0.0069179729212525505
2021-08-06,1341.45,4436.52,22936.0,101756022.72,-0.003051732922937382,0.0012815629291994643,-0.0008850849968689589
2021-08-09,1359.86,4432.35,22672.322265625,100491667.59404296,0.013630634794520714,-0.012503199372380326,0.0005637177110701941
2021-08-10,1362.43,4436.75,22925.0,101712493.75,0.0018881168159901901,0.012075330025129356,0.006981723420559773
2021-08-11,1357.79,4447.7,22887.0,101794509.9,-0.0034114920852970887,0.0008060278316653389,-0.0013027321268158749
2021-08-12,1353.05,4460.83,22809.0,101747071.47,-0.003497074582537975,-0.000466130119847204,-0.0019816023511925896
2021-08-13,1357.05,4468.0,22805.0,101892740.0,0.0029519227368846376,0.0014306490837341821,0.0021912859103094097
2021-08-16,1370.96,4479.71,22830.0,102271779.3,0.01019799821273346,0.0037130813599071063,0.006955539786320283
2021-08-17,1363.09,4448.08,22830.0,101549666.4,-0.005757043021619465,-0.007085769790768073,-0.006421406406193769
2021-08-18,1360.94,4400.27,22830.0,100458164.1,-0.0015785438827381133,-0.010806639720144824,-0.006192591801441469
2021-08-19,1374.85,4405.8,22807.0,100483080.6,0.01016899679249847,0.00024799786788316184,0.005208497330190815
2021-08-20,1329.43,4441.67,22812.0,101323376.04,-0.03359435531648876,0.008327784059357071,-0.012633285628565843
2021-08-23,1298.86,4479.53,22451.056640625,100570181.7533789,-0.02326332227351314,-0.007461335459533199,-0.015362328866523169
2021-08-24,1298.74,4486.23,22825.0,102398199.75,-9.23929781992953e-05,0.01801332219714174,0.008960464609471221
2021-08-25,1309.55,4496.19,22820.0,102603055.8,0.00828900305870887,0.0019985840344156403,0.005143793546562255
2021-08-26,1301.12,4470.0,22790.0,101871300.0,-0.006458134731315275,-0.007157464035806416,-0.006807799383560845
2021-08-27,1313.2,4509.37,22785.0,102745995.45,0.009241474627510562,0.008549627011150687,0.008895550819330625
2021-08-30,1328.14,4528.79,22789.0,103206595.31,0.011312560539213073,0.0044728801538450064,0.00789272034652904
2021-08-31,1331.47,4522.68,22775.0,103004037.0,0.0025041278534121978,-0.001964577411744586,0.000269775220833806
2021-09-01,1334.65,4524.09,22775.0,103036149.75,0.0023854901564814355,0.0003117134648978685,0.001348601810689652
2021-09-07,1341.9,4520.03,22760.0,102875882.8,0.005417434930367652,-0.001556654852833667,0.0019303900387669928
2021-09-08,1333.61,4514.07,22758.0,102731205.06,-0.006196969198141664,-0.0014073227278726221,-0.003802145963007143
2021-09-09,1343.98,4493.28,22757.0,102253572.96,0.007745810111220997,-0.004660179834024377,0.0015428151385983102
2021-09-10,1345.31,4458.58,22765.0,101499573.7,0.0009891087301349152,-0.007401139213466712,-0.0032060152416658987
2021-09-13,1341.43,4468.73,22757.0,101694888.60999998,-0.002888260640971675,0.0019224438297493424,-0.0004829084056111664
2021-09-14,1339.7,4443.05,22759.0,101119374.95,-0.0012905008262143558,-0.005675293193106795,-0.0034828970096605753
2021-09-15,1345.83,4480.7,22759.0,101976251.3,0.00456521479660917,0.008438206673245678,0.0065017107349274236
2021-09-16,1345.87,4473.75,22758.0,101813602.5,2.972099416933294e-05,-0.0015962407499951067,-0.0007832598779128868
2021-09-17,1352.64,4432.99,22753.0,100863821.47,0.005017594304706593,-0.009372410246261008,-0.0021774079707772074
2021-09-20,1350.48,4357.73,22770.0,99225512.1,-0.0015981535852918698,-0.01637614513311088,-0.008987149359201375
2021-09-21,1339.84,4354.19,22769.0,99140552.10999998,-0.007909880962354851,-0.0008565980832798937,-0.0043832395228173724
2021-09-22,1350.68,4395.64,22755.0,100022788.2,0.008057965489273237,0.008859480456668779,0.008458722972971008
2021-09-23,1352.76,4448.98,22760.0,101258784.8,0.0015387805243884875,0.012281423652775268,0.0069101020885818775
2021-09-24,1351.17,4455.48,22762.0,101415635.76,-0.0011760660840071783,0.0015478124065277587,0.0001858731612602902
2021-09-27,1324.99,4443.11,22760.0,101125183.6,-0.019565971538401807,-0.002868087134444165,-0.011217029336422987
2021-09-28,1339.31,4352.63,22766.0,99091974.58,0.010749643730193421,-0.020310735942579768,-0.004780546106193173
2021-09-29,1339.21,4359.46,22761.0,99225669.06,-7.466810032881046e-05,0.001348286494327569,0.0006368091969993793
2021-09-30,1342.06,4307.54,22753.0,98009457.62,0.002125859069267943,-0.012332761162872342,-0.0051034510468021994
2021-10-01,1334.89,4357.04,22750.0,99122660.0,-0.005356855485378745,0.011294092778329304,0.0029686186464752797
2021-10-04,1339.54,4300.46,22757.0,97865568.22,0.0034773799917854945,-0.012763289019815308,-0.0046429545140149065
2021-10-05,1354.63,4345.72,22757.0,98895550.04,0.011202082867187784,0.010469458977262057,0.01083577092222492
2021-10-06,1362.82,4363.55,22754.0,99288216.7,0.006027728052109377,0.003962657288078419,0.004995192670093898
2021-10-07,1365.99,4399.76,22750.0,100094540.0,0.0023233581128549456,0.008088239014451177,0.005205798563653061
2021-10-08,1372.73,4391.34,22750.0,99902985.0,0.004922017297915766,-0.0019155742909790841,0.0015032215034683407
2021-10-11,1394.09,4361.19,22399.798828125,97689778.65123044,0.015440414889097849,-0.022402631254038886,-0.003481108182470519
2021-10-12,1394.8,4350.65,22750.0,98977287.5,0.000509163154759685,0.013093470788108057,0.006801316971433871
2021-10-13,1391.91,4363.8,22757.0,99306996.6,-0.0020741311697805445,0.0033256231614323816,0.0006257459958259185
2021-10-14,1391.85,4438.26,22757.0,101001482.82,-4.3107164417575826e-05,0.016919170336133042,0.008438031585857732
2021-10-15,1392.7,4471.37,22757.0,101754967.09,0.0006105115917483568,0.007432441620921592,0.004021476606334974
2021-10-18,1395.53,4486.46,22758.0,102102856.68,0.0020299623573445235,0.0034130642747022964,0.0027215133160234098
2021-10-19,1395.33,4519.63,22758.0,102857739.54,-0.0001433249968413676,0.007366160006043284,0.0036114175046009583
2021-10-20,1393.8,4536.19,22755.0,103221003.45,-0.0010971164151310055,0.0035254901207406254,0.00121418685280481
2021-10-21,1384.77,4549.78,22755.0,103530243.9,-0.0064997691552448325,0.0029914274720985803,-0.001754170841573126
2021-10-22,1389.24,4544.9,22750.0,103396475.0,0.0032227741564639233,-0.0012929110300044407,0.0009649315632297413
2021-10-25,1385.4,4566.48,22394.345703125,102263331.76640624,-0.002767928417132625,-0.011019700136943568,-0.006893814277038096
2021-10-26,1391.63,4574.79,22745.0,104053598.55,0.004486815375855872,0.017354966609409363,0.010920890992632618
2021-10-27,1423.02,4551.68,22757.0,103582581.76,0.022305651840497473,-0.004536951096329668,0.008884350372083903
2021-10-28,1438.01,4596.42,22755.0,104591537.1,0.01047883955487496,0.009693455131613219,0.01008614734324409
2021-10-29,1444.27,4605.38,22750.0,104772395.0,0.0043437902237612736,0.0017276896089311426,0.003035739916346208
2021-11-01,1438.97,4613.67,22750.0,104960992.5,-0.003676423724425009,0.0017984504334932693,-0.0009389866454658698
2021-11-02,1452.46,4630.65,22750.0,105347287.5,0.009331090761465474,0.0036736112761165886,0.006502351018791031
2021-11-03,1444.3,4660.57,22748.0,106018646.36,-0.005633895513413733,0.006352595288067298,0.0003593498873267825
2021-11-04,1448.34,4680.06,22747.0,106457324.82,0.0027932979056126536,0.004129211231431416,0.003461254568522035
2021-11-05,1456.51,4697.53,22680.0,106539980.4,0.005625090137302231,0.0007761185904550977,0.0032006043638786643
2021-11-08,1467.57,4701.7,22680.0,106634556.0,0.007564808584956256,0.0008873067844048929,0.0042260576846805745
2021-11-09,1461.5,4685.25,22660.0,106167765.0,-0.004144666183691619,-0.004387092645266416,-0.004265879414479017
2021-11-10,1465.02,4646.71,22662.0,105303742.02,0.0024055886838140585,-0.008171576398861086,-0.002882993857523514
2021-11-11,1462.35,4649.27,22660.0,105352458.2,-0.001824163491724631,0.0004625183670605277,-0.0006808225623320517
2021-11-12,1473.37,4682.85,22645.0,106043138.25,0.007507563228398791,0.006534502319355383,0.007021032773877087
2021-11-15,1476.57,4682.8,22640.0,106018592.0,0.0021695365025526966,-0.00023150098870447966,0.0009690177569241084
2021-11-16,1466.45,4700.9,22645.0,106451880.5,-0.006877316421574369,0.004078581795782174,-0.0013993673128960974
2021-11-17,1475.85,4688.67,22650.0,106198375.5,0.006389580927116817,-0.0023842446734700035,0.002002668126823407
2021-11-18,1469.83,4704.54,22648.0,106548421.92,-0.004087347153149768,0.0032907356550697935,-0.0003983057490399872
2021-11-19,1452.35,4697.96,22650.0,106408794.0,-0.011963813657157032,-0.0013113238676146495,-0.006637568762385841
2021-11-22,1447.25,4682.94,22657.0,106101371.58,-0.003517730210463336,-0.0028932510932940443,-0.00320549065187869
2021-11-23,1463.63,4690.7,22670.0,106338169.0,0.011254447379531208,0.002229316796903114,0.00674188208821716
2021-11-24,1488.87,4701.46,22675.0,106605605.5,0.017097791616498756,0.0025118052052600834,0.009804798410879419
2021-11-26,1493.03,4594.62,22670.0,104160035.4,0.0027901691531002715,-0.02320757645504642,-0.010208703650973075
2021-11-29,1484.84,4655.27,22678.0,105572213.06000002,-0.00550058978400178,0.013466684422894136,0.003983047319446178
2021-11-30,1478.44,4567.0,22690.0,103625230.0,-0.004319544525780893,-0.018614369750234463,-0.011466957138007678
2021-12-01,1485.19,4513.04,22688.0,102391851.52,0.004555232381876962,-0.011973698555463192,-0.0037092330867931154
2021-12-02,1482.05,4577.1,22710.0,103945941.0,-0.0021164457017933446,0.015063831483447004,0.00647369289082683
2021-12-03,1443.32,4538.43,22730.0,103158513.9,-0.026480249068077378,-0.00760419079064944,-0.01704221992936341
2021-12-06,1413.58,4591.67,22830.0,104827826.1,-0.02082052177897949,0.016052477733175335,-0.0023840220229020773
2021-12-07,1446.77,4686.75,23020.0,107888985.0,0.023207991815382346,0.028783528923778102,0.025995760369580224
2021-12-08,1452.87,4701.21,23070.0,108456914.7,0.004207425058786779,0.005250212787542554,0.004728818923164667
2021-12-09,1467.98,4667.45,22920.0,106977954.0,0.010346395597794697,-0.013730218726331882,-0.0016919115642685927
2021-12-10,1463.54,4712.02,22980.0,108282219.6,-0.00302914760603479,0.01211818739294963,0.00454451989345742
2021-12-13,1476.21,4668.97,23025.0,107503034.25,0.00861983396543439,-0.007221890492281975,0.0006989717365762081
2021-12-14,1476.02,4634.09,22975.0,106468217.75,-0.00012871625873484796,-0.009672557021494112,-0.00490063664011448
2021-12-15,1475.5,4709.85,23000.0,108326550.0,-0.0003523608211227592,0.017303760587302895,0.008475699883090068
2021-12-16,1476.61,4668.67,23030.0,107519470.1,0.0007520045339161933,-0.007478327939309192,-0.0033631617026964994
2021-12-17,1479.79,4620.64,22990.0,106228513.6,0.0021512658817517995,-0.01207938596414895,-0.004964060041198575
2021-12-20,1477.33,4568.02,22980.0,104973099.6,-0.001663781359886957,-0.011888439364682408,-0.006776110362284682
2021-12-21,1478.74,4649.23,22928.0,106597545.43999998,0.0009539693626551128,0.015356362527015341,0.008155165944835226
2021-12-22,1477.67,4696.56,22933.0,107706210.48,-0.0007238509183229988,0.010346761548295636,0.004811455314986318
2021-12-23,1456.96,4725.79,22955.0,108480509.45,-0.014114449736689674,0.007163273314674855,-0.0034755882110074094
2021-12-27,1488.88,4791.19,22840.0,109430779.6,0.021672086289290942,0.008721679155521269,0.015196882722406106
2021-12-28,1494.39,4786.35,22810.0,109176643.5,0.0036939373676584085,-0.0023250465229507707,0.0006844454223538189
2021-12-29,1485.82,4793.06,22835.0,109449525.1,-0.00575128841437707,0.0024963319208902305,-0.0016274782467434199
2021-12-30,1485.97,4778.73,22820.0,109050618.6,0.00010094925962290744,-0.003651319733109496,-0.0017751852367432943
2021-12-31,1498.28,4766.18,22765.0,108502087.7,0.008250025849804455,-0.005042750988730128,0.0016036374305371639
2022-01-04,1525.58,4793.54,22825.0,109412550.5,0.01805688210563608,0.008356190344434024,0.013206536225035051
2022-01-05,1522.5,4700.58,22752.0,106947596.16,-0.002020945020001246,-0.022786645636004146,-0.012403795328002697
2022-01-06,1528.57,4696.05,22755.0,106858617.75,0.003978937230756187,-0.0008323276813109146,0.001573304774722636
2022-01-07,1528.48,4677.03,22745.0,106379047.35,-5.8880293109985866e-05,-0.004497997183843444,-0.002278438738476715
2022-01-10,1503.71,4670.29,22685.0,105945528.65,-0.016338389752851356,-0.0040835527435574975,-0.010210971248204427
2022-01-11,1492.31,4713.07,22695.0,106963123.65,-0.007610132788407247,0.009559054905493101,0.0009744610585429273
2022-01-12,1510.51,4726.35,22698.0,107278692.3,0.012122087148768767,0.0029459130265489892,0.0075340000876588775
2022-01-13,1496.05,4659.03,22698.0,105750662.94,-0.009619040693410703,-0.01434596245890599,-0.011982501576158346
2022-01-14,1496.02,4662.85,22710.0,105893323.5,-2.0053006781900744e-05,0.001348118451233716,0.0006640327222259076
2022-01-18,1438.94,4577.11,22720.0,103991939.2,-0.03890151703289418,-0.018118816848953043,-0.02851016694092361
2022-01-19,1442.79,4532.76,22750.0,103120290.0,0.002672007641680008,-0.008417217560647047,-0.0028726049594835195
2022-01-20,1465.3,4482.73,22700.0,101757971.0,0.015481260606177894,-0.013299010563842537,0.0010911250211676788
2022-01-21,1472.89,4397.94,22645.0,99591351.3,0.005166457501292725,-0.021521833837815276,-0.008177688168261275
2022-01-24,1439.71,4410.13,22625.0,99779191.25,-0.022784752745580013,0.001884330585429383,-0.010450211080075315
2022-01-25,1479.58,4356.45,22675.0,98782503.75,0.027316559300447196,-0.010039155546949981,0.008638701876748606
2022-01-26,1481.58,4349.93,22630.0,98438915.9,0.0013508221805779135,-0.003484288858824242,-0.0010667333391231643
2022-01-27,1470.76,4326.51,22630.0,97908921.3,-0.007329811907184457,-0.005398540617999153,-0.006364176262591805
2022-01-28,1478.96,4431.85,22630.0,100292765.5,0.005559864070657273,0.024055891707799003,0.014807877889228138
2022-02-07,1497.66,4483.87,22645.0,101537236.15,0.01256475197915702,0.012332026074022572,0.012448389026589797
2022-02-08,1500.99,4521.54,22665.0,102480704.1,0.0022210003627390036,0.00924893834741417,0.005734969355076587
2022-02-09,1505.38,4587.18,22715.0,104197793.7,0.002920467620579081,0.016616427216910475,0.009768447418744778
2022-02-10,1506.79,4504.08,22680.0,102152534.4,0.0009362022083651874,-0.01982382386214473,-0.009443810826889772
2022-02-11,1501.71,4418.64,22680.0,100214755.2,-0.0033771014313026125,-0.01915169623406591,-0.01126439883268426
2022-02-14,1471.96,4401.67,22685.0,99851883.95,-0.020009612777166987,-0.0036275078089431857,-0.011818560293055086
2022-02-15,1492.75,4471.07,22725.0,101605065.75,0.014025210420541162,0.017405466159988153,0.01571533829026466
2022-02-16,1492.1,4475.01,22750.0,101806477.5,-0.00043553278072591515,0.0019803381126324553,0.0007724026659532701
2022-02-17,1507.99,4380.26,22750.0,99650915.0,0.010593114599803607,-0.02140050300402348,-0.005403694202109937
2022-02-18,1504.84,4348.87,22785.0,99089002.95,-0.002091058007114573,-0.00565476279873378,-0.003872910402924177
2022-02-22,1503.47,4304.76,22800.0,98148528.0,-0.0009108104515224542,-0.009536542798266576,-0.0052236766248945155
2022-02-23,1512.3,4225.5,22815.0,96404782.5,0.0058559009691523944,-0.01792611177536306,-0.006035105403105333
2022-02-24,1494.85,4288.7,22825.0,97889577.5,-0.01160580341390612,0.015284271813201838,0.0018392341996478585
2022-02-25,1498.89,4384.65,22840.0,100145406.0,0.002698966812363049,0.022783106671534124,0.012741036741948587
2022-02-28,1490.13,4373.94,22820.0,99813310.8,-0.0058614696994127476,-0.0033216406932055583,-0.004591555196309153
2022-03-01,1498.78,4306.26,22805.0,98204259.3,0.005788079366220902,-0.016251961026401317,-0.0052319408300902075
2022-03-02,1485.52,4386.54,22815.0,100078910.1,-0.008886564529619879,0.018909387664691493,0.005011411567535807
2022-03-03,1505.0,4363.49,22840.0,99662111.6,0.013028018890635918,-0.004173395143457357,0.0044273118735892805
2022-03-04,1505.33,4328.87,22835.0,98849746.45,0.00021924506703381732,-0.008184596052263411,-0.003982675492614797
2022-03-07,1499.05,4201.09,22830.0,95910884.7,-0.004180569133316584,-0.030181508645793203,-0.017181038889554894
2022-03-08,1473.71,4170.7,22845.0,95279641.5,-0.01704854327891588,-0.006603313524564545,-0.011825928401740212
2022-03-09,1473.74,4277.88,22845.0,97728168.6,2.035657941670496e-05,0.025373672345635014,0.01269701446252586
2022-03-10,1479.08,4259.52,22835.0,97266139.2,0.0036168854325197134,-0.004738910277663049,-0.0005610124225716676
2022-03-11,1466.54,4204.31,22835.0,96005418.85,-0.008514387977388268,-0.013046288284512304,-0.010780338130950286
2022-03-14,1446.25,4173.11,22873.0,95451545.03,-0.013931885364439272,-0.005785899388844145,-0.009858892376641708
2022-03-15,1452.74,4262.45,22890.0,97567480.5,0.004477428926820768,0.021925509459909384,0.013201469193365076
2022-03-16,1459.33,4357.86,22880.0,99707836.8,0.004525997829369945,0.02170003139007667,0.013113014609723308
2022-03-17,1461.34,4411.67,22879.0,100934597.93,0.0013763967290542209,0.012228484155649363,0.006802440442351792
2022-03-18,1469.1,4463.12,22865.0,102049238.8,0.005296145383250093,0.010982668293593989,0.00813940683842204
2022-03-21,1494.95,4461.18,22860.0,101982574.8,0.01744279307306166,-0.0006534667432102537,0.008394663164925703
2022-03-22,1503.78,4511.61,22860.0,103135404.6,0.005889176765132832,0.011240769260246017,0.008564973012689424
2022-03-23,1502.34,4456.24,22870.0,101914208.8,-0.0009580456602811503,-0.011911363483018255,-0.006434704571649703
2022-03-24,1498.26,4520.16,22872.0,103385099.52,-0.002719457784744908,0.014329477294366283,0.005805009754810688
2022-03-25,1498.5,4543.06,22869.0,103895239.14000002,0.00016017298716817905,0.004922229028414123,0.002541201007791151
2022-03-28,1483.18,4575.52,22861.0,104600962.72,-0.010276176394186435,0.006769679916408857,-0.0017532482388887892
2022-03-29,1497.76,4631.6,22860.0,105878376.0,0.009782227260903045,0.012138283710086056,0.01096025548549455
2022-03-30,1490.51,4602.45,22865.0,105235019.25,-0.004852315369814052,-0.006094911607594867,-0.005473613488704459
2022-03-31,1492.15,4530.41,22854.0,103537990.14,0.0010996896496908279,-0.016257527664893745,-0.0075789190076014585
2022-04-01,1516.44,4545.86,22838.0,103818350.68,0.016147449655278288,0.0027041440809915827,0.009425796868134936
2022-04-04,1524.7,4582.64,22837.0,104653749.68,0.005432186819271748,0.008014534992631168,0.006723360905951458
2022-04-05,1520.03,4525.12,22846.0,103380891.52,-0.003067597890203018,-0.012237135474749757,-0.007652366682476387
2022-04-06,1522.9,4481.15,22873.0,102497343.95,0.0018863403699867333,-0.008583257889233227,-0.003348458759623247
2022-04-07,1502.35,4500.21,22866.0,102901801.86,-0.013585863042638148,0.00393826791406724,-0.004823797564285455
2022-04-08,1482.0,4488.28,22859.0,102597592.52,-0.013638021958974894,-0.0029606857298444464,-0.00829935384440967
2022-04-12,1455.25,4397.45,22860.0,100525707.0,-0.018214819704187323,-0.02040098190906451,-0.019307900806625915
2022-04-13,1477.2,4446.59,22888.0,101773551.92,0.014970696826563212,0.01233678020427757,0.01365373851542039
2022-04-14,1472.12,4392.59,22887.0,100533207.33,-0.003444865273172693,-0.01226217192313303,-0.007853518598152861
2022-04-18,1432.6,4391.69,22899.0,100565309.31,-0.0272125635248847,0.00031926620652448064,-0.01344664865918011
2022-04-19,1406.45,4462.21,22890.0,102139986.9,-0.018422176118019756,0.015536932641529907,-0.0014426217382449242
2022-04-20,1384.72,4459.45,22955.0,102366674.75,-0.015570845944187717,0.0022169247790165773,-0.00667696058258557
2022-04-21,1370.21,4393.66,22962.0,100887220.92,-0.010533940371334732,-0.014557949346041217,-0.012545944858687975
2022-04-22,1379.23,4271.78,22962.0,98088612.36,0.006561359666193561,-0.02813199052103028,-0.01078531542741836
2022-04-25,1310.92,4296.12,22965.0,98660395.8,-0.05079619163174629,0.005812329678997224,-0.022491930976374534
2022-04-26,1341.34,4175.2,22983.0,95958621.6,0.02293993349678462,-0.02776653400523638,-0.00241330025422588
2022-04-27,1353.77,4183.96,22970.0,96105561.2,0.009224178704575299,0.0015301096386239844,0.005377144171599641
2022-04-28,1350.99,4287.5,22965.0,98462437.5,-0.002055635974311758,0.024227947081331254,0.011086155553509749
2022-04-29,1366.8,4131.93,22956.0,94852585.08,0.011634584232832609,-0.03735117985849941,-0.012858297812833399
2022-05-04,1348.68,4300.17,22962.0,98740503.54,-0.013345904922960653,0.04017128206205937,0.013412688569549358
2022-05-05,1360.68,4146.87,22966.0,95237016.42,0.0088582384535726,-0.03612653830887331,-0.013634149927650354
2022-05-06,1329.26,4123.34,22955.0,94651269.7,-0.023362178376290985,-0.006169401913461847,-0.014765790144876416
2022-05-09,1269.62,3991.24,22955.0,91618914.2,-0.045904753314267,-0.032561554986877635,-0.03923315415057232
2022-05-10,1293.56,4001.05,22950.0,91824097.5,0.018680464244135074,0.002237025915185571,0.010458745079660322
2022-05-11,1301.53,3935.18,22941.0,90276964.38,0.006142388170185644,-0.01699243629687998,-0.0054250240633471674
2022-05-12,1238.84,3930.08,23050.0,90588344.0,-0.04936503760551491,0.0034432244682709354,-0.022960906568621986
2022-05-13,1182.77,4023.89,23096.0,92935763.44,-0.04631631277746721,0.02558298744960294,-0.010366662663932134
2022-05-16,1171.95,4008.01,23086.0,92528918.86,-0.009190117001666385,-0.00438730681819015,-0.0067887119099282675
2022-05-17,1228.37,4088.85,23095.0,94431990.75,0.04701905914520819,0.020358668824289154,0.03368886398474867
2022-05-18,1240.76,3923.68,23120.0,90715481.6,0.010036007820346209,-0.040151868063831385,-0.015057930121742589
2022-05-19,1241.64,3900.79,23139.0,90260379.81,0.0007089913284422383,-0.005029430397810389,-0.0021602195346840753
2022-05-20,1240.71,3901.36,23140.0,90277470.4,-0.0007492900223669509,0.00018932971707786913,-0.0002799801526445409
2022-05-23,1218.81,3973.75,23160.0,92032050.0,-0.017808823512999575,0.01924895388579306,0.0007200651863967424
2022-05-24,1233.38,3941.48,23170.0,91324091.6,0.011883395216718025,-0.00772226020875913,0.0020805675039794478
2022-05-25,1268.43,3978.73,23210.0,92346323.3,0.02802154714312455,0.011131267444599515,0.019576407293862032
2022-05-26,1268.57,4057.84,23190.0,94101309.6,0.00011036657480653936,0.018826070420439576,0.009468218497623058
2022-05-27,1285.45,4158.24,23205.0,96491959.2,0.013218569773906575,0.02508771691699223,0.019153143345449403
2022-05-31,1292.68,4132.15,23176.0,95766708.4,0.005608731098395693,-0.007544567422489472,-0.0009679181620468893
2022-06-01,1299.52,4101.23,23185.0,95087017.55,0.00527738282148846,-0.007122666535768176,-0.0009226418571398579
2022-06-02,1288.62,4176.82,23196.0,96885516.72,-0.008423087193674749,0.018737594908972605,0.005157253857648928
2022-06-03,1287.98,4108.54,23193.0,95289368.22,-0.000496778710829766,-0.01661179821014738,-0.008554288460488573
2022-06-06,1290.01,4121.43,23187.0,95563597.41,0.001574870670227644,0.0028737240505197982,0.002224297360373721
2022-06-07,1291.35,4160.68,23180.0,96444562.4,0.0010382125084169905,0.009176393052828196,0.005107302780622594
2022-06-08,1307.91,4115.77,23185.0,95424127.45,0.012742260538287743,-0.01063690560560241,0.001052677466342666
2022-06-09,1307.8,4017.82,23187.0,93161192.34,-8.410718318539525e-05,-0.024000210984315224,-0.012042159083750309
2022-06-10,1284.08,3900.86,23155.0,90324413.3,-0.018303827522213285,-0.030923462195489575,-0.02461364485885143
2022-06-13,1227.04,3749.63,23177.0,86905174.51,-0.04543774358841319,-0.03859020551125077,-0.04201397454983198
2022-06-14,1230.31,3735.48,23195.0,86644458.6,0.0026614051153790834,-0.003004513480711048,-0.00017155418266598236
2022-06-15,1213.93,3789.99,23210.0,87965667.89999999,-0.013403139800951928,0.015133538267283685,0.0008651992331658786
2022-06-16,1236.63,3666.77,23230.0,85179067.1,0.018526907567149725,-0.03219088852111182,-0.006831990476981048
2022-06-17,1217.3,3674.84,23232.0,85373882.88000001,-0.015754646482575328,0.0022845206107785674,-0.00673506293589838
2022-06-21,1172.47,3764.79,23230.0,87456071.7,-0.037522656776397066,0.024096396641716658,-0.006713130067340204
2022-06-22,1169.27,3759.89,23226.0,87327205.14,-0.002733012197620607,-0.0014745871078806552,-0.0021037996527506313
2022-06-23,1188.88,3795.73,23235.0,88193786.55,0.01663206500878098,0.009874470774032827,0.013253267891406904
2022-06-24,1185.48,3911.74,23244.0,90924484.56,-0.002863931605931165,0.03049280875672532,0.013814438575397077
2022-06-27,1202.82,3900.11,23247.0,90665857.17,0.014521044000056932,-0.002848472693061553,0.00583628565349769
2022-06-28,1218.1,3821.55,23245.0,88831929.75,0.012623467861473297,-0.02043469469062358,-0.003905613414575141
2022-06-29,1218.09,3818.83,23255.0,88806891.64999999,-8.209540306808992e-06,-0.00028189896744967754,-0.00014505425387824325
2022-06-30,1197.6,3785.38,23265.0,88066865.7,-0.016964504060187763,-0.008367892210056878,-0.01266619813512232
2022-07-01,1198.9,3825.33,23255.0,88958049.14999999,0.001084915608189449,0.010068537295090225,0.005576726451639837
2022-07-05,1181.29,3831.39,23335.0,89405485.64999999,-0.014797408045112374,0.005017140292298455,-0.004890133876406959
2022-07-06,1149.61,3845.08,23360.0,89821068.8,-0.027184307263712893,0.004637525907828955,-0.01127339067794197
2022-07-07,1166.48,3902.62,23373.0,91215937.26,0.014567912603247133,0.015410065528003591,0.014988989065625362
2022-07-08,1171.31,3899.38,23350.0,91050523.0,0.004132113553765687,-0.0018150822172930097,0.0011585156682363384
2022-07-11,1155.29,3854.43,23355.0,90020212.64999999,-0.013771385870692503,-0.011380320138940823,-0.012575853004816662
2022-07-12,1174.82,3818.8,23347.0,89157523.60000001,0.016763549662779775,-0.009629496769787419,0.0035670264464961778
2022-07-13,1173.92,3801.78,23389.0,88919832.42,-0.0007663683881987094,-0.0026695288662064018,-0.0017179486272025555
2022-07-14,1182.17,3790.38,23388.0,88649407.44,0.007003156685748266,-0.0030458562449176153,0.0019786502204153255
2022-07-15,1179.25,3863.16,23415.0,90455891.4,-0.002473089487061454,0.020172995814596487,0.008849953163767516
2022-07-18,1176.49,3830.85,23450.0,89833432.5,-0.0023432138205826303,-0.006905138472077432,-0.004624176146330031
2022-07-19,1178.33,3936.69,23440.0,92276013.6,0.0015627524604597428,0.026827027836326216,0.01419489014839298
2022-07-20,1194.14,3959.9,23412.0,92709178.8,0.013328079206034973,0.004683250438497649,0.00900566482226631
2022-07-21,1198.47,3998.95,23410.0,93615419.5,0.003619482261756551,0.009727624312293915,0.006673553287025233
2022-07-22,1194.76,3961.63,23410.0,92741758.3,-0.0031004148969271863,-0.009376269923422822,-0.006238342410175004
2022-07-25,1188.5,3966.84,23400.0,92824056.0,-0.005253320574863907,0.0008869920971827149,-0.002183164238840596
2022-07-26,1185.07,3921.05,23385.0,91693754.25,-0.0028901632457252213,-0.01225156408155629,-0.007570863663640756
2022-07-27,1191.04,4023.61,23370.0,94031765.7,0.005025030459307807,0.025178391906480725,0.015101711182894266
2022-07-28,1208.12,4072.43,23375.0,95193051.25,0.014238557295605971,0.012274289899674265,0.013256423597640118
2022-07-29,1206.33,4130.29,23358.0,96475313.82,-0.0014827396118746333,0.013380212219914728,0.0059487363040200475
2022-08-01,1231.35,4118.63,23335.0,96108231.05,0.02052843576482227,-0.003812197088913449,0.00835811933795441
2022-08-02,1236.12,4091.19,23355.0,95549742.45,0.0038663132212173575,-0.005827987957674913,-0.0009808373682287778
2022-08-03,1249.76,4155.17,23353.0,97035685.01,0.010974091178384857,0.01543182231545389,0.013202956746919374
2022-08-04,1254.15,4151.94,23394.0,97130484.35999998,0.003506519402189432,0.0009764765699422582,0.002241497986065845
2022-08-05,1252.74,4145.19,23393.0,96968429.67,-0.0011248998948375191,-0.0016698159128236383,-0.0013973579038305786
2022-08-08,1256.75,4140.06,23385.0,96815303.1,0.00319587120334541,-0.0015803865441355036,0.0008077423296049531
2022-08-09,1258.85,4122.47,23388.0,96416328.36,0.0016695821973392077,-0.004129503062773442,-0.0012299604327171173
2022-08-10,1256.5,4210.24,23385.0,98456462.4,-0.0018685277863769749,0.02093887577228263,0.009535173992952827
2022-08-11,1252.07,4207.27,23385.0,98387008.95,-0.0035318963434082095,-0.000705671896617457,-0.0021187841200128333
2022-08-12,1262.33,4280.15,23390.0,100112708.5,0.008161037977338002,0.017387863828074293,0.012774450902706147
2022-08-15,1274.2,4297.14,23392.0,100518698.88,0.009359311064811427,0.004047132395212877,0.006703221730012152
2022-08-16,1274.69,4305.2,23400.0,100741680.0,0.0003844810925824173,0.0022158480718062396,0.0013001645821943285
2022-08-17,1275.28,4274.04,23403.0,100025358.12,0.00046275055042091425,-0.007135881729848634,-0.00333656558971386
2022-08-18,1273.66,4283.74,23401.0,100243799.74,-0.0012711167921759861,0.002181481252150154,0.0004551822299870839
2022-08-19,1269.18,4228.48,23401.0,98950660.48,-0.003523622906101206,-0.0129838693813594,-0.008253746143730303
2022-08-22,1260.43,4137.99,23400.0,96828966.0,-0.006918090059627331,-0.02167516185490666,-0.014296625957266995
2022-08-23,1270.81,4128.73,23410.0,96653569.3,0.008201559855774084,-0.0018130499248866158,0.003194254965443734
2022-08-24,1277.16,4140.77,23430.0,97018241.1,0.004984370417692645,0.0037658782682221032,0.0043751243429573745
2022-08-25,1288.88,4199.12,23425.0,98364386.0,0.009134761341778054,0.013779794250071954,0.011457277795925005
2022-08-26,1282.57,4057.66,23423.0,95042570.18,-0.0049077467306034624,-0.0343539092626984,-0.019630827996650932
2022-08-29,1270.8,4030.61,23412.0,94364641.32,-0.009219254056766664,-0.007158457691062472,-0.008188855873914568
2022-08-30,1279.39,3986.16,23430.0,93395728.8,0.006736778426303008,-0.010320826700923684,-0.0017920241373103377
2022-08-31,1280.51,3955.0,23415.0,92606325.0,0.0008750342368560145,-0.008488170141298023,-0.0038065679522210046
2022-09-06,1277.4,3908.19,23505.0,91862005.95,-0.0024316739310312582,-0.008069928161281477,-0.005250801046156367
2022-09-07,1243.17,3979.87,23520.0,93606542.4,-0.027162193079400977,0.018812762782891273,-0.004174715148254852
2022-09-08,1234.6,4006.18,23580.0,94465724.4,-0.0069175380882924966,0.0091367854677787,0.0011096236897431013
2022-09-09,1248.78,4067.36,23542.0,95753789.12,0.011420043738419698,0.013543136388082277,0.012481590063250989
2022-09-12,1249.62,4110.41,23515.0,96656291.15,0.0006724303807647321,0.009381095288191352,0.005026762834478042
2022-09-13,1248.4,3932.69,23520.0,92496868.8,-0.0009767736823553257,-0.04398650248616728,-0.0224816380842613
2022-09-14,1240.77,3946.01,23553.0,92940373.53,-0.006130576776296617,0.004783349558683697,-0.0006736136088064601
2022-09-15,1245.66,3901.35,23590.0,92032846.5,0.003933355296185023,-0.009812602189383086,-0.0029396234465990313
2022-09-16,1234.03,3873.33,23620.0,91488054.6,-0.009380273563547526,-0.005937127564614345,-0.007658700564080936
2022-09-19,1205.43,3899.89,23650.0,92232398.5,-0.023448886609740694,0.00810304960826209,-0.007672918500739302
2022-09-20,1218.93,3855.93,23670.0,91269863.1,0.011137074971089553,-0.010490815965121993,0.00032312950298377975
2022-09-21,1210.55,3789.93,23670.0,89707643.1,-0.0068986229434729865,-0.017264673789774226,-0.012081648366623607
2022-09-22,1214.7,3757.99,23690.0,89026783.1,0.003422330935383977,-0.007618714624130299,-0.002098191844373161
2022-09-23,1203.28,3693.23,23700.0,87529551.0,-0.00944597135926737,-0.016960796107176563,-0.013203383733221967
2022-09-26,1174.35,3655.04,23700.0,86624448.0,-0.02433635832492504,-0.010394376865970473,-0.017365367595447757
2022-09-27,1166.54,3647.29,23715.0,86495482.35,-0.006672700535513118,-0.0014898997890743773,-0.004081300162293747
2022-09-28,1143.62,3719.04,23730.0,88252819.2,-0.019843432558898477,0.020113455505903828,0.00013501147350267542
2022-09-29,1126.07,3640.47,23730.0,86388353.1,-0.015464975197571356,-0.02135277627216209,-0.01840887573486672
2022-09-30,1132.11,3585.62,23820.0,85409468.39999999,0.005349453456950302,-0.011395898796912256,-0.0030232226699809773
2022-10-03,1086.44,3678.43,23855.0,87748947.64999999,-0.041176852209113934,0.027022903838323856,-0.007076974185395039
2022-10-04,1078.14,3790.93,23880.0,90527408.4,-0.007668961811468859,0.031172790421635014,0.011751914305083077
2022-10-05,1104.26,3783.28,23875.0,90325810.0,0.02393809318952159,-0.0022294154926719065,0.010854338848424842
2022-10-06,1074.52,3744.52,23865.0,89362969.8,-0.027301377138083935,-0.010716856292508313,-0.019009116715296124
2022-10-07,1035.91,3639.66,23870.0,86878684.2,-0.03659378275894115,-0.028193677274611667,-0.03239373001677641
2022-10-10,1042.48,3612.39,23875.0,86245811.25,0.006322222377736505,-0.0073112215285644575,-0.0004944995754139763
2022-10-11,1006.2,3588.84,23870.0,85665610.8,-0.035421630779432306,-0.006750018655425289,-0.021085824717428796
2022-10-12,1034.81,3577.03,23925.0,85580442.75,0.02803697591109357,-0.0009946863621852267,0.013521144774454171
2022-10-13,1050.99,3669.91,23945.0,87875994.95,0.015514742115514745,0.026469887902451965,0.020992315008983353
2022-10-14,1061.85,3583.07,24120.0,86423648.4,0.01028009280448136,-0.016665325707539893,-0.003192616451529267
2022-10-17,1051.58,3677.95,24110.0,88675374.5,-0.00971887485170393,0.02572087724600138,0.008001001197148725
2022-10-18,1063.66,3719.98,24310.0,90432713.8,0.011421995926185296,0.01962385631649607,0.015522926121340683
2022-10-19,1060.07,3695.16,24430.0,90272758.8,-0.0033808473012228116,-0.0017703397630945245,-0.002575593532158668
2022-10-20,1058.45,3665.78,24450.0,89628321.0,-0.0015293698579774198,-0.007164387864861211,-0.004346878861419315
2022-10-21,1019.82,3752.75,24530.0,92054957.5,-0.03717943268627399,0.026714410201953465,-0.005232511242160261
2022-10-24,986.15,3797.34,24820.0,94249978.8,-0.033572947267802744,0.02356483856586135,-0.005004054350970698
2022-10-25,997.7,3859.11,24830.0,95821701.3,0.011644157069949188,0.016538585068883206,0.014091371069416197
2022-10-26,992.85,3830.6,24840.0,95152104.0,-0.004873034686419992,-0.007012480511589364,-0.005942757599004678
2022-10-27,1022.16,3807.3,24830.0,94535259.0,0.029093719050026116,-0.006503829929535166,0.011294944560245474
2022-10-28,1028.56,3901.06,24830.0,96863319.8,0.006241730492925682,0.024328034575769396,0.015284882534347538
2022-10-31,1021.42,3871.98,24820.0,96102543.6,-0.006965949786854714,-0.007885126709740703,-0.0074255382482977085
2022-11-01,1028.41,3856.1,24840.0,95785524.0,0.006820104198182326,-0.003304216800929838,0.001757943698626244
2022-11-02,1021.52,3759.69,24850.0,93428296.5,-0.006722206070895224,-0.02491730735026016,-0.01581975671057769
2022-11-03,1017.03,3719.89,24835.0,92383468.15,-0.004405098977864986,-0.011246213222307237,-0.007825656100086112
2022-11-04,994.12,3770.55,24860.0,93735873.0,-0.022783970422507703,0.014532918981244721,-0.004125525720631491
2022-11-07,971.22,3806.8,24870.0,94675116.0,-0.0233049105421289,0.009970233535421653,-0.006667338503353623
2022-11-08,976.99,3828.11,24870.0,95205095.7,0.005923403401942064,0.005582267593980096,0.00575283549796108
2022-11-09,981.33,3748.57,24871.0,93230684.47,0.004432377859891501,-0.020956566608199993,-0.008262094374154247
2022-11-10,942.65,3956.37,24862.0,98363270.94,-0.040213736583165724,0.053590571556284466,0.006688417486559371
2022-11-11,952.88,3992.93,24865.0,99284204.45,0.010793919720053452,0.0093190178420052,0.010056468781029327
2022-11-14,941.04,3957.25,24805.0,98159586.25,-0.01250333092045959,-0.011391904078711431,-0.01194761749958551
2022-11-15,911.9,3991.73,24735.0,98735441.55,-0.03145531171256605,0.005849380234257304,-0.012802965739154373
2022-11-16,942.9,3958.79,24765.0,98039434.35,0.03342989753201175,-0.007074176511555947,0.013177860510227901
2022-11-17,969.26,3946.56,24775.0,97776024.0,0.02757266128179439,-0.0026903954478864527,0.01244113291695397
2022-11-18,969.33,3965.34,24805.0,98360258.7,7.221743641557603e-05,0.005957453867195969,0.0030148356518057725
2022-11-21,960.65,3949.94,24800.0,97958512.0,-0.008994972512131267,-0.004092805383551962,-0.006543888947841614
2022-11-22,952.12,4003.58,24835.0,99428909.3,-0.008919061409863668,0.014898867310334641,0.0029899029502354867
2022-11-23,946.0,4027.26,24850.0,100077411.0,-0.006448508215968447,0.006501087113966609,2.6289448999081057e-05
2022-11-25,971.46,4026.12,24833.0,99980637.96,0.02655752547483782,-0.0009674496782412983,0.01279503789829826
2022-11-28,1005.69,3963.94,24760.0,98147154.4,0.034629057551224966,-0.01850861889769291,0.008060219326766028
2022-11-29,1032.16,3957.63,24770.0,98030495.1,0.0259798207059905,-0.0011893231879212868,0.012395248759034607
2022-11-30,1048.42,4080.11,24750.0,100982722.5,0.01563057517164887,0.029670833096020484,0.022650704133834677
2022-12-01,1036.28,4076.57,24630.0,100405919.1,-0.011646891382312074,-0.005728277152524645,-0.00868758426741836
2022-12-02,1080.01,4071.7,24500.0,99756650.0,0.041332922761389425,-0.006487440484607312,0.017422741138391058
2022-12-05,1093.67,3998.84,24350.0,97371754.0,0.012568712804954318,-0.024197551624158074,-0.005814419409601878
2022-12-06,1048.69,3941.26,23980.0,94511414.8,-0.041997246960240917,-0.02981554985097933,-0.03590639840561012
2022-12-07,1041.02,3933.92,23980.0,94335401.6,-0.007340764453086847,-0.0018640849162627044,-0.004602424684674776
2022-12-08,1050.53,3963.51,23900.0,94727889.0,0.009093796980608443,0.0041519214288208905,0.006622859204714667
2022-12-09,1051.81,3934.38,23780.0,93559556.4,0.001217690914088294,-0.012410254889652575,-0.005596281987782141
2022-12-12,1032.07,3990.56,23550.0,93977688.0,-0.018945995422422594,0.004459192030844767,-0.0072434016957889135
2022-12-13,1047.45,4019.65,23680.0,95185312.0,0.014792144761595362,0.012768251786639904,0.013780198274117632
2022-12-14,1050.43,3995.32,23600.0,94289552.0,0.002840965168950333,-0.00945525601265365,-0.0033071454218516583
2022-12-15,1055.32,3895.75,23520.0,91628040.0,0.004644434325143632,-0.02863304979310206,-0.011994307733979213
2022-12-16,1052.48,3852.36,23500.0,90530460.0,-0.0026947544535557227,-0.012050969711016945,-0.007372862082286334
2022-12-19,1038.4,3817.66,23580.0,90020422.8,-0.01346821705086648,-0.0056498040751800154,-0.009559010563023248
2022-12-20,1023.13,3821.62,23700.0,90572394.0,-0.014814510847974202,0.006112900043280289,-0.004350805402346957
2022-12-21,1018.88,3878.44,23730.0,92035381.2,-0.004162571325942675,0.0160236167475485,0.005930522710802912
2022-12-22,1022.61,3822.39,23700.0,90590643.0,0.0036541978168953783,-0.015822151808961467,-0.006083976996033044
2022-12-23,1020.34,3844.82,23630.0,90853096.6,-0.002222277524366957,0.0028929494467154135,0.0003353359611742283
2022-12-27,1004.57,3829.25,23590.0,90332007.5,-0.015576315830283318,-0.0057520240342888995,-0.010664169932286109
2022-12-28,1015.66,3783.22,23580.0,89208327.6,0.010979058224624819,-0.012517461009408103,-0.0007692013923916424
2022-12-29,1009.29,3849.28,23620.0,90919993.6,-0.0062915341239784955,0.019005534620085057,0.006357000248053281
2022-12-30,1007.09,3839.5,23600.0,90612200.0,-0.002182129234545081,-0.003391066772761275,-0.002786598003653178
2023-01-03,1043.9,3824.14,23610.0,90287945.4,0.03589871530999789,-0.0035849053249498728,0.01615690499252401
2023-01-04,1046.35,3852.97,23515.0,90602589.55,0.0023442182724255915,0.0034788383749743902,0.002911528323699991
2023-01-05,1055.82,3808.1,23510.0,89528431.0,0.009009798505046535,-0.011926555229552363,-0.001458378362252914
2023-01-06,1051.44,3895.08,23475.0,91437003.0,-0.004157063017972281,0.021094003718374835,0.008468470350201276
2023-01-09,1054.21,3892.09,23460.0,91308431.4,0.002631018068422908,-0.0014071117194915865,0.0006119531744656608
2023-01-10,1053.35,3919.25,23447.0,91894654.75,-0.0008161096696963657,0.0063997322657210216,0.002791811298012328
2023-01-11,1055.76,3969.61,23445.0,93067506.45,0.002285325136094723,0.01268224173417999,0.007483783435137357
2023-01-12,1056.39,3983.17,23440.0,93365504.8,0.000596548558277754,0.0031968437541447935,0.0018966961562112737
2023-01-13,1060.17,3999.09,23438.0,93730671.42,0.003571837338677847,0.003903522680823931,0.003737680009750889
2023-01-17,1088.29,3990.97,23434.0,93524390.98,0.026178384411432915,-0.0022032037029964735,0.01198759035421822
2023-01-18,1098.28,3928.86,23427.0,92041403.22,0.00913766265068557,-0.01598375755759271,-0.00342304745345357
2023-01-19,1108.08,3898.85,23437.0,91377347.45,0.008883468199194876,-0.007240902786431007,0.0008212827063819347
2023-01-27,1117.1,4070.56,23440.0,95413926.4,0.008107253709959392,0.04322693880874721,0.0256670962593533
2023-01-30,1102.57,4017.77,23460.0,94256884.2,-0.013092223207845245,-0.012200681265473672,-0.012646452236659458
2023-01-31,1111.18,4076.6,23470.0,95677802.0,0.007778695349085448,0.014962451959920868,0.011370573654503158
2023-02-01,1075.97,4119.21,23445.0,96574878.45,-0.03219993342588876,0.009332332413828002,-0.01143380050603038
2023-02-02,1077.59,4179.76,23440.0,97973574.4,0.0015044858797242163,0.014379143384904312,0.007941814632314264
2023-02-03,1077.15,4136.48,23449.0,96996319.52,-0.0004084019474419579,-0.010024758638415393,-0.005216580292928675
2023-02-06,1089.29,4111.08,23440.0,96363715.2,0.011207443614352311,-0.006543302270126763,0.002332070672112774
2023-02-07,1065.84,4164.0,23480.0,97770720.0,-0.02176288718683224,0.014495413292003007,-0.0036337369474146158
2023-02-08,1072.22,4117.86,23600.0,97181496.0,0.0059680448038480225,-0.006044822739334091,-3.8388967743034456e-05
2023-02-09,1064.03,4081.5,23590.0,96282585.0,-0.007667679462978293,-0.009292861644426708,-0.0084802705537025
2023-02-10,1055.3,4090.46,23560.0,96371237.6,-0.008238499315781725,0.0009203306226787264,-0.0036590843465514993
2023-02-13,1043.7,4137.29,23565.0,97495238.85,-0.011052994851038405,0.01159575255223707,0.00027137885059933236
2023-02-14,1038.64,4136.13,23595.0,97591987.35,-0.004859926774007952,0.000991848721374443,-0.0019340390263167546
2023-02-15,1048.2,4147.6,23600.0,97883360.0,0.009162242316067855,0.002981172508402801,0.006071707412235328
2023-02-16,1058.29,4090.41,23615.0,96595032.15,0.00957999057046206,-0.01324925285612604,-0.00183463114283199
2023-02-17,1059.31,4079.09,23680.0,96592851.2,0.0009633548157200339,-2.257853818027509e-05,0.0004703881387698794
2023-02-21,1082.23,3997.34,23725.0,94836891.5,0.021405974378604222,-0.01834624993393732,0.0015298622223334519
2023-02-22,1054.28,3991.05,23705.0,94607840.25,-0.026165657662536517,-0.0024181338746814118,-0.014291895768608964
2023-02-23,1053.66,4012.32,23780.0,95412969.6,-0.0005882520544974433,0.008474168368828992,0.003942958157165774
2023-02-24,1039.56,3970.04,23815.0,94546502.6,-0.013472270725769167,-0.009122714431539253,-0.01129749257865421
2023-02-27,1021.25,3982.24,23780.0,94697667.2,-0.0177701795158365,0.0015975618409804191,-0.00808630883742804
2023-02-28,1024.68,3970.15,23805.0,94509420.75,0.003353001533302572,-0.0019898463017733116,0.0006815776157646301
2023-03-01,1040.55,3951.39,23740.0,93805998.6,0.01536905079190489,-0.00747071508023044,0.003949167855837225
2023-03-02,1037.61,3981.35,23710.0,94397808.5,-0.0028294279183384004,0.006289052912716995,0.0017298124971892972
2023-03-03,1024.77,4045.64,23700.0,95881668.0,-0.012451794431732966,0.015596948321185572,0.0015725769447263033
2023-03-06,1027.18,4048.42,23710.0,95988038.2,0.0023489861918128785,0.00110877546022396,0.0017288808260184194
2023-03-07,1037.84,3986.37,23650.0,94277650.5,0.010324446921595315,-0.017979424313331913,-0.003827488695868299
2023-03-08,1049.18,3992.01,23640.0,94371116.4,0.010867276405691888,0.0009908986863110501,0.005929087546001469
2023-03-09,1055.95,3918.32,23710.0,92903367.2,0.006431928991934555,-0.01567516540586584,-0.004621618206965642
2023-03-10,1053.0,3861.59,23680.0,91442451.2,-0.002797602526407907,-0.015850064811699434,-0.00932383366905367
2023-03-13,1052.8,3855.76,23660.0,91227281.6,-0.00018995156292279532,-0.0023558330788234095,-0.0012728923208731025
2023-03-14,1040.13,3919.29,23570.0,92377665.3,-0.012107576247483298,0.012531239199170778,0.00021183147584374028
2023-03-15,1062.19,3891.93,23570.0,91732790.1,0.02098710919751753,-0.007005336398235209,0.00699088639964116
2023-03-16,1047.4,3960.28,23565.0,93323998.2,-0.014021911675699595,0.017197394714618872,0.0015877415194596387
2023-03-17,1045.14,3916.64,23560.0,92276038.4,-0.0021600551279619567,-0.01129278804153536,-0.006726421584748658
2023-03-20,1023.1,3951.57,23570.0,93138504.9,-0.021313613832531133,0.009303183074250857,-0.006005215379140138
2023-03-21,1032.43,4002.87,23570.0,94347645.9,0.009078013041829956,0.01289863554198477,0.010988324291907364
2023-03-22,1040.54,3936.97,23570.0,92794382.9,0.007824562224272406,-0.016600211922495948,-0.004387824849111771
2023-03-23,1045.1,3948.72,23510.0,92834407.2,0.004372765449461202,0.00043122945097769083,0.0024019974502194463
2023-03-24,1046.79,3970.99,23490.0,93278555.1,0.001615764086708806,0.004772894243053622,0.003194329164881214
2023-03-27,1052.25,3977.53,23510.0,93511730.3,0.005202389963513292,0.0024966536200870127,0.003849521791800152
2023-03-28,1054.29,3971.27,23500.0,93324845.0,0.001936825920913069,-0.00200052224279478,-3.18481609408556e-05
2023-03-29,1056.33,4027.81,23480.0,94572978.8,0.0019330818766589168,0.013285434955668921,0.007609258416163919
2023-03-30,1059.44,4050.83,23480.0,95113488.4,0.0029398301704571866,0.005698994460609393,0.00431941231553329
2023-03-31,1064.64,4109.31,23470.0,96445505.7,0.004896247211403106,0.013907347712463207,0.009401797461933157
2023-04-03,1079.28,4124.51,23450.0,96719759.5,0.013657438300449659,0.0028395786788732325,0.008248508489661445
2023-04-04,1078.45,4100.6,23470.0,96241082.0,-0.0007693270621785244,-0.004961405414564447,-0.002865366238371486
2023-04-05,1080.86,4090.38,23460.0,95960314.8,0.0022321954704894987,-0.002921595830072949,-0.0003447001797917252
2023-04-06,1070.91,4105.02,23465.0,96324294.3,-0.009248266235591083,0.003785845746421748,-0.002731210244584667
2023-04-10,1065.35,4109.11,23442.0,96325756.62,-0.005205370651906214,1.5181101619670987e-05,-0.0025950947751432712
2023-04-11,1069.46,4108.94,23442.0,96321771.48,0.003850464517151671,-4.137234502690973e-05,0.0019045460860623805
2023-04-12,1069.45,4091.95,23445.0,95935767.75,-9.350557059487238e-06,-0.004015491410237358,-0.0020124209836484227
2023-04-13,1064.3,4146.22,23442.0,97195689.24,-0.004827191564468868,0.01304747950776876,0.004110143971649946
2023-04-14,1052.89,4137.64,23440.0,96986281.6,-0.010778541807504689,-0.0021568194026688105,-0.00646768060508675
2023-04-17,1053.81,4151.32,23440.0,97306940.8,0.0008734039573586909,0.0033007789687631967,0.002087091463060944
2023-04-18,1055.02,4154.87,23485.0,97577121.95,0.001147555879597569,0.0027727390252990356,0.0019601474524483025
2023-04-19,1048.98,4154.52,23505.0,97651992.6,-0.00574146063883771,0.0007670029528440821,-0.0024872288429968136
2023-04-20,1049.25,4129.79,23511.0,97095492.69,0.0002573597760875899,-0.005715107683076144,-0.002728873953494277
2023-04-21,1042.91,4133.52,23488.0,97088117.76,-0.006060740485461903,-7.595831580682146e-05,-0.0030683494006343622
2023-04-24,1041.36,4137.04,23485.0,97158384.4,-0.001487331570033521,0.0007234791080772415,-0.00038192623097813976
2023-04-25,1034.85,4071.63,23494.0,95658875.22,-0.006271062497977504,-0.015553995672232175,-0.01091252908510484
2023-04-26,1040.8,4055.99,23473.0,95206253.27,0.005733159538068141,-0.004742854832055767,0.0004951523530061872
2023-04-27,1039.63,4135.35,23465.0,97035987.75,-0.0011247675945330968,0.01903629217963291,0.008955762292549907
2023-04-28,1049.12,4169.48,23445.0,97753458.6,0.00908683691154691,0.007366662907739268,0.008226749909643088
2023-05-04,1040.61,4061.22,23450.0,95235609.0,-0.008144637864803739,-0.026094664358825258,-0.017119651111814498
2023-05-05,1040.31,4136.25,23445.0,96974381.25,-0.00028833400811020045,0.018092916817329635,0.008902291404609717
2023-05-08,1052.62,4138.12,23440.0,96997532.8,0.011763548666791905,0.00023871033312545864,0.006001129499958682
2023-05-09,1053.77,4119.17,23443.0,96565702.31,0.001091915660689946,-0.004461913505271973,-0.0016849989222910136
2023-05-10,1058.26,4137.64,23460.0,97069034.4,0.004251839949467112,0.005198790590975361,0.004725315270221237
2023-05-11,1057.12,4130.62,23465.0,96924998.3,-0.0010778206377684973,-0.0014849541964051752,-0.0012813874170868361
2023-05-12,1066.9,4124.08,23465.0,96771537.2,0.009209017915840176,-0.0015845521626197247,0.003812232876610226
2023-05-15,1065.71,4136.28,23450.0,96995766.0,-0.0011160035107295782,0.0023144142111419692,0.0005992053502061955
2023-05-16,1065.91,4109.9,23452.0,96385374.8,0.00018765070752479776,-0.0063128516523128266,-0.0030626004723940145
2023-05-17,1060.44,4158.77,23450.0,97523156.5,-0.005144978076297401,0.011735375954767579,0.0032951989392350886
2023-05-18,1068.31,4198.05,23450.0,98444272.5,0.0073940442565969475,0.009400774284705888,0.008397409270651418
2023-05-19,1067.07,4191.98,23450.0,98301931.0,-0.0011613859260438623,-0.0014469557460589214,-0.0013041708360513919
2023-05-22,1070.64,4192.63,23460.0,98359099.8,0.003340025839652718,0.0005813943044821299,0.001960710072067424
2023-05-23,1065.85,4145.58,23438.0,97164104.04,-0.004483997608915694,-0.01222372195340869,-0.008353859781162192
2023-05-24,1061.79,4115.24,23470.0,96584682.8,-0.0038164397434675306,-0.005981177759345583,-0.004898808751406557
2023-05-25,1064.63,4151.28,23470.0,97430541.6,0.0026711578038549045,0.008719564785563249,0.005695361294709077
2023-05-26,1063.76,4205.45,23470.0,98701911.5,-0.0008175193911403609,0.01296458273531355,0.006073531672086595
2023-05-30,1078.05,4205.52,23465.0,98682526.8,0.013344052034110798,-0.00019641568736902422,0.006573818173370887
2023-05-31,1075.17,4179.83,23480.0,98142408.4,-0.002675064988652462,-0.005488326519456828,-0.004081695754054645
2023-06-01,1078.39,4221.02,23485.0,99130654.7,0.002990399524106781,0.010019153668727878,0.006504776596417329
2023-06-02,1090.84,4282.37,23485.0,100571459.45,0.01147885351477768,0.01442978965214366,0.01295432158346067
2023-06-05,1097.82,4273.79,23475.0,100327220.25,0.0063783535717364375,-0.002431467650199985,0.001973442960768226
2023-06-06,1108.31,4283.85,23495.0,100649055.75,0.009509937364126494,0.003202724037942429,0.006356330701034462
2023-06-07,1109.54,4267.52,23485.0,100222707.2,0.0011091824299248381,-0.004244988782588011,-0.0015679031763315863
2023-06-08,1101.32,4293.93,23485.0,100842946.05,-0.007436054636636822,0.00616953524709693,-0.0006332596947699462
2023-06-09,1107.53,4298.86,23490.0,100980221.4,0.005622850226589979,0.0013603529555516773,0.003491601591070828
2023-06-12,1116.02,4338.93,23470.0,101834687.1,0.0076364743390939845,0.00842611385779491,0.008031294098444448
2023-06-13,1122.46,4369.01,23480.0,102584354.8,0.005753920309973832,0.007334649980329474,0.006544285145151653
2023-06-14,1117.42,4372.59,23495.0,102734002.05,-0.004500248679337444,0.0014577096641031299,-0.001521269507617157
2023-06-15,1116.97,4425.84,23500.0,104007240.0,-0.0004027945041682255,0.012317368658987065,0.0059572870774094195
2023-06-16,1115.22,4409.59,23525.0,103735604.75,-0.0015679672057793827,-0.0026151120163203753,-0.002091539611049879
2023-06-20,1111.72,4388.71,23520.0,103222459.2,-0.0031433293055202413,-0.0049589428097078,-0.004051136057614021
2023-06-21,1118.46,4365.69,23520.0,102681028.8,0.006044373566412923,-0.005259081846186467,0.0003926458601132281
2023-06-22,1125.3,4381.89,23505.0,102996324.45,0.006096927646741998,0.0030659272107216567,0.004581427428731827
2023-06-23,1129.38,4348.33,23515.0,102250979.95,0.0036191428081903993,-0.007262923901389534,-0.0018218905465995675
2023-06-26,1132.03,4328.82,23515.0,101792202.3,0.0023436716146054432,-0.004496875789266097,-0.0010766020873303269
2023-06-27,1134.33,4378.41,23530.0,103023987.3,0.0020296870661285654,0.012028344572771917,0.007029015819450241
2023-06-28,1138.35,4376.86,23520.0,102943747.2,0.0035376772731557276,-0.0007791521740443189,0.0013792625495557044
2023-06-29,1125.39,4396.44,23555.0,103558144.2,-0.011450203287849481,0.0059505393268924405,-0.0027498319804785203
2023-06-30,1120.18,4450.38,23569.0,104891006.22,-0.004640255568484707,0.012788540348608868,0.004074142390062081
2023-07-03,1125.5,4455.59,23575.0,105040534.25,0.0047379946850896245,0.0014245411142306582,0.0030812678996601415
2023-07-05,1134.62,4446.82,23700.0,105389634.0,0.00807041174797877,0.0033179659852969013,0.0056941888666378355
2023-07-06,1126.22,4411.59,23745.0,104753204.55,-0.007430900596913447,-0.006057131427478693,-0.006744016012196071
2023-07-07,1138.07,4398.95,23710.0,104299104.5,0.010466952720223816,-0.0043443745373732785,0.003061289091425269
2023-07-10,1149.02,4409.53,23635.0,104219241.55,0.009575559919572131,-0.0007660040990915774,0.004404777910240277
2023-07-11,1151.77,4439.26,23640.0,104944106.4,0.0023904844071415323,0.006931116364318046,0.00466080038572979
2023-07-12,1154.2,4472.16,23690.0,105945470.4,0.0021075737320762865,0.009496643133849725,0.005802108432963006
2023-07-13,1165.42,4510.04,23660.0,106707546.4,0.009674073774468415,0.007167349646316109,0.008420711710392262
2023-07-14,1168.4,4505.42,23665.0,106620764.3,0.0025537544622513952,-0.0008136013874797081,0.0008700765373858435
2023-07-17,1173.13,4522.79,23630.0,106873527.7,0.004040098938509405,0.002367871437984935,0.00320398518824717
2023-07-18,1174.09,4554.98,23630.0,107634177.4,0.000817988985717793,0.007092079866132413,0.003955034425925103
2023-07-19,1172.98,4565.72,23635.0,107910792.2,-0.0009458602280759682,0.0025666565298973353,0.0008103981509106835
2023-07-20,1172.81,4534.87,23630.0,107158978.1,-0.00014494051070020527,-0.00699137922823476,-0.0035681598694674824
2023-07-21,1185.9,4536.34,23647.0,107270831.98,0.011099401271712505,0.0010432680988104953,0.0060713346852615
2023-07-24,1190.72,4554.64,23656.0,107744563.84,0.004056186187508077,0.004406499587995799,0.004231342887751938
2023-07-25,1195.9,4567.46,23665.0,108088940.9,0.004340873816504113,0.0031911389536854397,0.003766006385094776
2023-07-26,1200.84,4566.75,23655.0,108026471.25,0.004122271915603006,-0.0005781138061223138,0.0017720790547403461
2023-07-27,1197.33,4537.41,23665.0,107377807.65,-0.0029272341046249514,-0.006022773216041259,-0.004475003660333105
2023-07-28,1207.67,4582.23,23661.0,108420144.03,0.008598805580945888,0.009660374234519827,0.009129589907732858
2023-07-31,1222.9,4588.96,23685.0,108689517.6,0.012532203828638339,0.002481452978207848,0.007506828403423094
2023-08-01,1217.56,4576.73,23680.0,108376966.4,-0.004376231138695099,-0.0028797759123580804,-0.0036280035255265896
2023-08-02,1220.43,4513.39,23680.0,106877075.2,0.002354399587978682,-0.013936235197657253,-0.005790917804839286
2023-08-03,1210.95,4501.89,23735.0,106852359.15,-0.0077980801354735505,-0.00023128354019506616,-0.004014681837834308
2023-08-04,1225.98,4478.03,23750.0,106353212.5,0.012335348640257392,-0.004682312550087772,0.0038265180450848097
2023-08-07,1241.42,4518.44,23725.0,107199989.0,0.012515361542979622,0.007930397970600004,0.010222879756789812
2023-08-08,1242.23,4499.38,23720.0,106725293.6,0.0006522658415781957,-0.0044379623889649715,-0.001892848273693388
2023-08-09,1233.99,4467.71,23730.0,106018758.3,-0.006655329829166482,-0.0066421400858595455,-0.006648734957513013
2023-08-10,1220.61,4468.83,23735.0,106067680.05,-0.010902087935829769,0.0004613378511920934,-0.005220375042318838
2023-08-11,1232.21,4464.05,23740.0,105976547.0,0.009458571344241148,-0.0008595664864734454,0.004299502428883851
2023-08-14,1236.84,4489.72,23750.0,106630850.0,0.0037504347235074306,0.006155054573865581,0.004952744648686506
2023-08-15,1234.05,4437.86,23815.0,105687635.9,-0.00225829655365264,-0.00888495696419208,-0.00557162675892236
2023-08-16,1243.26,4404.33,23965.0,105549768.45,0.0074355187139972904,-0.001305331979439559,0.003065093367278866
2023-08-17,1233.48,4370.36,23935.0,104604566.6,-0.007897519184215275,-0.008995372123247252,-0.008446445653731264
2023-08-18,1177.99,4369.71,23850.0,104217583.5,-0.04602984660167669,-0.003706345737877276,-0.02486809616977698
2023-08-21,1179.76,4399.77,23850.0,104934514.5,0.001501431731531257,0.006855621481266927,0.004178526606399092
2023-08-22,1180.49,4387.55,23850.0,104643067.5,0.0006185785601332626,-0.002781282092229976,-0.0010813517660483568
2023-08-23,1172.56,4436.01,23850.0,105798838.5,-0.006740213783773466,0.01098433903027149,0.0021220626232490115
2023-08-24,1189.39,4376.31,23900.0,104593809.0,0.01425117791763329,-0.011455178604384634,0.0013979996566243283
2023-08-25,1183.37,4405.71,23900.0,105296469.0,-0.005074270399887418,0.006695523315478112,0.0008106264577953468
2023-08-28,1201.72,4433.31,23975.0,106288607.25,0.015387563630925569,0.009378218343193705,0.012382890987059636
2023-08-29,1204.43,4497.63,24080.0,108302930.4,0.002252562097862977,0.018774107655269275,0.010513334876566126
2023-08-30,1213.16,4514.87,24180.0,109169556.6,0.007222099649186399,0.007970026915933143,0.007596063282559771
2023-08-31,1224.05,4507.66,24110.0,108679682.6,0.008936507296382816,-0.004497374675227363,0.0022195663105777264
2023-09-05,1234.98,4496.83,24060.0,108193729.8,0.008889742687815418,-0.00448144941254198,0.002204146637636719
2023-09-06,1245.5,4465.48,24050.0,107394794.0,0.00848228010327104,-0.007411706739015389,0.000535286682127825
2023-09-07,1243.14,4451.14,24055.0,107072172.7,-0.0018966188017888153,-0.003008589605361502,-0.0024526042035751586
2023-09-08,1241.48,4457.49,24060.0,107247209.4,-0.0013362206268904247,0.001633419592780478,0.00014859948294502665
2023-09-11,1223.63,4487.46,24055.0,107945850.3,-0.014482365481084232,0.006493177387870749,-0.003994594046606742
2023-09-12,1245.44,4461.9,24075.0,107420242.5,0.017667030325059268,-0.004881073308348253,0.0063929785083555075
2023-09-13,1238.39,4467.44,24100.0,107665304.0,-0.005676732250071096,0.0022787361589911835,-0.0016989980455399563
2023-09-14,1223.81,4505.1,24080.0,108482808.0,-0.011843205602589004,0.007564330685122665,-0.002139437458733169
2023-09-15,1227.36,4450.32,24220.0,107786750.4,0.0028965779461152174,-0.006436966982781525,-0.0017701945183331538
2023-09-18,1211.81,4453.53,24250.0,107998102.5,-0.012750411547317096,0.0019589156953843364,-0.005395747925966379
2023-09-19,1211.5,4443.95,24370.0,108299061.5,-0.00025584840708865335,0.0027828307006606823,0.0012634911467860144
2023-09-20,1226.11,4402.2,24370.0,107281614.0,0.011987294890104704,-0.009439204623110126,0.0012740451334972893
2023-09-21,1212.74,4330.0,24270.0,105089100.0,-0.0109642937778869,-0.02064872185007293,-0.015806507813979916
2023-09-22,1193.05,4320.06,24310.0,105020658.6,-0.016369209000764485,-0.0006514823764184692,-0.008510345688591476
2023-09-25,1153.2,4337.44,24360.0,105660038.4,-0.03397236660378674,0.006069675789483037,-0.01395134540715185
2023-09-26,1137.96,4273.53,24380.0,104188661.4,-0.013303501080610793,-0.014023447506532147,-0.013663474293571471
2023-09-27,1153.85,4274.51,24380.0,104212553.8,0.013866991266951687,0.00022929233000634007,0.007048141798479014
2023-09-28,1152.43,4299.7,24385.0,104848184.5,-0.001231420451497758,0.006080841996363851,0.0024247107724330464
2023-09-29,1154.15,4288.05,24385.0,104564099.25,0.001491385790916961,-0.002713168675515532,-0.0006108914422992855
2023-10-02,1155.25,4288.39,24280.0,104122109.2,0.0009526284603684221,-0.0042359359937960495,-0.0016416537667138138
2023-10-03,1118.1,4229.45,24340.0,102944813.0,-0.03268595459705343,-0.01137128879340006,-0.022028621695226746
2023-10-04,1128.67,4263.75,24385.0,103971543.75,0.009409132204558596,0.00992419538963489,0.009666663797096743
2023-10-05,1113.89,4258.19,24420.0,103984999.8,-0.013181555013593431,0.00012941213379556537,-0.006526071439898933
2023-10-06,1128.54,4308.5,24380.0,105041230.0,0.013066368566480614,0.010106283704279961,0.011586326135380288
2023-10-09,1137.36,4335.66,24360.0,105616677.6,0.0077850254166744095,0.0054633508696162805,0.006624188143145345
2023-10-10,1143.69,4358.24,24370.0,106210308.8,0.005550089869872869,0.005604883156305104,0.005577486513088987
2023-10-11,1150.81,4376.95,24390.0,106753810.5,0.006206165049552829,0.0051041732452830006,0.0056551691474179145
2023-10-12,1151.61,4349.61,24440.0,106304468.4,0.0006949210241348172,-0.004218026809705853,-0.001761552892785518
2023-10-13,1154.73,4327.78,24435.0,105749304.3,0.002705587123539656,-0.0052360810309652365,-0.0012652469537127902
2023-10-16,1141.42,4373.63,24440.0,106891517.2,-0.011593449104464618,0.010743223035023914,-0.000425113034720352
2023-10-17,1121.65,4373.2,24460.0,106968472.0,-0.017472285830763573,0.0007196746208518297,-0.008376305604955872
2023-10-18,1103.4,4314.6,24490.0,105664554.0,-0.016404493620983965,-0.012264645518776329,-0.014334569569880147
2023-10-19,1087.85,4278.0,24555.0,105046290.0,-0.014193050574119079,-0.005868381167020903,-0.01003071587056999
2023-10-20,1108.03,4224.16,24550.0,103703128.0,0.01838039248874879,-0.012868831436436275,0.0027557805261562577
2023-10-23,1093.53,4217.04,24520.0,103401820.8,-0.013172668170216522,-0.0029097075113657853,-0.008041187840791154
2023-10-24,1105.9,4247.68,24590.0,104450451.2,0.011248487498570717,0.010090236559849766,0.010669362029210242
2023-10-25,1101.66,4186.77,24550.0,102785203.5,-0.0038413499191637082,-0.016071399926918604,-0.009956374923041156
2023-10-26,1055.45,4137.23,24560.0,101610368.79999998,-0.04285091691007114,-0.011495822781328706,-0.027173369845699923
2023-10-27,1060.62,4117.37,24604.0,101303771.48,0.00488642652376712,-0.0030219436940284884,0.0009322414148693159
2023-10-30,1042.4,4166.82,24570.0,102378767.4,-0.017327895965211164,0.010555700134936414,-0.003386097915137375
2023-10-31,1028.19,4193.8,24558.0,102991340.4,-0.013725771970819364,0.005965569412699117,-0.0038801012790601235
2023-11-01,1039.66,4237.86,24560.0,104081841.6,0.011093761767680132,0.010532617220357898,0.010813189494019014
2023-11-02,1075.47,4317.78,24585.0,106152621.3,0.03386403870845401,0.019700354015696853,0.026782196362075433
2023-11-03,1076.78,4358.34,24570.0,107084413.8,0.0012173308507593536,0.008739555306622052,0.004978443078690702
2023-11-06,1089.66,4365.98,24520.0,107053829.6,0.01189061479175239,-0.00028564911827384673,0.005802482836739272
2023-11-07,1080.29,4378.38,24335.0,106547877.3,-0.008636197366323449,-0.0047373520893530694,-0.00668677472783826
2023-11-08,1113.43,4382.78,24310.0,106545381.8,0.03021581728861407,-2.3421670029910313e-05,0.01509619780929208
2023-11-09,1113.89,4347.35,24370.0,105944919.5,0.0004130524635349089,-0.005651682873355264,-0.0026193152049101775
2023-11-10,1101.68,4415.24,24340.0,107466941.6,-0.011022105925417039,0.014263948573252274,0.0016209213239176175
2023-11-13,1100.07,4411.55,24315.0,107266838.25,-0.0014624732934797652,-0.0018637347888299633,-0.0016631040411548641
2023-11-14,1109.73,4495.7,24381.0,109609661.7,0.008742928349309871,0.021605979340726455,0.015174453845018164
2023-11-15,1122.5,4502.88,24376.0,109762202.88,0.011441598141708758,0.0013907089213788324,0.006416153531543795
2023-11-16,1125.53,4508.24,24286.0,109487116.64,0.002695695195224218,-0.0025093476682138357,9.317376350519114e-05
2023-11-17,1101.19,4514.02,24288.0,109636517.76,-0.021862622586956412,0.001363624180108866,-0.010249499203423773
2023-11-20,1103.66,4547.38,24250.0,110273965.0,0.0022405161650591865,0.005797350061199656,0.004018933113129421
2023-11-21,1110.46,4538.19,24170.0,109688052.3,0.0061424144851209605,-0.005327411458932675,0.0004075015130941429
2023-11-22,1113.82,4556.62,24130.0,109951240.6,0.0030212046646548706,0.0023965513865262973,0.002708878025590584
2023-11-24,1095.61,4559.34,24240.0,110518401.6,-0.016484262773477743,0.005145037162205874,-0.005669612805635935
2023-11-27,1088.06,4550.43,24260.0,110393431.8,-0.006914991811866035,-0.0011313999020098966,-0.004023195856937966
2023-11-28,1095.43,4554.89,24230.0,110364984.7,0.006750686276225651,-0.00025772154564671025,0.0032464823652894707
2023-11-29,1102.8,4550.58,24240.0,110306059.2,0.0067054199192477315,-0.0005340573947458928,0.0030856812622509196
2023-11-30,1094.13,4567.8,24260.0,110814828.0,-0.00789287324571957,0.004601733506475877,-0.0016455698696218463
2023-12-01,1102.16,4594.63,24250.0,111419777.5,0.0073123638324216035,0.005444255568203368,0.0063783097003124855
2023-12-04,1120.49,4569.78,24270.0,110908560.6,0.01649419887757572,-0.0045987642001017685,0.005947717338736975
2023-12-05,1115.97,4567.18,24250.0,110754115.0,-0.004042107754413259,-0.0013935194508958222,-0.0027178136026545403
2023-12-06,1126.43,4549.34,24266.0,110394284.44,0.00932935771233317,-0.0032542028651953415,0.003037577423568914
2023-12-07,1121.49,4585.59,24274.0,111310611.66,-0.0043951812808437265,0.008266235467801355,0.0019355270934788144
2023-12-08,1124.44,4604.37,24275.0,111771081.75,0.0026269756372601528,0.004128270114225394,0.0033776228757427733
2023-12-11,1125.5,4622.44,24220.0,111955496.8,0.00094224741853112,0.0016485756226387338,0.001295411520584927
2023-12-12,1127.63,4643.7,24250.0,112609725.0,0.001890703718400668,0.005826637318631855,0.003858670518516262
2023-12-13,1114.2,4707.09,24260.0,114194003.4,-0.011981426478472484,0.013970706561710114,0.000994640041618815
2023-12-14,1110.13,4719.55,24279.0,114585954.45,-0.0036595330208922003,0.003426449040031333,-0.00011654199043043358
2023-12-15,1102.3,4719.19,24245.0,114416761.55,-0.00707821959655312,-0.001477649992459895,-0.004277934794506507
2023-12-18,1091.88,4740.56,24260.0,115005985.6,-0.009497924812669941,0.005136590445837725,-0.002180667183416108
2023-12-19,1096.3,4768.37,24350.0,116109809.5,0.004039892523894466,0.009552201247596218,0.006796046885745342
2023-12-20,1100.76,4698.35,24350.0,114404822.5,0.0040599766290701994,-0.014793144174520071,-0.0053665837727249355
2023-12-21,1102.43,4746.75,24335.0,115512161.25,0.001515983932238097,0.009632583849313116,0.005574283890775607
2023-12-22,1103.06,4754.63,24320.0,115632601.6,0.0005713016310526359,0.0010421206123381232,0.0008067111216953796
2023-12-26,1122.25,4774.75,24230.0,115692192.5,0.01724746278918612,0.0005152141304180404,0.00888133845980208
2023-12-27,1121.99,4781.58,24325.0,116311933.5,-0.0002317042750892946,0.005342512521316096,0.002555404123113401
2023-12-28,1128.93,4783.35,24345.0,116450655.75,0.006166387069041314,0.0011919635957946494,0.003679175332417982
2023-12-29,1129.93,4769.83,24235.0,115596830.05,0.0008854024289493211,-0.007359093337179677,-0.003236845454115178
2024-01-02,1131.72,4742.83,24260.0,115061055.8,0.001582915458850962,-0.004645626674400759,-0.0015313556077748984
2024-01-03,1144.17,4704.81,24325.0,114444503.25,0.010940883954456719,-0.005372889752810058,0.0027839971008233304
2024-01-04,1150.72,4688.68,24370.0,114263131.6,0.005708350104895462,-0.0015860571348232779,0.0020611464850360923
2024-01-05,1154.68,4697.24,24360.0,114424766.4,0.0034354158885108043,0.0014135844382562864,0.0024245001633835454
2024-01-08,1160.19,4763.54,24370.0,116087469.8,0.004760535499575911,0.014426411927783484,0.009593473713679697
2024-01-09,1158.59,4756.5,24330.0,115725645.0,-0.0013800362724652006,-0.003121696493692114,-0.002250866383078657
2024-01-10,1161.54,4783.45,24360.0,116524842.0,0.0025429623251454433,0.006882225865876082,0.004712594095510763
2024-01-11,1162.22,4780.24,24405.0,116661757.2,0.0005852583910644404,0.0011742974613744561,0.0008797779262194484
2024-01-12,1154.7,4783.83,24475.0,117084239.25,-0.0064913992771673265,0.003614885529404237,-0.0014382568738815448
2024-01-16,1163.12,4765.98,24470.0,116623530.6,0.007265479665359835,-0.003942609585238497,0.001661435040060669
2024-01-17,1162.53,4739.21,24500.0,116110645.0,-0.0005073850430265768,-0.00440748703065465,-0.0024574360368406134
2024-01-18,1169.06,4780.94,24500.0,117133030.0,0.005601342494384376,0.008766724739532293,0.0071840336169583345
2024-01-19,1181.5,4839.81,24545.0,118793136.45,0.01058481055243475,0.014073333829564692,0.012329072190999721
2024-01-22,1182.86,4850.43,24540.0,119029552.2,0.0011504171530495357,0.001988168826260192,0.0015692929896548638
2024-01-23,1177.5,4864.6,24550.0,119425930.0,-0.004541687889439131,0.003324546463994054,-0.0006085707127225384
2024-01-24,1172.97,4868.55,24565.0,119595930.75,-0.0038545530117249874,0.0014224705483578712,-0.0012160412316835581
2024-01-25,1170.37,4894.16,24600.0,120396336.0,-0.002219055763919793,0.0066702834096972405,0.0022256138228887237
2024-01-26,1175.67,4890.97,24605.0,120342316.85,0.004518259719763211,-0.0004487783766099071,0.002034740671576652
2024-01-29,1175.69,4927.93,24595.0,121202438.35,1.7011431682565616e-05,0.007121869690818065,0.0035694405612503154
2024-01-30,1179.65,4924.97,24530.0,120809514.1,0.003362575026348476,-0.0032471503268424276,5.7712349753024196e-05
2024-01-31,1164.31,4845.65,24395.0,118209631.75,-0.013089147434965524,-0.02175545296658459,-0.017422300200775058
2024-02-01,1173.02,4906.19,24415.0,119784628.85,0.007452982948744184,0.01323578214930888,0.010344382549026532
2024-02-02,1172.55,4958.61,24400.0,120990084.0,-0.0004007554720518902,0.010013221137335783,0.004806232832641946
2024-02-05,1186.06,4942.81,24335.0,120283281.35,0.011456025162803956,-0.005858953149353759,0.0027985360067250987
2024-02-06,1188.48,4954.23,24370.0,120734585.1,0.002038290227033311,0.003744986080123426,0.0028916381535783685
2024-02-07,1198.53,4995.06,24355.0,121654686.3,0.008420626125986524,0.007591966542722125,0.008006296334354325
2024-02-15,1202.5,5029.73,24400.0,122725412.0,0.0033069171296432574,0.008762845738795415,0.0060348814342193365
2024-02-16,1209.7,5005.57,24450.0,122386186.5,0.005969671985886261,-0.0027679287202668178,0.0016008716328097215
2024-02-20,1230.06,4975.51,24530.0,122049260.3,0.016690553698736087,-0.002756772127705531,0.006966890785515278
2024-02-21,1230.04,4981.8,24525.0,122178645.0,-1.6259501646571377e-05,0.001059540775615389,0.0005216406369844089
2024-02-22,1227.31,5087.03,24525.0,124759410.75,-0.002221906625541886,0.02090289169482803,0.009340492534643072
2024-02-23,1212.0,5088.8,24590.0,125133592.0,-0.012552894908090513,0.002994733950400971,-0.004779080478844771
2024-02-26,1224.17,5069.53,24630.0,124862523.9,0.009991175687731895,-0.002168579341757144,0.003911298172987376
2024-02-27,1237.46,5078.18,24660.0,125227918.8,0.010797828371123658,0.002922104148040896,0.006859966259582277
2024-02-28,1254.55,5069.76,24625.0,124842840.0,0.013716050840652328,-0.0030797611541487488,0.00531814484325179
2024-02-29,1252.73,5096.27,24620.0,125470167.4,-0.0014517726936435216,0.0050123540914949844,0.0017802906989257314
2024-03-01,1258.28,5137.08,24640.0,126577651.2,0.004420539175699456,0.008787942966803523,0.006604241071251489
2024-03-04,1261.41,5130.95,24640.0,126426608.0,0.002484433886685065,-0.0011939974324694175,0.0006452182271078238
2024-03-05,1269.98,5078.65,24676.0,125320767.4,0.006771009399630745,-0.008785376299501131,-0.0010071834499351933
2024-03-06,1262.73,5104.76,24690.0,126036524.4,-0.005725108522239091,0.005695151546947277,-1.4978487645906854e-05
2024-03-07,1268.46,5157.36,24665.0,127206284.4,0.004527522460195595,0.009238314210010966,0.00688291833510328
2024-03-08,1247.35,5123.69,24680.0,126452669.2,-0.016782265319850248,-0.005941973714159954,-0.0113621195170051
2024-03-11,1235.49,5117.94,24640.0,126106041.6,-0.009553648408450272,-0.002744928627048003,-0.006149288517749137
2024-03-12,1245.0,5175.27,24635.0,127492776.45000002,0.0076678773920125865,0.01093655469461977,0.009302216043316179
2024-03-13,1270.51,5165.31,24645.0,127299064.95,0.020282864747397204,-0.0015205474104541344,0.009381158668471536
2024-03-14,1264.26,5150.48,24675.0,127088094.0,-0.0049314238894339665,-0.0016586607534642538,-0.00329504232144911
2024-03-15,1263.78,5117.09,24690.0,126340952.1,-0.0003797408314489411,-0.005896278079383778,-0.0031380094554163593
2024-03-18,1243.56,5149.42,24720.0,127293662.4,-0.016128995941195844,0.007512498107560833,-0.004308248916817505
2024-03-19,1242.46,5178.51,24715.0,127986874.65,-0.0008849486905070593,0.005430997301322668,0.0022730243054078043
2024-03-20,1260.08,5224.62,24740.0,129257098.8,0.014081925699860654,0.009875718032760107,0.011978821866310382
2024-03-21,1276.42,5241.53,24775.0,129858905.75,0.012884073357107258,0.004645085764847903,0.00876457956097758
2024-03-22,1281.8,5234.18,24785.0,129729151.3,0.004206055719539143,-0.0009996951499296998,0.0016031802848047215
2024-03-25,1267.86,5218.19,24768.0,129244129.92,-0.010934900263235674,-0.003745729635162486,-0.00734031494919908
2024-03-26,1282.21,5203.58,24740.0,128736569.2,0.011254711811158315,-0.003934878668232272,0.0036599165714630215
2024-03-27,1283.09,5248.49,24770.0,130005097.3,0.0006860796277381128,0.009805442477634197,0.005245761052686155
2024-03-28,1290.18,5254.35,24785.0,130229064.75,0.005510512259565235,0.001721276741939906,0.0036158945007525706
2024-04-01,1281.52,5243.77,24810.0,130097933.70000002,-0.006734870112124376,-0.0010074334346524894,-0.003871151773388433
2024-04-02,1287.04,5205.81,24795.0,129078058.95,0.004298134751004542,-0.007870173497079932,-0.0017860193730376952
2024-04-03,1271.47,5211.49,24900.0,129766101.0,-0.012171296740507456,0.005316277335613788,-0.003427509702446834
2024-04-04,1268.25,5147.21,25000.0,128680250.0,-0.0025357139569257064,-0.008402961659918677,-0.0054693378084221915
2024-04-05,1255.11,5204.34,24935.0,129770217.9,-0.010414779319509137,0.00843468669954176,-0.0009900463099836885
2024-04-08,1250.35,5202.39,24950.0,129799630.5,-0.00379970602362761,0.00022662570639225358,-0.0017865401586176783
2024-04-09,1262.82,5209.91,24960.0,130039353.6,0.009923803275472877,0.0018451670664014538,0.0058844851709371655
2024-04-10,1258.56,5160.64,24945.0,128732164.8,-0.00337910513569082,-0.010103120522113585,-0.006741112828902203
2024-04-11,1258.2,5199.06,24935.0,129638561.1,-0.00028608210751534965,0.007016274890957099,0.0033650963917208746
2024-04-12,1276.6,5123.41,24980.0,127982781.8,0.014518165686027658,-0.012854541330102755,0.0008318121779624515
2024-04-15,1216.61,5061.82,25000.0,126545500.0,-0.04813199134066012,-0.011293810392536647,-0.029712900866598384
2024-04-16,1215.68,5051.41,25180.0,127194503.8,-0.0007647114820359663,0.005115513561651769,0.0021754010398079013
2024-04-17,1193.01,5022.21,25280.0,126961468.8,-0.01882406570680224,-0.0018337957036411346,-0.010328930705221687
2024-04-19,1174.85,4967.23,25400.0,126167642.0,-0.015339045437844383,-0.0062721304546378845,-0.010805587946241134
2024-04-22,1190.22,5010.6,25440.0,127469664.0,0.012997684113458061,0.010266892182318053,0.011632288147888057
2024-04-23,1177.4,5070.55,25455.0,129070850.25,-0.010829546373911196,0.012483073459028746,0.0008267635425587751
2024-04-24,1205.61,5071.63,25440.0,129022267.2,0.023677045308807276,-0.00037647691696572936,0.011650284195920773
2024-04-25,1204.97,5048.42,25405.0,128255110.1,-0.0005309925536902801,-0.005963675327683613,-0.0032473339406869466
2024-04-26,1209.52,5099.96,25350.0,129283986.0,0.0037689163226677204,0.007990098508057184,0.005879507415362452
2024-05-02,1216.36,5064.2,25330.0,128276186.0,0.00563920567081261,-0.007825784053112884,-0.0010932891911501373
2024-05-03,1221.03,5127.79,25390.0,130194588.1,0.003831972490678212,0.014844520312002164,0.009338246401340188
2024-05-06,1241.58,5180.74,25400.0,131590796.0,0.016689997218355825,0.010666914377280698,0.013678455797818262
2024-05-07,1248.63,5187.7,25370.0,131611949.0,0.005662188197349258,0.0001607354060501874,0.002911461801699723
2024-05-08,1250.46,5187.67,25400.0,131766818.0,0.0014645333518127353,0.0011760174870047765,0.0013202754194087559
2024-05-09,1248.64,5214.08,25425.0,132567984.0,-0.0014565246062624361,0.006061770506024159,0.0023026229498808617
2024-05-10,1244.7,5222.68,25440.0,132864979.2,-0.0031604219877597924,0.0022378179436439217,-0.00046130202205793536
2024-05-13,1240.18,5221.42,25450.0,132885139.0,-0.003638006652407349,0.0001517199704384891,-0.00174314334098443
2024-05-14,1243.28,5246.68,25453.0,133543746.04,0.0024965182528318202,0.004943971307166093,0.0037202447799989566
2024-05-15,1254.39,5308.15,25450.0,135092417.5,0.008896350018235511,0.01153000844259991,0.01021317923041771
2024-05-16,1268.78,5297.1,25445.0,134784709.5,0.011406410205156365,-0.0022803572630360302,0.004563026471060167
2024-05-17,1273.11,5303.27,25431.0,134867459.37,0.0034069170485126784,0.0006137526944017533,0.0020103348714572158
2024-05-20,1277.58,5308.13,25448.0,135081292.24,0.0035049375471011275,0.0015842482208092098,0.0025445928839551686
2024-05-21,1277.14,5321.41,25452.0,135440527.32,-0.0003444604530833133,0.002655869251093098,0.0011557043990048923
2024-05-22,1266.91,5307.01,25461.0,135121781.61,-0.00804233811360675,-0.0023561733984430837,-0.005199255756024917
2024-05-23,1281.03,5267.84,25464.0,134140277.76,0.011083576966583809,-0.007290356461502804,0.0018966102525405024
2024-05-24,1261.93,5304.72,25469.0,135105913.68,-0.015022146775362689,0.00717291527916057,-0.00392461574810106
2024-05-28,1281.73,5306.04,25445.0,135012187.8,0.015568432824316492,-0.0006939622576040657,0.007437235283356213
2024-05-29,1272.64,5266.95,25448.0,134033343.6,-0.007117244855883859,-0.007276452530458752,-0.0071968486931713056
2024-05-30,1266.32,5235.48,25450.0,133242966.0,-0.004978426641842972,-0.005914328172853353,-0.005446377407348163
2024-05-31,1261.72,5277.51,25450.0,134312629.5,-0.0036391869406681814,0.00799586491152201,0.0021783389854269147
2024-06-03,1280.0,5283.4,25440.0,134409696.0,0.014384208476848112,0.0007224297723757159,0.007553319124611914
2024-06-04,1283.52,5291.34,25432.0,134569358.88,0.0027462256680252286,0.0011871771861455057,0.001966701427085367
2024-06-05,1284.35,5354.03,25410.0,136045902.29999998,0.0006464501932764479,0.010912600171630014,0.005779525182453231
2024-06-06,1283.56,5352.96,25415.0,136045478.4,-0.0006152863806932581,-3.11586496333972e-06,-0.0003092011228282989
2024-06-07,1287.58,5346.99,25420.0,135920485.79999998,0.0031270201355934244,-0.0009191783182730571,0.0011039209086601835
2024-06-10,1290.67,5360.79,25400.0,136164066.0,0.002396975839786304,0.0017904747877896436,0.0020937253137879737
2024-06-11,1284.41,5375.32,25415.0,136613757.79999998,-0.004861994448070186,0.0032971317178321293,-0.0007824313651190282
2024-06-12,1300.19,5421.03,25435.0,137883898.04999998,0.012210938694768327,0.0092543545477453,0.010732646621256814
2024-06-13,1301.51,5433.74,25435.0,138207176.9,0.0010147212309353983,0.0023418286723056177,0.001678274951620508
2024-06-14,1279.91,5431.6,25435.0,138152746.0,-0.01673536590566142,-0.0003939131270023844,-0.008564639516331901
2024-06-17,1274.77,5473.23,25450.0,139293703.5,-0.004023992778581542,0.008224750641907662,0.00210037893166306
2024-06-18,1279.5,5487.03,25425.0,139507737.75,0.0037036064368019105,0.0015353887059387835,0.002619497571370347
2024-06-20,1282.3,5473.17,25450.0,139292176.5,0.0021859638652265883,-0.001546351214160751,0.0003198063255329186
2024-06-21,1282.02,5464.62,25450.0,139074579.0,-0.00021838148211828005,-0.0015633874377690795,-0.0008908844599436798
2024-06-24,1254.12,5447.87,25425.0,138512094.75,-0.022002827588539317,-0.004052680283708511,-0.013027753936123914
2024-06-25,1256.56,5469.3,25455.0,139221031.5,0.001943697140364327,0.005105176320252171,0.003524436730308249
2024-06-26,1261.24,5477.9,25455.0,139439944.5,0.0037175354593899216,0.0015711783413410593,0.0026443569003654905
2024-06-27,1259.09,5482.87,25465.0,139621284.55,-0.0017061261989741554,0.0012996436383661614,-0.00020324128030399697
2024-06-28,1245.32,5460.48,25455.0,138996518.39999998,-0.010996712810001221,-0.004484761494414591,-0.007740737152207906
2024-07-01,1254.56,5475.09,25445.0,139313665.05,0.007392388497420311,0.0022790886294328638,0.0048357385634265875
2024-07-02,1269.79,5509.01,25450.0,140204304.5,0.012066618966782005,0.006372702732519232,0.009219660849650618
2024-07-03,1276.85,5537.02,25450.0,140917159.0,0.005544574880404657,0.005071516198197267,0.005308045539300962
2024-07-05,1283.04,5567.19,25450.0,141684985.5,0.004836154728920274,0.005433988413197395,0.0051350715710588345
2024-07-08,1283.56,5572.85,25412.0,141617264.20000002,0.00040520533555273605,-0.00047808516424835125,-3.64399143478076e-05
2024-07-09,1293.71,5576.98,25415.0,141738946.7,0.007876592267044298,0.000858865998337601,0.004367729132690949
2024-07-10,1285.94,5633.91,25413.0,143174554.82999998,-0.00602409125079032,0.01007758686079708,0.0020267478050033805
2024-07-11,1283.8,5584.54,25415.0,141931084.1,-0.0016655385328476894,-0.00872293244883433,-0.0051942354908410095
2024-07-12,1280.75,5615.35,25420.0,142742197.0,-0.0023785860583660965,0.0056985684912181965,0.00165999121642605
2024-07-15,1279.82,5631.22,25410.0,143089300.20000002,-0.0007264007942712075,0.002428727232807895,0.0008511632192683437
2024-07-16,1281.18,5667.2,25360.0,143720192.0,0.0010620852228371805,0.004399385896993953,0.002730735559915567
2024-07-17,1268.66,5588.27,25375.0,141802351.25,-0.009820302934445382,-0.013434102762095827,-0.011627202848270604
2024-07-18,1274.44,5544.59,25315.0,140361295.85,0.004545641109358068,-0.010214412409761654,-0.002834385650201793
2024-07-19,1264.78,5505.0,25310.0,139331550.0,-0.00760867242927472,-0.007363438271869148,-0.0074860553505719345
2024-07-22,1254.64,5564.41,25300.0,140779573.0,-0.008049515167346113,0.010339010342417018,0.0011447475875354524
2024-07-23,1231.81,5555.74,25325.0,140699115.5,-0.018364046405172203,-0.0005716773985269343,-0.009467861901849568
2024-07-24,1238.47,5427.13,25345.0,137550609.85,0.005392114364817119,-0.02263175665432402,-0.008619821144753452
2024-07-25,1233.19,5399.22,25350.0,136870227.0,-0.00427243879145199,-0.004958692291368978,-0.0046155655414104844
2024-07-26,1242.11,5459.1,25285.0,138033343.5,0.007207238404949167,0.008462046807242924,0.007834642606096046
2024-07-29,1246.6,5463.54,25300.0,138227562.0,0.0036082989754389057,0.0014060515123967903,0.002507175243917848
2024-07-30,1245.06,5436.44,25275.0,137406021.0,-0.0012361238660921468,-0.005961127260675389,-0.003598625563383768
2024-07-31,1251.51,5522.3,25275.0,139576132.5,0.005167100742753986,0.01567000529191783,0.010418553017335908
2024-08-01,1226.96,5446.68,25235.0,137446969.8,-0.019811256908887496,-0.015372036547362482,-0.01759164672812499
2024-08-02,1236.6,5346.56,25215.0,134813510.4,0.00782611278194394,-0.01934574955814003,-0.005759818388098045
2024-08-05,1188.07,5186.33,25205.0,130721447.65,-0.040035536378821374,-0.03082371349097646,-0.035429624934898915
2024-08-06,1210.28,5240.03,25080.0,131419952.4,0.01852159603381973,0.0053292337878455024,0.011925414910832616
2024-08-07,1215.88,5199.5,25130.0,130663435.0,0.004616356666512275,-0.00577312059847046,-0.0005783819659790925
2024-08-08,1208.32,5319.31,25155.0,133807243.05,-0.006237129368952555,0.023775460963388617,0.00876916579721803
2024-08-09,1223.64,5344.16,25135.0,134325461.6,0.012599058087108187,0.003865393413407444,0.008232225750257815
2024-08-13,1230.42,5434.43,25120.0,136512881.6,0.005525551331598708,0.016153307817903854,0.01083942957475128
2024-08-14,1230.36,5455.21,25115.0,137007599.15,-4.876502573333678e-05,0.0036174116696427376,0.0017843233219547003
2024-08-15,1223.56,5543.22,25020.0,138691364.4,-0.005542167149301726,0.012214671849542813,0.0033362523501205433
2024-08-16,1252.23,5554.25,25035.0,139050648.75,0.023161319537739197,0.0025871818694714606,0.012874250703605329
2024-08-19,1261.62,5608.25,25050.0,140486662.5,0.007470647549960541,0.010274309185143453,0.008872478367551997
2024-08-20,1272.55,5597.12,24960.0,139704115.2,0.008626151975185544,-0.005585832204363412,0.0015201598854110657
2024-08-21,1284.05,5620.85,24915.0,140043477.75,0.008996383918118266,0.002426206516325508,0.005711295217221887
2024-08-22,1282.78,5570.64,24930.0,138876055.20000002,-0.0009895474991584495,-0.008371083623365694,-0.0046803155612620715
2024-08-23,1285.32,5634.61,24960.0,140639865.6,0.001978116761995283,0.012620632174262838,0.007299374468129061
2024-08-26,1280.02,5616.84,24965.0,140224410.6,-0.0041320117729447174,-0.002958406164229101,-0.0035452089685869092
2024-08-27,1280.56,5625.8,24860.0,139857388.0,0.00042177944684833487,-0.002620825858132122,-0.0010995232056418935
2024-08-28,1281.44,5592.18,24820.0,138797907.6,0.0006869633369301614,-0.007604273251527366,-0.003458654957298602
2024-08-29,1281.47,5591.96,24855.0,138988165.8,2.34108884052131e-05,0.0013698183456167475,0.0006966146170109803
2024-08-30,1283.87,5648.4,24870.0,140475708.0,0.001871097554476947,0.010645785651533984,0.006258441603005466
2024-09-04,1275.8,5520.07,24860.0,137228940.2,-0.006305521210399527,-0.023383949577689137,-0.014844735394044333
2024-09-05,1268.21,5503.41,24852.0,136770745.32,-0.005966975381401426,-0.0033444951313056463,-0.004655735256353537
2024-09-06,1273.96,5408.42,24730.0,133750226.6,0.004523702038499299,-0.022332052338990143,-0.008904175150245422
2024-09-09,1267.73,5471.05,24600.0,134587830.0,-0.004902259895335234,0.006242917095013738,0.000670328599839252
2024-09-10,1255.23,5495.52,24680.0,135629433.60000002,-0.009909076862795133,0.007709416823360176,-0.0010998300197174785
2024-09-11,1253.27,5554.13,24660.0,136964845.8,-0.0015626871826657574,0.009797879002049932,0.004117595909692087
2024-09-12,1256.35,5595.76,24550.0,137375908.0,0.002454556105208613,0.0029967294463616304,0.002725642775785122
2024-09-13,1251.71,5626.02,24575.0,138259441.5,-0.003700075192523659,0.00641090867107198,0.0013554167392741605
2024-09-16,1239.26,5633.09,24530.0,138179697.70000002,-0.009996189171903124,-0.0005769356860442097,-0.005286562428973667
2024-09-17,1258.95,5634.58,24530.0,138216247.4,0.015763612932007853,0.00026447349073670164,0.008014043211372278
2024-09-18,1264.9,5618.26,24620.0,138321561.20000002,0.0047150274565499455,0.0007616593595242732,0.002738343408037109
2024-09-19,1271.27,5713.64,24600.0,140555544.0,0.005023333132224256,0.016021613429596408,0.010522473280910332
2024-09-20,1272.04,5702.55,24565.0,140083140.75,0.000605510160795262,-0.0033666327692073146,-0.0013805613042060265
2024-09-23,1268.48,5718.57,24590.0,140619636.29999998,-0.002802577685001977,0.0038225215218464868,0.0005099719184222548
2024-09-24,1276.99,5732.93,24615.0,141116071.95000002,0.006686412886801099,0.0035241266850586928,0.005105269785929896
2024-09-25,1287.48,5722.26,24590.0,140710373.4,0.00818107328834029,-0.0028790685681297033,0.002651002360105293
2024-09-26,1291.49,5745.37,24580.0,141221194.6,0.0031097711346911553,0.0036237287126598752,0.003366749923675515
2024-09-27,1290.92,5738.17,24615.0,141245054.55,-0.0004414481118463615,0.00016894018402959532,-0.0001362539639083831
2024-09-30,1287.94,5762.48,24590.0,141699383.2,-0.0023110997311940077,0.0032114364507933027,0.00045016835979964746
2024-10-01,1292.2,5708.75,24555.0,140178356.25,0.0033021493957590318,-0.01079220882073039,-0.0037450297124856785
2024-10-02,1287.84,5709.54,24595.0,140426136.3,-0.0033797957786414327,0.0017660452414622403,-0.0008068752685895962
2024-10-03,1278.1,5699.94,24652.0,140514920.88,-0.007591796207755055,0.0006320513195677063,-0.0034798724440936743
2024-10-04,1270.6,5751.07,24745.0,142310227.15,-0.005885370305235871,0.012695691288290685,0.003405160491527407
2024-10-07,1269.93,5695.94,24755.0,141002994.7,-0.0005274490090908634,-0.009228243697884343,-0.004877846353487603
2024-10-08,1271.98,5751.13,24840.0,142858069.2,0.0016129606826734038,0.013070485146084254,0.007341722914378829
2024-10-09,1281.85,5792.04,24835.0,143845313.4,0.007729605448831301,0.006886895390430295,0.007308250419630798
2024-10-10,1286.36,5780.05,24830.0,143518641.5,0.0035121774590472755,-0.002273577010253366,0.0006193002243969547
2024-10-11,1288.39,5815.03,24830.0,144387194.9,0.0015768524482975108,0.0060336118627852325,0.003805232155541372
2024-10-14,1286.34,5859.85,24800.0,145324280.0,-0.001592400316296404,0.006469114613855215,0.0024383571487794054
2024-10-15,1281.08,5815.26,24840.0,144451058.4,-0.004097504389164149,-0.006026905174412531,-0.00506220478178834
2024-10-16,1279.48,5842.47,24925.0,145623564.75,-0.001249726784954984,0.008084214489199937,0.0034172438521224762
2024-10-17,1286.52,5841.47,24970.0,145861505.9,0.005487153284372991,0.00163261330894663,0.0035598832966598107
2024-10-18,1285.46,5864.67,25180.0,147672390.6,-0.0008242677314871364,0.012338661367643751,0.005757196818078307
2024-10-21,1279.77,5853.98,25150.0,147227597.0,-0.004436256656731703,-0.0030165748117617973,-0.0037264157342467505
2024-10-22,1269.89,5851.2,25285.0,147947592.0,-0.007750091739745312,0.004878434602692679,-0.0014358285685263164
2024-10-23,1270.9,5797.42,25390.0,147196493.8,0.0007950283598403028,-0.005089716227312257,-0.002147343933735977
2024-10-24,1257.41,5809.86,25400.0,147570444.0,-0.0106712610519671,0.002537261494832119,-0.004066999778567491
2024-10-25,1252.72,5808.12,25385.0,147439126.2,-0.0037368625988702035,-0.0008902613470074558,-0.0023135619729388298
2024-10-28,1254.77,5823.52,25355.0,147655349.60000002,0.001635101600989648,0.001465452296995638,0.0015502769489926429
2024-10-29,1261.78,5832.92,25345.0,147835357.4,0.005571133600429916,0.0012183653698941861,0.003394749485162051
2024-10-30,1258.63,5813.67,25295.0,147056782.65,-0.002499594621583504,-0.005280415808552336,-0.0038900052150679203
2024-10-31,1264.48,5705.45,25280.0,144233776.0,0.004637142639641829,-0.0193833610647625,-0.007373109212560335
2024-11-01,1254.89,5728.8,25270.0,144766776.0,-0.007613051134604667,0.003688578451682328,-0.0019622363414611693
2024-11-04,1244.71,5712.69,25280.0,144416803.2,-0.008145348282968376,-0.00242042077095771,-0.005282884526963043
2024-11-05,1245.76,5782.76,25310.0,146361655.6,0.0008432143829986124,0.013377066581123982,0.007110140482061297
2024-11-06,1261.28,5929.04,25330.0,150182583.2,0.012381292889507105,0.02577112329544789,0.019076208092477495
2024-11-07,1259.75,5973.1,25370.0,151537547.0,-0.0012137897508906522,0.008981654010596066,0.003883932129852707
2024-11-08,1252.56,5995.54,25350.0,151986939.0,-0.005723831557440059,0.002961160295801037,-0.001381335630819511
2024-11-11,1250.32,6001.35,25260.0,151594101.0,-0.0017899384693293727,-0.0025880286810107123,-0.0021889835751700425
2024-11-12,1244.82,5983.99,25310.0,151454786.9,-0.00440857740083501,-0.0009194167368784127,-0.002663997068856711
2024-11-13,1246.04,5985.38,25340.0,151669529.2,0.0009795814277457856,0.0014168598460678318,0.0011982206369068088
2024-11-14,1231.89,5949.17,25330.0,150692476.1,-0.011420947167875959,-0.006462825908526597,-0.008941886538201278
2024-11-15,1218.57,5870.62,25390.0,149055041.8,-0.010871535296191033,-0.010925532257564863,-0.01089853377687795
2024-11-18,1217.12,5893.62,25380.0,149580075.6,-0.0011906278477907348,0.003516226393762036,0.0011627992729856505
2024-11-19,1205.15,5916.98,25405.0,150320876.89999998,-0.009883371743592212,0.004940316464720895,-0.0024715276394356588
2024-11-20,1216.54,5917.11,25395.0,150265008.45,0.009406723394208153,-0.00037173036636948214,0.004517496513919335
2024-11-21,1228.33,5948.71,25415.0,151186464.65,0.009644759347831842,0.006113481950832477,0.007879120649332159
2024-11-22,1228.1,5969.34,25415.0,151710776.1,-0.0001872636311005169,0.0034619792004100735,0.0016373577846547783
2024-11-25,1234.7,5987.37,25417.0,152180983.29,0.005359765957359764,0.0030945726608974196,0.004227169309128592
2024-11-26,1242.13,6021.63,25410.0,153009618.3,0.005999622329494406,0.005430292033367499,0.005714957181430952
2024-11-27,1241.97,5998.74,25405.0,152397989.7,-0.00012881929086698354,-0.004005331901752436,-0.0020670755963097098
2024-11-29,1250.46,6032.38,25358.0,152969092.04,0.0068126549886288424,0.0037404359539789504,0.005276545471303897
2024-12-02,1251.21,6047.15,25344.0,153258969.6,0.0005995994855195957,0.0018932141295647438,0.0012464068075421697
2024-12-03,1249.83,6049.88,25374.0,153509655.12,-0.0011035410389657397,0.0016343625494958558,0.00026541075526505806
2024-12-04,1240.41,6086.49,25395.0,154566413.54999998,-0.0075655719382001375,0.00686040028530368,-0.00035258582644822874
2024-12-05,1267.53,6075.11,25400.0,154307794.0,0.021628154714985536,-0.001674595055947974,0.009976779829518782
2024-12-06,1270.14,6090.27,25393.0,154650226.11,0.0020570057732501104,0.002216691122606418,0.002136848447928264
2024-12-09,1273.84,6052.85,25375.0,153591068.75,0.0029088299506266724,-0.006872288341500385,-0.0019817291954368566
2024-12-10,1272.07,6034.91,25370.0,153105666.7,-0.0013904657157367483,-0.003165357822135407,-0.0022779117689360777
2024-12-11,1268.86,6084.19,25360.0,154295058.39999998,-0.00252663529313225,0.007738417890719896,0.002605891298793823
2024-12-12,1267.35,6051.25,25380.0,153580725.0,-0.001190753272338045,-0.004640408374739925,-0.0029155808235389854
2024-12-13,1262.57,6051.09,25394.0,153661379.46,-0.0037787801099414763,0.0005250221937807672,-0.0016268789580803546
2024-12-16,1263.79,6074.08,25400.0,154281632.0,0.0009658165066219466,0.004028364701851107,0.0024970906042365267
2024-12-17,1261.72,6050.61,25385.0,153594734.85,-0.001639273226829303,-0.0044621696478962395,-0.003050721437362771
2024-12-18,1266.0,5872.16,25430.0,149329028.79999998,0.0033864542673068864,-0.02816542347431721,-0.012389484603505162
2024-12-19,1254.67,5867.08,25445.0,149287850.6,-0.008989733922349722,-0.0002757928509850908,-0.004632763386667406
2024-12-20,1257.5,5930.85,25450.0,150940132.5,0.002253033192122547,0.011006959208146193,0.00662999620013437
2024-12-23,1262.76,5974.07,25445.0,152010211.15,0.004174178566826865,0.007064412519726875,0.0056192955432768695
2024-12-24,1260.36,6040.04,25440.0,153658617.6,-0.0019024071180368514,0.010785675704957315,0.004441634293460232
2024-12-26,1272.87,6037.59,25420.0,153475537.8,0.00987679894594363,-0.0011921814520808786,0.004342308746931376
2024-12-27,1275.14,5970.84,25425.0,151808607.0,0.001781783117458189,-0.010920628502280733,-0.004569422692411272
2024-12-30,1272.02,5906.94,25445.0,150302088.29999998,-0.0024497884391875,-0.009973372084928949,-0.0062115802620582245
2024-12-31,1266.78,5881.63,25476.0,149840405.88,-0.0041279403188518035,-0.0030764239858110808,-0.0036021821523314424
2025-01-02,1269.71,5868.55,25480.0,149530654.0,0.0023102801928758117,-0.00206935159770971,0.0001204642975830509
2025-01-03,1254.59,5942.47,25450.0,151235861.5,-0.011979701957987537,0.011339199565228135,-0.00032025119637970126
2025-01-06,1246.35,5975.38,25400.0,151774652.0,-0.0065895461838348995,0.0035562532904479228,-0.0015166464466934884
2025-01-07,1246.95,5909.03,25370.0,149912091.1,0.00048128986610676365,-0.012347805183112572,-0.005933257658502904
2025-01-08,1251.02,5918.25,25360.0,150086820.0,0.0032586489041419894,0.00116486369311752,0.0022117562986297547
2025-01-10,1230.48,5827.04,25375.0,147861140.0,-0.016554881405794027,-0.014940336560967993,-0.015747608983381012
2025-01-13,1235.65,5836.22,25360.0,148006539.20000002,0.004192810252420064,0.0009828664766501588,0.0025878383645351116
2025-01-14,1229.07,5842.91,25390.0,148351484.9,-0.005339361576412889,0.002327899552054334,-0.0015057310121792773
2025-01-15,1236.18,5949.91,25380.0,151008715.79999998,0.0057681936628605854,0.017753199555081166,0.011760696608970875
2025-01-16,1242.36,5937.34,25375.0,150660002.5,0.004986817083599176,-0.0023118966877567443,0.001337460197921216
2025-01-17,1249.11,5996.66,25370.0,152135264.2,0.005418501137945779,0.00974436218496315,0.007581431661454465
2025-01-21,1246.09,6049.24,25315.0,153136510.6,-0.00242064882546568,0.006559728562913197,0.0020695398687237583
2025-01-22,1242.53,6086.37,25260.0,153741706.2,-0.0028610253299857303,0.003944212077915074,0.0005415933739646717
2025-01-23,1259.63,6118.71,25050.0,153273685.5,0.013668403479519928,-0.003048844293747331,0.005309779592886299
2025-01-24,1265.05,6101.24,25080.0,153019099.2,0.004293620044164451,-0.0016623725490503643,0.0013156237475570435
2025-02-03,1253.03,5994.57,25060.0,150223924.2,-0.009547028924841258,-0.01843573603796013,-0.013991382481400694
2025-02-04,1264.68,6037.88,25280.0,152637606.4,0.00925450758648638,0.015939517299066987,0.012597012442776685
2025-02-05,1269.61,6061.48,25280.0,153234214.39999998,0.0038906409438684165,0.00390103772908847,0.003895839336478443
2025-02-06,1271.48,6083.57,25145.0,152971367.65,0.0014718096073495174,-0.0017167996272295708,-0.0001224950099400267
2025-02-07,1275.2,6025.99,25260.0,152216507.4,0.002921452750886857,-0.004946866183690743,-0.0010127067164019427
2025-02-10,1263.26,6066.44,25290.0,153420267.6,-0.009407347805812961,0.007877104607678386,-0.0007651215990672876
2025-02-11,1268.45,6068.5,25380.0,154018530.0,0.004100001398523579,0.0038919170893703123,0.003995959243946946
2025-02-12,1266.91,6051.97,25530.0,154506794.1,-0.001214817768988988,0.003165150277699602,0.000975166254355307
2025-02-13,1270.35,6115.07,25550.0,156240038.5,0.00271158817604544,0.011155462855943337,0.006933525515994388
2025-02-14,1276.08,6114.63,25440.0,155556187.2,0.0045004258284751025,-0.004386534153848713,5.694583731319456e-05
2025-02-18,1278.14,6129.58,25470.0,156120402.6,0.001613017239428617,0.003620522264323654,0.0026167697518761353
2025-02-19,1288.56,6144.15,25500.0,156675825.0,0.008119419678802444,0.003551340679594436,0.00583538017919844
2025-02-20,1292.98,6117.52,25515.0,156088522.8,0.0034243159657054594,-0.0037555616195944093,-0.00016562282694447495
2025-02-21,1296.75,6013.13,25500.0,153334815.0,0.0029115024833802267,-0.01779943634281635,-0.007443966929718062
2025-02-24,1304.56,5983.25,25510.0,152632707.5,0.006004684921512197,-0.0045894330655153505,0.0007076259279984233
2025-02-25,1303.16,5955.25,25468.0,151668307.0,-0.0010737350133493797,-0.006338485137336742,-0.003706110075343061
2025-02-26,1302.96,5956.06,25520.0,151998651.20000002,-0.00015348487436704235,0.0021757015137244024,0.00101110831967868
2025-02-27,1307.8,5861.57,25535.0,149675189.95,0.0037077368618702146,-0.015404101229071062,-0.0058481821836004234
2025-02-28,1305.36,5954.5,25520.0,151958840.0,-0.0018674713443605872,0.015142148808879107,0.00663733873225926
2025-03-03,1309.37,5849.72,25530.0,149343351.6,0.0030672407046448244,-0.01736166659869014,-0.007147212947022658
2025-03-04,1311.91,5778.15,25575.0,147776186.25,0.001937985102678713,-0.010549154019068564,-0.004305584458194926
2025-03-05,1304.71,5842.63,25540.0,149220770.2,-0.005503296750583484,0.009728014451804157,0.0021123588506103365
2025-03-06,1318.22,5738.52,25490.0,146274874.8,0.010301547868489257,-0.01993933278467923,-0.0048188924580949855
2025-03-07,1326.05,5770.2,25485.0,147053547.0,0.0059222567175064526,0.005309230004490121,0.005615743360998286
2025-03-10,1330.28,5614.56,25480.0,143058988.8,0.003184847948483239,-0.02753973146402691,-0.012177441757771836
2025-03-11,1332.54,5572.07,25525.0,142227086.75,0.0016974489771378384,-0.005832071588884858,-0.0020673113058735097
2025-03-12,1334.41,5599.3,25450.0,142502185.0,0.0014023512300268832,0.001932350221036803,0.001667350725531843
2025-03-13,1326.27,5521.52,25445.0,140495076.4,-0.006118755653608704,-0.014184888181088689,-0.010151821917348695
2025-03-14,1326.15,5638.94,25490.0,143736580.6,-9.04834076667908e-05,0.0228098782286366,0.011359697410484905
2025-03-17,1336.26,5675.12,25500.0,144715560.0,0.007594659420889906,0.006787837710703764,0.0071912485657968355
2025-03-18,1330.97,5614.66,25510.0,143229976.6,-0.0039666672437456115,-0.010318594264570425,-0.007142630754158018
2025-03-19,1324.63,5675.29,25510.0,144776647.9,-0.004774824555987638,0.010740629118978858,0.0029829022814956098
2025-03-20,1323.93,5662.89,25535.0,144601896.15,-0.0005285891324333212,-0.001207772827916074,-0.0008681809801746976
2025-03-21,1321.88,5667.56,25545.0,144777820.20000002,-0.001549620275247285,0.0012158700954714567,-0.0001668750898879142
2025-03-24,1330.32,5767.57,25585.0,147563278.45,0.006364549046259511,0.01905679741890026,0.012710673232579885
2025-03-25,1331.92,5776.65,25620.0,147997773.0,0.0012019954569378458,0.0029401361300061234,0.0020710657934719847
2025-03-26,1326.09,5712.2,25600.0,146232320.0,-0.004386747490910047,-0.01200063643817969,-0.008193691964544869
2025-03-27,1323.81,5693.31,25555.0,145492537.05,-0.001720820078215814,-0.0050717963719232135,-0.0033963082250695136
2025-03-28,1317.46,5580.94,25560.0,142648826.39999998,-0.004808302244153061,-0.019738943047174745,-0.012273622645663902
2025-03-31,1306.86,5611.85,25550.0,143382767.5,-0.008078327068126383,0.005131899597329305,-0.001473213735398539
2025-04-01,1317.33,5633.07,25565.0,144009434.54999998,0.007979647476883305,0.004361065044484894,0.006170356260684099
2025-04-02,1317.83,5670.97,25620.0,145290251.4,0.000379483603272903,0.008854660276046616,0.00461707193965976
2025-04-03,1229.84,5396.52,25600.0,138150912.0,-0.06910236483100379,-0.05038682254646656,-0.05974459368873518
2025-04-04,1210.67,5074.08,25600.0,129896448.0,-0.01571015425109519,-0.0616090736758801,-0.038659613963487646
2025-04-08,1132.79,4982.77,25780.0,128455810.6,-0.06649030913637342,-0.01115262038037168,-0.03882146475837255
2025-04-09,1094.3,5456.9,25995.0,141852115.5,-0.03456872679247795,0.09920011597335272,0.032315694590437385
2025-04-10,1168.34,5268.05,25960.0,136758578.0,0.06546904849399772,-0.03656790784490794,0.01445057032454489
2025-04-11,1222.46,5363.36,25720.0,137945619.2,0.04528128405892582,0.008642376785642957,0.026961830422284387
2025-04-14,1241.44,5405.97,25715.0,139014518.55,0.015406774168318333,0.007718833950611969,0.011562804059465151
2025-04-15,1227.79,5396.63,25824.0,139362573.12,-0.011056190834376738,0.0025005990922406496,-0.004277795871068044
2025-04-16,1210.3,5275.7,25790.0,136060303.0,-0.014347542566704405,-0.023980784895281222,-0.019164163730992813
2025-04-17,1217.25,5282.7,25830.0,136452141.0,0.005725953318252279,0.0028757458873244646,0.004300849602788372
2025-04-22,1197.13,5287.76,25871.0,136799638.96,-0.016667190556469327,0.0025434282432269376,-0.007061881156621195
2025-04-23,1211.0,5375.86,25932.0,139406801.51999998,0.011519439046751422,0.018878922524159906,0.015199180785455664
2025-04-24,1223.35,5484.77,25965.0,142412053.05,0.01014653271281006,0.021328349073141486,0.015737440892975775
2025-04-25,1229.23,5525.21,26026.0,143799115.46,0.004794959810403022,0.009692656484847885,0.0072438081476254535
2025-04-28,1226.8,5528.75,26019.0,143852546.25,-0.0019788038362088655,0.0003714964849974882,-0.0008036536756056887
2025-04-29,1226.3,5560.83,25970.0,144414755.1,-0.0004076474721160962,0.003900612800623414,0.0017464826642536587
2025-05-05,1240.05,5650.38,25980.0,146796872.4,0.01115019559881397,0.016360407404893793,0.013755301501853882
2025-05-06,1241.95,5606.91,25942.0,145454459.22,0.0015310236673155707,-0.009186768209518656,-0.0038278722711015426
2025-05-07,1250.37,5631.28,25948.0,146120453.44,0.006756782462879687,0.004568262558287413,0.00566252251058355
2025-05-08,1269.8,5663.94,25953.0,146996234.82,0.015419900239359994,0.005975667856204205,0.0106977840477821
2025-05-09,1267.3,5659.91,25959.0,146925603.69,-0.0019707546483310225,-0.00048061166000888114,-0.0012256831541699517
2025-05-12,1283.26,5844.19,25952.0,151668418.88,0.012515062035843601,0.03177032194974056,0.02214269199279208
2025-05-13,1293.43,5886.55,25960.0,152814838.0,0.007893889300324412,0.007530296076601894,0.007712092688463153
2025-05-14,1309.73,5892.58,25951.0,152918343.57999998,0.012523404657841675,0.0006770974836262301,0.006600251070733953
2025-05-15,1313.2,5916.93,25924.0,153390493.32,0.002645897545409417,0.0030828370393514134,0.0028643672923804155
2025-05-16,1301.39,5958.38,25920.0,154441209.6,-0.009033982628656522,0.0068265896625673795,-0.0011036964830445713
2025-05-19,1296.29,5963.6,25917.0,154558621.20000002,-0.0039265856862126264,0.0007599460837675599,-0.0015833198012225333
2025-05-20,1315.15,5940.46,25932.0,154048008.72,0.014444389235051251,-0.0033091508506255434,0.005567619192212854
2025-05-21,1323.05,5844.61,25950.0,151667629.5,0.005988949748138295,-0.015572820152000004,-0.004791935201930855
2025-05-22,1313.84,5842.01,25950.0,151600159.5,-0.0069855302664524575,-0.00044495329580263406,-0.0037152417811275457
2025-05-23,1314.46,5802.82,25973.0,150716643.85999998,0.0004717878564092997,-0.005844982121631969,-0.0026865971326113344
2025-05-27,1339.81,5921.54,25897.0,153350121.38,0.019101877961165577,0.017322138885703997,0.01821200842343479
2025-05-28,1341.87,5888.55,25903.0,152531110.65,0.001536350649739883,-0.005355102578886289,-0.001909375964573203
2025-05-29,1341.86,5912.17,25950.0,153420811.5,-7.452314502582065e-06,0.005815968415082485,0.0029042580502899517
2025-05-30,1332.6,5911.69,25996.0,153680293.23999998,-0.006924790053681066,0.0016898786604469917,-0.002617455696617037
2025-06-02,1336.3,5935.94,26019.0,154447222.85999998,0.0027726796585784254,0.00497801178846076,0.003875345723519593
2025-06-03,1347.25,5970.37,26022.0,155360968.14,0.008160877026590848,0.005898797747029961,0.007029837386810405
2025-06-04,1345.74,5970.81,26038.0,155467950.78,-0.001121430200816727,0.0006883699534537028,-0.00021653012368151212
2025-06-05,1342.09,5939.3,26071.0,154843490.3,-0.002715947246399856,-0.0040247392798110635,-0.0033703432631054598
2025-06-06,1329.89,6000.36,26056.0,156345380.16,-0.009131868337900455,0.009652668613675064,0.00026040013788730405
2025-06-09,1310.57,6005.88,26047.0,156435156.36,-0.01463407496434039,0.0005740523592947662,-0.0070300113025228116
2025-06-10,1316.23,6038.81,26025.0,157160030.25,0.004309432586734881,0.004622999407888612,0.004466215997311746
2025-06-11,1315.2,6022.24,25990.0,156518017.6,-0.0007828443489680718,-0.004093455381299673,-0.0024381498651338722
2025-06-12,1322.99,6045.26,26010.0,157237212.6,0.005905581205486942,0.004584441567125277,0.0052450113863061094
2025-06-13,1315.49,5976.97,26020.0,155520759.4,-0.005685106728315642,-0.010976349681610062,-0.008330728204962851
2025-06-16,1338.11,6033.11,26050.0,157162515.5,0.01704895078694469,0.010501176869871995,0.013775063828408343
2025-06-17,1347.69,5982.72,26030.0,155730201.6,0.0071338451325811975,-0.009155367488664384,-0.0010107611780415934
2025-06-18,1346.83,5980.87,26072.0,155933242.64,-0.0006383326375027832,0.0013029508110584168,0.0003323090867778168
2025-06-20,1349.35,5967.84,26123.0,155897884.32,0.001869311940455495,-0.00022677864455829044,0.0008212666479486023
2025-06-23,1358.18,6025.17,26119.0,157371415.23,0.006522573197890774,0.009407508361273364,0.007965040779582069
2025-06-24,1366.77,6092.18,26190.0,159554194.20000002,0.006304723722657403,0.013774926480409361,0.010039825101533381
2025-06-25,1366.75,6092.16,26150.0,159309984.0,-1.4633147004843467e-05,-0.001531750911168476,-0.0007731920290866597
2025-06-26,1365.67,6141.02,26150.0,160587673.0,-0.0007905080889769431,0.007988153499777193,0.0035988227054001252
2025-06-27,1371.44,6173.07,26100.0,161117127.0,0.0042161320130940354,0.0032915547298225,0.0037538433714582676
2025-06-30,1376.07,6204.95,26090.0,161887145.5,0.003370327593145392,0.0047678623737336156,0.004069094983439504
2025-07-01,1377.84,6198.01,26118.0,161879625.18,0.0012854452351198965,-4.6455168858484156e-05,0.0006194950331307061
2025-07-02,1384.59,6227.42,26110.0,162597936.2,0.004887011387882989,0.004427499950079194,0.004657255668981092
2025-07-03,1381.96,6279.35,26150.0,164205002.5,-0.0019012855666896093,0.009835157913266857,0.003966936173288624
2025-07-07,1402.06,6229.98,26158.0,162963816.83999997,0.014439802335834176,-0.007587468861205477,0.00342616673731435
2025-07-08,1415.46,6225.52,26120.0,162610582.4,0.009511982902277095,-0.0021699161815299487,0.0036710333603735736
2025-07-09,1431.32,6263.26,26110.0,163533718.6,0.011142528816725502,0.005660921637483972,0.008401725227104737
2025-07-10,1445.64,6280.46,26138.0,164158663.48,0.009955034663240618,0.0038142213358109142,0.006884627999525767
2025-07-11,1457.76,6259.75,26100.0,163379475.0,0.008348880898786612,-0.004757857839109986,0.001795511529838313
2025-07-14,1470.42,6268.56,26108.0,163659564.48000002,0.008647063284394308,0.001712881428017724,0.005179972356206016
2025-07-15,1460.65,6243.76,26100.0,162962136.0,-0.006666532142663248,-0.004270564625275518,-0.0054685483839693825
2025-07-16,1475.47,6263.7,26120.0,163607844.0,0.010095040978198239,0.003954489885839429,0.007024765432018834
2025-07-17,1490.01,6297.36,26140.0,164612990.4,0.009806248240901731,0.0061248369199928595,0.007965542580447295
2025-07-18,1497.28,6296.79,26135.0,164566606.65,0.0048672973514721374,-0.0002818142480436181,0.00229274155171426
2025-07-21,1485.05,6305.6,26140.0,164828384.0,-0.008201686974204269,0.001589443753196128,-0.0033061216105040704
2025-07-22,1509.54,6309.62,26130.0,164870370.6,0.01635652693283406,0.00025469674750771187,0.008305611840170885
2025-07-23,1512.31,6358.91,26120.0,166094729.2,0.0018333145429722916,0.007398751022421076,0.0046160327826966835
2025-07-24,1521.02,6363.35,26120.0,166210702.0,0.005742879237307202,0.000697989222081707,0.0032204342296944543
2025-07-25,1531.13,6388.64,26110.0,166807390.4,0.006624862458456714,0.0035835232508703565,0.005104192854663535
2025-07-28,1557.42,6389.77,26120.0,166900792.4,0.017024581101225525,0.0005597825121056568,0.008792181806665592
2025-07-29,1493.41,6370.86,26165.0,166693551.9,-0.041968510267623514,-0.0012424702648672933,-0.021605490266245402
2025-07-30,1507.63,6362.9,26195.0,166676165.5,0.009476785663675668,-0.00010430701475451762,0.004686239324460575
2025-07-31,1502.52,6339.39,26200.0,166092018.0,-0.003395182903638471,-0.0035108410538110396,-0.0034530119787247555
2025-08-01,1495.21,6238.01,26197.0,163417147.97,-0.0048770332813827645,-0.016235838419800808,-0.010556435850591786
2025-08-04,1528.19,6329.94,26190.0,165781128.6,0.02181736335846301,0.014362294301365727,0.01808982882991437
2025-08-05,1547.15,6299.19,26174.0,164874999.06,0.01233050018829957,-0.005480810621606827,0.0034248447833463715
2025-08-06,1573.71,6345.06,26225.0,166399198.5,0.017021360303685944,0.009202106332587211,0.013111733318136577
2025-08-07,1581.81,6340.0,26200.0,166108000.0,0.005133871939157273,-0.0017515324525913811,0.0016911697432829458
2025-08-08,1584.95,6389.45,26190.0,167339695.5,0.00198310009539902,0.0073876720009917254,0.004685386048195373
2025-08-11,1596.86,6373.45,26200.0,166984390.0,0.007486339929092992,-0.002125516223192706,0.0026804118529501425
2025-08-12,1608.22,6445.76,26231.0,169078730.56,0.007088776299293459,0.012464132751177323,0.00977645452523539
2025-08-13,1611.6,6466.58,26245.0,169715392.1,0.002099497016326832,0.0037584022086096292,0.0029289496124682308
2025-08-14,1640.69,6468.54,26265.0,169896203.1,0.017889410725601722,0.0010648106227201404,0.009477110674160932
2025-08-15,1630.0,6449.8,26230.0,169178254.0,-0.006536870241985932,-0.004234764122716721,-0.005385817182351326
2025-08-18,1636.37,6449.15,26240.0,169225696.0,0.0039003591604502225,0.0002803867999224251,0.0020903729801863237
2025-08-19,1654.2,6411.37,26275.0,168458746.75,0.0108371342965478,-0.00454240984565467,0.003147362225446565
2025-08-20,1664.36,6395.78,26290.0,168145056.2,0.0061231568777396885,-0.001863856783929558,0.002129650046905065
2025-08-21,1688.0,6370.17,26370.0,167981382.9,0.014103731020356763,-0.0009738794328374035,0.00656492579375968
2025-08-22,1645.47,6466.91,26405.0,170758758.54999998,-0.025518338479269462,0.016398634526824687,-0.004559851976222388
2025-08-25,1614.03,6439.32,26300.0,169354116.0,-0.01929190065888686,-0.008259908055254193,-0.013775904357070526
2025-08-26,1667.63,6465.94,26300.0,170054222.0,0.0326692997527207,0.0041254554739158684,0.018397377613318285
2025-08-27,1672.78,6481.4,26340.0,170720076.0,0.003083456270570452,0.003907893589965314,0.0034956749302678834
2025-08-28,1680.86,6501.86,26374.0,171480055.64,0.004818654139626495,0.004441733472322038,0.004630193805974266
2025-08-29,1682.21,6460.26,26360.0,170292453.6,0.0008028379263659936,-0.006949691902130034,-0.0030734269878820203
2025-09-03,1681.3,6448.26,26340.0,169847168.4,-0.0005411014221473782,-0.002618251009745456,-0.0015796762159464171
2025-09-04,1696.29,6502.08,26365.0,171427339.2,0.008876209615783106,0.009260475407770499,0.009068342511776802
2025-09-05,1666.97,6481.5,26360.0,170852340.0,-0.017435906112528505,-0.003359824002677541,-0.010397865057603022
2025-09-08,1624.53,6495.15,26375.0,171309581.25,-0.02578906402881577,0.002672661648069881,-0.011558201190372944
2025-09-09,1637.32,6512.61,26385.0,171835214.85,0.007842215643914728,0.0030636280491447036,0.005452921846529716
2025-09-10,1643.26,6532.04,26360.0,172184574.4,0.003621314823226149,0.002031044033007861,0.0028261794281170052
2025-09-11,1657.75,6587.47,26370.0,173711583.9,0.008779187622514888,0.008829351720120412,0.00880426967131765
2025-09-12,1667.26,6584.29,26375.0,173660648.75,0.005720299146186038,-0.0002932597690752105,0.002713519688555414
2025-09-15,1684.9,6615.28,26355.0,174345704.4,0.01052465444917656,0.003937034647076443,0.007230844548126501
2025-09-16,1680.9,6606.76,26355.0,174121159.8,-0.0023768506049910926,-0.0012887574351970004,-0.0018328040200940466
2025-09-17,1670.97,6600.35,26381.0,174123833.35000002,-0.005925068126482078,1.5354420322734984e-05,-0.002954856853079671
2025-09-18,1665.18,6631.96,26340.0,174685826.4,-0.0034710704334745164,0.0032223507611153263,-0.00012435983617959507
2025-09-19,1658.62,6664.36,26355.0,175639207.79999998,-0.003947294372515733,0.00544285255438852,0.0007477790909363935
2025-09-22,1634.45,6693.75,26355.0,176413781.25,-0.014679575005122597,0.004400330199851501,-0.005139622402635548
2025-09-23,1635.26,6656.92,26395.0,175709403.4,0.0004954567937644783,-0.0040007521244223455,-0.0017526476653289336
2025-09-24,1657.46,6637.97,26395.0,175209218.15,0.013484496943285585,-0.0028507212670842554,0.0053168878381006646
2025-09-25,1666.09,6604.72,26395.0,174331584.4,0.0051932538375133635,-0.0050216489054652645,8.580246602404949e-05
2025-09-26,1660.7,6643.7,26380.0,175260806.0,-0.003240363663609446,0.005316041274671178,0.0010378388055308659
2025-09-29,1666.48,6661.21,26385.0,175756025.85,0.0034744172629520534,0.0028216320907012344,0.003148024676826644
2025-09-30,1661.7,6688.46,26414.0,176668982.44,-0.002872442768491479,0.00518100935359761,0.0011542832925530654
2025-10-01,1665.05,6711.2,26425.0,177343460.0,0.0020139782865139307,0.0038104783631589005,0.002912228324836416
2025-10-02,1652.71,6715.35,26405.0,177318816.75,-0.007438788160299684,-0.0001389674157933403,-0.003788877788046512
2025-10-03,1645.82,6715.79,26393.0,177249845.47,-0.004177624590752905,-0.00038904329806300597,-0.0022833339444079557
2025-10-06,1695.5,6740.28,26375.0,177774885.0,0.029738942323063965,0.0029577652918719613,0.016348353807467964
2025-10-07,1685.3,6714.59,26340.0,176862300.6,-0.006034093083719112,-0.005146591792330004,-0.005590342438024558
2025-10-08,1697.83,6753.72,26340.0,177892984.8,0.0074073755915680505,0.0058106934127934015,0.0066090345021807256
2025-10-09,1716.47,6735.11,26335.0,177369121.85,0.010918891246479628,-0.0029491652494808875,0.0039848629984993705
2025-10-10,1747.55,6552.51,26346.0,172632428.46,0.01794495068190948,-0.02706835209828921,-0.0045617007081898645
2025-10-13,1765.12,6654.72,26310.0,175085683.20000002,0.010003869722896006,0.014110829228347742,0.012057349475621874
2025-10-14,1761.06,6644.31,26325.0,174911460.75,-0.0023027762587880195,-0.0009955650633249112,-0.0016491706610564654
2025-10-15,1757.95,6671.06,26343.0,175735733.58,-0.0017675430360757946,0.0047014455647184485,0.001466951264321327
2025-10-16,1766.85,6629.07,26315.0,174443977.04999998,0.005049942642939395,-0.007377711215364893,-0.0011638842862127488
2025-10-17,1731.19,6664.01,26310.0,175330103.1,-0.020389266777534713,0.005066858844522447,-0.007661203966506133
2025-10-20,1636.43,6735.13,26337.0,177383118.81,-0.05629199348223595,0.011641405925299799,-0.022325293778468078
2025-10-21,1663.43,6735.35,26330.0,177341765.5,0.01636469580810429,-0.00023315708604873406,0.008065769361027778
2025-10-22,1678.5,6699.4,26333.0,176415300.2,0.009018801798852793,-0.005237873716087473,0.00189046404138266
2025-10-23,1687.06,6738.44,26345.0,177524201.79999998,0.005086831587077469,0.0062660721508968975,0.005676451868987183
2025-10-24,1683.18,6791.69,26312.0,178702947.28,-0.0023025076636470298,0.0066179671325753055,0.0021577297344641377
2025-10-27,1652.54,6875.16,26280.0,180679204.8,-0.018371363161767844,0.010998194703018818,-0.003686584229374513
2025-10-28,1680.5,6890.89,26280.0,181092589.2,0.016777869983408068,0.0022853333884667853,0.009531601685937426
2025-10-29,1685.83,6890.59,26308.0,181277641.72,0.0031666559451829263,0.0010213451343207764,0.0020940005397518512
2025-10-30,1669.57,6822.34,26335.0,179666323.9,-0.009691915884444288,-0.008928413701439415,-0.00931016479294185
2025-10-31,1639.65,6840.2,26315.0,179999863.0,-0.018083303817944704,0.001854715331949821,-0.008114294242997441
2025-11-03,1617.0,6851.97,26310.0,180275330.7,-0.013910223830847397,0.0015292074419675714,-0.006190508194439913
2025-11-04,1651.98,6771.55,26309.0,178152708.95000002,0.021401987893001583,-0.011844199278367688,0.004778894307316948
2025-11-05,1654.89,6796.29,26295.0,178708445.55,0.0017599728753443533,0.003114584158247092,0.0024372785167957227
2025-11-06,1642.64,6720.32,26300.0,176744416.0,-0.0074298376982094155,-0.011050970468011411,-0.009240404083110413
2025-11-07,1599.1,6728.8,26285.0,176866508.0,-0.026863732681847004,0.0006905443048567251,-0.01308659418849514
2025-11-10,1580.54,6832.43,26280.0,179556260.4,-0.011674410183283227,0.01509333129466414,0.0017094605556904566
2025-11-11,1593.61,6846.61,26270.0,179860444.7,0.008235322128933896,0.0016926557297411331,0.004963988929337515
2025-11-12,1631.86,6850.92,26280.0,180042177.6,0.023718585619595153,0.0010099004796597657,0.012364243049627459
2025-11-13,1631.44,6737.49,26280.0,177061237.2,-0.00025740814655039,-0.016695497821198804,-0.008476452983874597
2025-11-14,1635.46,6734.11,26320.0,177241775.2,0.002461049942769355,0.0010191164585511927,0.001740083200660274
2025-11-17,1654.42,6672.41,26325.0,175651193.25,0.011526383889032838,-0.00901459005113137,0.0012558969189507344
2025-11-18,1659.92,6617.32,26335.0,174267122.2,0.0033189142023017154,-0.007910864947717052,-0.0022959753727076686
2025-11-19,1649.0,6642.16,26378.0,175206896.48,-0.006600364858596776,0.005378234117818796,-0.0006110653703889899
2025-11-20,1655.99,6538.76,26376.0,172466333.76000002,0.004229973720030429,-0.01576549038265156,-0.005767758331310565
2025-11-21,1654.93,6602.99,26366.0,174094434.34,-0.0006403054354776624,0.009395827268704778,0.004377760916613558
2025-11-24,1667.98,6705.12,26349.0,176673206.88,0.007854601594981003,0.014703859184360608,0.011279230389670806
2025-11-25,1660.36,6765.88,26350.0,178280938.0,-0.00457886713101474,0.009058872182793429,0.0022400025258893443
2025-11-26,1680.36,6812.61,26343.0,179464585.23,0.011973609847567993,0.006617282242866513,0.009295446045217252
2025-11-28,1690.99,6849.09,26372.0,180624201.48,0.006306100064852732,0.006440746290988776,0.006373423177920754
2025-12-01,1701.67,6812.63,26330.0,179376547.9,0.00629596557205811,-0.006931422100634152,-0.0003177282642880209
2025-12-02,1717.06,6829.37,26340.0,179885605.8,0.009003404165265816,0.0028339096420042613,0.005918656903635039
2025-12-03,1731.77,6849.72,26340.0,180421624.8,0.00853048088927859,0.0029753463150951035,0.0057529136021868465
2025-12-04,1737.24,6857.12,26345.0,180650826.4,0.0031536401068114873,0.0012695603335205737,0.0022116002201660306
2025-12-05,1741.32,6870.4,26340.0,180966336.0,0.0023457993370493892,0.0017449928425220676,0.0020453960897857284
2025-12-08,1753.74,6846.51,26320.0,180200143.2,0.007107204042412723,-0.004242885170952133,0.0014321594357302953
2025-12-09,1747.17,6840.51,26320.0,180042223.20000002,-0.0037533142599107065,-0.0008767431309865889,-0.0023150286954486477
2025-12-10,1718.98,6886.68,26340.0,181395151.2,-0.01626624442965842,0.0074864107295445,-0.0043899168500569595
2025-12-11,1698.9,6901.0,26355.0,181875855.0,-0.011750108855976363,0.0026465315005693734,-0.004551788677703495
2025-12-12,1646.89,6827.41,26300.0,179560883.0,-0.03109232194022805,-0.012810007467697202,-0.021951164703962626
2025-12-15,1646.01,6816.51,26303.0,179294662.53,-0.0005344832949372659,-0.0014837196869592366,-0.0010091014909482513
2025-12-16,1679.18,6800.26,26290.0,178778835.4,0.01995140144925003,-0.002881126303960207,0.008535137572644912
2025-12-17,1673.66,6721.43,26310.0,176840823.3,-0.003292733913555967,-0.010899460918912912,-0.00709609741623444
2025-12-18,1676.98,6774.76,26300.0,178176188.0,0.001981711605257496,0.007522856399677209,0.0047522840024673526
2025-12-19,1704.31,6834.5,26285.0,179644832.5,0.01616578003191025,0.008208867914199273,0.012187323973054762
2025-12-22,1751.03,6878.49,26265.0,180663539.85,0.027043849480336,0.005654656636463751,0.016349253058399876
2025-12-23,1772.15,6909.79,26300.0,181727477.0,0.011989312489372992,0.0058717802449829,0.008930546367177945
2025-12-24,1782.82,6932.05,26326.0,182493148.3,0.006002881622480574,0.004204442992696491,0.005103662307588533
2025-12-26,1729.8,6929.94,26277.0,182098033.38,-0.0301905854453436,-0.0021674417513906246,-0.016179013598367112
2025-12-29,1754.84,6905.74,26255.0,181310203.7,0.014371889780323605,-0.004335790077493503,0.005018049851415051
2025-12-30,1766.9,6896.24,26245.0,180991818.8,0.006848913969869384,-0.0017575666829661451,0.0025456736434516197
2025-12-31,1784.49,6845.5,26225.0,179523237.5,0.009906061481318014,-0.00814717387024048,0.0008794438055387674
2026-01-05,1788.4,6902.05,26295.0,181489404.75,0.002188705255903206,0.010892619593866249,0.006540662424884727
2026-01-06,1816.27,6944.82,26269.0,182433476.58,0.015463582163969937,0.005188318713626984,0.01032595043879846
2026-01-07,1861.58,6920.93,26274.0,181840514.82,0.02464064196007753,-0.003255583970988164,0.010692528994544682
2026-01-08,1855.56,6921.46,26271.0,181833675.66,-0.0032390522085337017,-3.761146751584575e-05,-0.0016383318380247737
2026-01-09,1867.9,6966.28,26230.0,182725524.4,0.006628267889917999,0.00489276100575507,0.005760514447836535
2026-01-12,1877.33,6977.27,26225.0,182978905.75,0.005035749434752947,0.0013857168229630518,0.0032107331288579993
2026-01-13,1902.93,6963.74,26270.0,182937449.8,0.013544248994366829,-0.00022658703033399526,0.006658830982016416
2026-01-14,1894.44,6926.6,26250.0,181823250.0,-0.004471523262741558,-0.00610922868619642,-0.00529037597446899
2026-01-15,1864.8,6944.47,26230.0,182153448.1,-0.015769471610088424,0.0018143919229363747,-0.006977539843576025
2026-01-16,1879.13,6940.01,26230.0,182036462.3,0.007655095035789499,-0.0006424439594998885,0.003506325538144805
2026-01-20,1893.78,6796.86,26225.0,178247653.5,0.007765927959024255,-0.02103311420626136,-0.006633593123618553
2026-01-21,1885.44,6875.62,26264.0,180581283.68,-0.004413616322205046,0.01300710639158643,0.004296745034690692
2026-01-22,1882.73,6913.35,26225.0,181302603.75,-0.0014383642283786618,0.003986477709139465,0.0012740567403804015
2026-01-23,1870.79,6915.61,26267.0,181652327.87,-0.0063620496351531886,0.0019270945109892664,-0.002217477562081961
2026-01-26,1843.72,6950.23,26205.0,182130777.15,-0.014575531761312236,0.002630411084330352,-0.005972560338490942
2026-01-27,1830.5,6978.6,26181.0,182706726.6,-0.007196116209021161,0.00315729563176346,-0.0020194102886288505
2026-01-28,1802.91,6978.03,26130.0,182335923.9,-0.015187127408183251,-0.0020315589261938804,-0.008609343167188565
2026-01-29,1814.98,6969.01,26020.0,181333640.2,0.0066724222023841285,-0.005512071048188393,0.0005801755770978678
2026-01-30,1829.04,6939.03,25950.0,180067828.5,0.007716790671479899,-0.007005045556311729,0.00035587255758408494
2026-02-02,1806.5,6976.44,25880.0,180550267.2,-0.01239996743827681,0.0026756227353297362,-0.0048621723514735374
2026-02-03,1813.4,6917.81,25970.0,179655525.70000002,0.003812264624260815,-0.004967956417495452,-0.0005778458966173186
2026-02-04,1791.43,6882.72,26000.0,178950720.0,-0.012189352632509445,-0.0039308105531516,-0.008060081592830523
2026-02-05,1782.56,6798.4,25978.0,176608835.2,-0.004963650268440009,-0.01317314431068147,-0.009068397289560739
2026-02-06,1755.49,6932.3,25940.0,179823862.0,-0.015302513101540823,0.01804051099508463,0.0013689989467719028
2026-02-09,1754.82,6964.82,25900.0,180388838.0,-0.0003817326721207861,0.003136904741494641,0.0013775860346869275
2026-02-10,1754.03,6941.81,25860.0,179515206.60000002,-0.0004502899886563433,-0.004854811325441942,-0.0026525506570491426
2026-02-11,1796.85,6941.47,25840.0,179367584.8,0.024119134296761185,-0.0008226742093145751,0.011648230043723305
2026-02-12,1814.09,6832.76,25950.0,177310122.0,0.009548832711351506,-0.011536945436205487,-0.0009940563624269904
2026-02-13,1824.09,6836.17,25910.0,177125164.7,0.0054972679654569775,-0.0010436732669077704,0.0022267973492746036
2026-02-23,1860.14,6837.75,25920.0,177234480.0,0.019570521169637735,0.0006169737728471194,0.010093747471242427
2026-02-24,1867.62,6890.07,26080.0,179693025.6,0.004013139278794451,0.013776380049020804,0.008894759663907627
2026-02-25,1860.91,6946.13,26180.0,181849683.4,-0.00359927759405991,0.011930448752077232,0.004165585579008661
2026-02-26,1879.64,6908.86,26099.0,180314337.14,0.01001465374923375,-0.008478785140927956,0.0007679343041528969
2026-02-27,1880.33,6878.88,26030.0,179057246.4,0.0003670242091002225,-0.006996078293020656,-0.0033145270419602164
2026-03-02,1846.1,6881.62,26040.0,179197384.8,-0.01837198755844073,0.0007823396821323338,-0.008794823938154199
2026-03-03,1813.14,6816.63,26160.0,178323040.8,-0.018015156925769178,-0.004891165262213138,-0.011453161093991159
2026-03-04,1818.27,6869.5,26150.0,179637425.0,0.002825350710916066,0.007343772470670477,0.0050845615907932715
2026-03-05,1808.51,6830.71,26165.0,178725527.15,-0.005382197740514322,-0.005089252740804977,-0.005235725240659649
2026-03-06,1767.84,6740.02,26210.0,176655924.20000002,-0.02274483945629132,-0.011647351537814267,-0.017196095497052793
2026-03-09,1652.79,6795.99,26180.0,177919018.2,-0.06729369335661312,0.007124583222381832,-0.030084555067115642
2026-03-10,1676.73,6781.48,26245.0,177979942.6,0.014380699063868968,0.00034236908395659735,0.0073615340739127825
2026-03-11,1728.34,6775.8,26175.0,177356565.0,0.030315942196574984,-0.003508664188374022,0.01340363900410048
2026-03-12,1709.61,6672.62,26190.0,174755917.8,-0.010896135959386547,-0.014771952813926051,-0.0128340443866563
2026-03-13,1696.24,6632.19,26240.0,174028665.6,-0.007851237535014176,-0.004170214445040639,-0.006010725990027407
2026-03-16,1693.21,6699.38,26271.0,175999411.98,-0.001787901168118135,0.011260623536666873,0.004736361184274369
2026-03-17,1710.29,6716.09,26260.0,176364523.4,0.010036811154935942,0.002072354824140703,0.006054582989538322
2026-03-18,1713.83,6624.7,26280.0,174097116.0,0.0020676852804341894,-0.012939727389462903,-0.005436021054514357
2026-03-19,1699.13,6606.49,26300.0,173750687.0,-0.008614276699373676,-0.0019918430506017646,-0.00530305987498772
2026-03-20,1647.81,6506.48,26255.0,170827632.39999998,-0.03066922178144064,-0.016966387923373703,-0.02381780485240717
2026-03-23,1591.17,6581.0,26285.0,172981585.0,-0.03497753889402757,0.012530093274847987,-0.011223722809589791
2026-03-24,1614.77,6556.37,26339.0,172688229.43,0.014722936987411474,-0.0016973170822607553,0.006512809952575359
2026-03-25,1658.19,6591.9,26350.0,173696565.0,0.026534114374188487,0.005822070913432343,0.016178092643810416
2026-03-26,1644.63,6477.16,26341.0,170614871.56,-0.008211211140190055,-0.017901094219776988,-0.013056152679983522
2026-03-27,1672.8,6368.85,26348.0,167806459.8,0.016983434226308804,-0.016597513044411285,0.00019296059094875938
2026-03-30,1662.54,6343.72,26320.0,166966710.4,-0.006152315723479423,-0.005016836688421016,-0.0055845762059502195
2026-03-31,1674.49,6528.52,26335.0,171928574.20000002,0.007162087893562965,0.02928467066350856,0.018223379278535762
2026-04-01,1702.93,6575.32,26323.0,173082148.35999998,0.016841655599157592,0.006687203518184494,0.011764429558671043
2026-04-02,1694.82,6582.69,26310.0,173190573.89999998,-0.004773756398434993,0.0006262436315275584,-0.002073756383453717
2026-04-06,1674.99,6611.83,26318.0,174010141.94,-0.011769345393138054,0.0047210130902250545,-0.0035241661514564997
2026-04-07,1677.54,6616.85,26312.0,174102557.20000002,0.0015212394769091686,0.0005309502491543446,0.0010260948630317567
2026-04-08,1756.55,6782.81,26305.0,178421817.05,0.04602322343057353,0.024505970773354542,0.035264597101964036
2026-04-09,1736.68,6824.66,26304.0,179515856.64,-0.011376413406557383,0.006113036304165176,-0.0026316885511961036
2026-04-10,1750.0,6816.89,26320.0,179420544.8,0.007640543324542865,-0.0005310792767620062,0.0035547320238904297
2026-04-13,1758.96,6886.24,26335.0,181349130.4,0.005106937368144686,0.010691607992596332,0.007899272680370509
2026-04-14,1775.65,6967.38,26325.0,183416278.5,0.009443827773086586,0.011334244855544334,0.01038903631431546
2026-04-15,1800.65,7022.95,26340.0,184984503.0,0.013981157751651162,0.008513738576604512,0.011247448164127836
2026-04-16,1819.83,7041.28,26302.0,185199746.56,0.010595379304324758,0.00116289974256128,0.005879139523443019
2026-04-17,1817.17,7126.06,26300.0,187415378.0,-0.0014627442806062043,0.011892472458191663,0.00521486408879273
2026-04-20,1837.11,7109.14,26313.0,187062800.82,0.010913338827735897,-0.0018830324655605022,0.004515153181087698
2026-04-21,1833.48,7064.01,26308.0,185839975.08,-0.0019778843092733644,-0.006558439368950512,-0.004268161839111938
2026-04-22,1857.3,7137.9,26325.0,187905217.5,0.012908019840672753,0.011051719095094899,0.011979869467883826
2026-04-23,1870.36,7108.4,26320.0,187093088.0,0.007007105495999391,-0.004331383677084858,0.0013378609094572666
2026-04-24,1853.29,7165.08,26294.0,188398613.52,-0.009168487681087948,0.006953713093203975,-0.0011073872939419862
2026-04-28,1875.84,7138.8,26350.0,188107380.0,0.012094121074265265,-0.0015470328924200544,0.005273544090922605
2026-04-29,1854.1,7135.95,26330.0,187889563.5,-0.011657155978665304,-0.0011586079521729463,-0.0064078819654191255
2026-05-04,1854.06,7200.75,26355.0,189775766.25,-2.1574042113354e-05,0.009988835535954425,0.004983630746920535
2026-05-05,1874.85,7259.22,26312.0,191004596.64,0.011150827142646235,0.006454296364178524,0.00880256175341238
2026-05-06,1891.2,7365.12,26280.0,193555353.6,0.008682892007438598,0.01326604274223733,0.010974467374837964
2026-05-07,1909.01,7337.11,26320.0,193112735.2,0.009373234844931569,-0.002289398096956477,0.0035419183739875456
2026-05-08,1915.37,7398.93,26260.0,194295901.8,0.0033260323833506494,0.006108125455038078,0.004717078919194364
2026-05-11,1895.5,7412.84,26306.0,195002169.04,-0.010428159483671689,0.0036284177485612816,-0.0033998708675552036
2026-05-12,1901.1,7400.96,26320.0,194793267.2,0.002950010041191422,-0.0010718538011383102,0.000939078120026556
2026-05-13,1898.37,7444.25,26299.0,195776330.75,-0.0014370427821819025,0.005034009974992725,0.0017984835964054114
2026-05-14,1925.46,7501.24,26317.0,197410133.08,0.014169276998805254,0.008310620449543423,0.011239948724174338
2026-05-15,1921.6,7408.5,26340.0,195139890.0,-0.0020067278884851516,-0.011566772425545498,-0.006786750157015325
2026-05-18,1927.94,7403.05,26350.0,195070367.5,0.0032939030285741365,-0.0003563335376216672,0.0014687847454762347
2026-05-19,1912.93,7353.61,26327.0,193598490.47,-0.00781597732425569,-0.007573974791177739,-0.007694976057716714
2026-05-20,1913.23,7432.97,26329.0,195702667.13,0.0001568151883949911,0.010810125322499448,0.00548347025544722
2026-05-21,1896.89,7445.72,26355.0,196231950.6,-0.008577210258837042,0.0027008779924280776,-0.002938166133204482
2026-05-22,1877.13,7473.47,26350.0,196925934.5,-0.01047168831483235,0.003530310071683267,-0.003470689121574541
2026-05-26,1884.18,7519.12,26322.0,197918276.64,0.0037486983290302366,0.005026510210162227,0.004387604269596231
2026-05-27,1874.43,7520.36,26294.0,197740345.84,-0.005188099786649021,-0.0008994158190181511,-0.003043757802833586
2026-05-28,1863.67,7563.63,26273.0,198719250.99,-0.005756951241404737,0.004938244134562801,-0.00040935355342096823
2026-05-29,1863.49,7580.06,26326.0,199552659.56,-9.658828713551802e-05,0.004185129628145431,0.002044270670504956
2026-06-01,1844.54,7599.96,26255.0,199536949.8,-0.01022114976322133,-7.872798308775208e-05,-0.0051499388731545415
2026-06-02,1826.47,7609.78,26265.0,199870871.7,-0.009844781651217507,0.0016720853214445086,-0.0040863481648864995
2026-06-03,1819.01,7553.68,26275.0,198472942.0,-0.004092745215041149,-0.007018738038503306,-0.005555741626772227
2026-06-04,1831.55,7584.31,26290.0,199391509.9,0.006870205844405967,0.004617499893250955,0.005743852868828461
2026-06-05,1838.9,7383.74,26275.0,194007768.5,0.00400496387327749,-0.027372076310526145,-0.011683556218624328
2026-06-08,1790.53,7405.73,26270.0,194548527.1,-0.026655901352343442,0.002783426521454371,-0.011936237415444535
2026-06-09,1793.05,7386.65,26285.0,194158095.25,0.0014064150460604441,-0.0020088774353337314,-0.0003012311946366436
2026-06-10,1803.71,7266.99,26270.0,190903827.3,0.005927574379488493,-0.016902971914814973,-0.0054876987676632395
2026-06-11,1798.61,7394.3,26265.0,194211289.5,-0.0028315104751474407,0.01717690828787333,0.007172698906362945
2026-06-12,1791.65,7431.46,26325.0,195633184.5,-0.0038771613859599026,0.007294710583717955,0.0017087745988790264
2026-06-15,1799.31,7554.29,26250.0,198300112.5,0.0042662751010132255,0.013540204728902445,0.008903239914957835
2026-06-16,1807.94,7511.35,26230.0,197022710.5,0.004784817500832817,-0.006462599028379041,-0.0008388907637731117
2026-06-17,1806.2,7420.1,26240.0,194703424.0,-0.0009628847440532708,-0.011841505566138267,-0.006402195155095769
2026-06-18,1830.47,7500.58,26265.0,197002733.7,0.013347573644528224,0.01174010703814387,0.012543840341336047
2026-06-22,1857.91,7472.79,26265.0,196272829.35,0.014879435557426208,-0.0037119274964131756,0.0055837540305065155
2026-06-23,1869.04,7365.46,26315.0,193822079.9,0.005972730027049042,-0.012565053455512691,-0.003296161714231825
2026-06-24,1878.02,7358.22,26265.0,193263648.3,0.00479310029306266,-0.0028853142688078006,0.0009538930121274296
2026-06-25,1863.07,7357.49,26330.0,193722711.7,-0.007992365637363923,0.002372505404741397,-0.002809930116311263
2026-06-26,1871.91,7354.02,26315.0,193521036.3,0.004733635257327684,-0.001041594185961813,0.0018460205356829356
2026-06-29,1854.97,7440.43,26245.0,195274085.35,-0.009090776554707613,0.009017916288580292,-3.643013306366041e-05
2026-06-30,1860.01,7499.36,26230.0,196708212.8,0.002713340632859951,0.0073173398685364745,0.005015340250698212
2026-07-01,1867.21,7483.23,26255.0,196472203.65,0.0038634740937518773,-0.001200513395230897,0.0013314803492604902
2026-07-02,1866.35,7483.24,26299.0,196801728.76,-0.00046068632362142694,0.0016758048777774468,0.00060755927707801
2026-07-06,1843.5,7537.43,26294.0,198189184.42,-0.012318713132811692,0.007025282456589215,-0.0026467153381112387
2026-07-07,1848.25,7503.85,26299.0,197343751.15,0.0025733067630102804,-0.0042749135734936276,-0.0008508034052416736
2026-07-08,1853.7,7482.71,26289.0,196712963.19,0.002944396297834198,-0.003201511233413909,-0.00012855746778985553
2026-07-09,1840.7,7543.64,26294.0,198352470.16,-0.0070377076963671495,0.008299973845667385,0.000631133074650118
2026-07-10,1828.34,7575.39,26290.0,199157003.1,-0.006737482695990292,0.00404787353590911,-0.0013448045800405909
2026-07-13,1800.54,7515.34,26261.0,197360343.74,-0.015321831449432168,-0.009062260050526011,-0.01219204574997909
2026-07-14,1806.63,7543.59,26250.0,198019237.5,0.003376611463425895,0.0033329711559088675,0.0033547913096673813
2026-07-15,1782.12,7572.4,26259.0,198843651.6,-0.013659564525825698,0.004154660506222819,-0.00475245200980144
2026-07-16,1804.24,7533.77,26254.0,197791597.58,0.012335783636998988,-0.005304906658794939,0.0035154384891020246
2026-07-17,1787.45,7457.69,26251.0,195771820.19,-0.009349427318886763,-0.010264140573889084,-0.009806783946387922
2026-07-20,1743.51,7443.28,26292.0,195698717.76,-0.024889700460377005,-0.00037347602827297806,-0.012631588244324992
2026-07-21,1730.56,7509.2,26290.0,197416868.0,-0.007455267154154063,0.008741251898788356,0.000642992372317147
2026-07-22,1668.53,7498.96,26300.0,197222648.0,-0.03650205628289264,-0.000984290765653965,-0.0187431735242733
2026-07-23,1699.38,7408.3,26305.0,194875331.5,0.01832047938904751,-0.011973254977269511,0.0031736122058889996
2026-07-24,1686.11,7411.98,26314.0,195038841.72,-0.00783937802791075,0.0008386985691458553,-0.003500339729382447
2026-07-27,1669.01,7413.18,26300.0,194966634.0,-0.010193464357050255,-0.0003702908052342351,-0.005281877581142245
2026-07-28,1680.62,7428.78,26313.0,195473488.14,0.006932136679400307,0.002596323461548005,0.0047642300704741555
2026-07-29,1704.68,7316.15,26330.0,192634229.5,0.014214636883418764,-0.014631552858634477,-0.00020845798760785617
2026-07-30,1744.66,7437.63,26321.0,195765859.23,0.023182284426955024,0.01612614253316614,0.019654213480060582
2026-07-31,1735.78,7489.72,26279.0,196822351.88,-0.00510281416639217,0.005382205427905283,0.0001396956307565568
2026-08-03,1762.84,7600.5,26291.0,199824745.5,0.015469264804513888,0.015139155102026375,0.015304209953270132
2026-08-04,1777.23,7736.52,26286.0,203362164.72,0.008129827521912903,0.017547742255528884,0.012838784888720894
2026-08-05,1776.46,7723.55,26259.0,202812699.45,-0.00043335238135581256,-0.002705561833815419,-0.0015694571075856158
2026-08-06,1764.78,7709.96,26249.0,202378740.04,-0.00659658331798077,-0.00214199775034203,-0.0043692905341614
2026-08-07,1768.06,7757.64,26234.0,203513927.76,0.001856863567236296,0.005593551053516104,0.0037252073103762
2026-08-10,1776.77,7753.11,26203.0,203154741.33,0.004914208877981673,-0.0017664824005546034,0.001573863238713535
2026-08-11,1773.41,7728.2,26150.0,202092430.0,-0.0018928623355546337,-0.0052427942177385055,-0.0035678282766465697
2026-08-12,1793.18,7748.5,26130.0,202468305.0,0.01108633315772764,0.001858188774319837,0.006472260966023739
2026-08-13,1765.63,7798.99,26049.0,203155890.51,-0.01548301278428892,0.0033902621007144023,-0.006046375341787259
2026-08-14,1729.08,7785.76,26070.0,202974763.2,-0.020918092056360218,-0.0008919657767971395,-0.010905028916578678
2026-08-17,1727.46,7745.06,26147.0,202510083.82,-0.0009373536071418866,-0.002291970152933399,-0.001614661880037643
2026-08-18,1732.02,7691.76,26200.0,201524112.0,0.002636235874120178,-0.0048806451899920476,-0.0011222046579359348
2026-08-19,1726.69,7707.98,26175.0,201756376.5,-0.003082076392195331,0.001151875839790651,-0.00096510027620234
2026-08-20,1734.24,7641.16,26179.0,200037927.64,0.004362996059813932,-0.00855392582957003,-0.002095464884878049
2026-08-21,1768.12,7674.37,26099.0,200293382.63,0.019347558130027854,0.0012762180629841359,0.010311888096505994
2026-08-24,1788.78,7652.86,26110.0,199816174.6,0.011616988021022831,-0.0023853879401576727,0.004615800040432579
2026-08-25,1791.41,7677.28,26172.0,200929772.16,0.0014691960332158058,0.005557637876767888,0.003513416954991847
2026-08-26,1821.32,7675.7,26109.0,200404851.3,0.016558493659797342,-0.0026158777670491967,0.006971307946374072
2026-08-27,1831.56,7730.99,26102.0,201794300.98,0.00560654980352749,0.006909289587579235,0.006257919695553362
2026-08-28,1832.12,7711.76,26076.0,201091853.76,0.0003057035572764539,-0.003487079034770926,-0.001590687738747236
2026-09-03,1827.72,7747.71,26070.0,201982799.7,-0.002404477856894281,0.00442075622139809,0.0010081391822519042
2026-09-04,1853.08,7718.6,26070.0,201223902.0,0.013779831170605316,-0.003764315389284263,0.005007757890660526
2026-09-08,1830.44,7673.52,26015.0,199626622.8,-0.012292744492462964,-0.007969492641989538,-0.01013111856722625
2026-09-09,1827.12,7636.36,25974.0,198346814.64,-0.0018154184274886283,-0.00643164820221188,-0.004123533314850254
2026-09-10,1829.23,7591.7,25904.0,196655396.8,0.0011541565956342459,-0.00856414535933636,-0.003704994381851057
2026-09-11,1795.21,7656.98,25921.0,198476578.58,-0.018773106538856357,0.009218158942418802,-0.0047774737982187775
2026-09-14,1788.23,7619.98,25920.0,197509881.6,-0.003895702915445851,-0.004882484618066195,-0.004389093766756023
2026-09-15,1811.15,7585.73,25984.0,197107608.32,0.012735698813345032,-0.0020388017744782942,0.005348448519433369
2026-09-16,1810.11,7551.81,25958.0,196029883.98,-0.0005743857268426616,-0.005482697838818853,-0.0030285417828307573
2026-09-17,1822.77,7637.76,25990.0,198505382.4,0.006969705164207033,0.012549098230898365,0.009759401697552699
2026-09-18,1815.66,7650.5,26009.0,198981854.5,-0.003908284095199409,0.002397422025076906,-0.0007554310350612514
2026-09-21,1799.67,7764.7,26019.0,202029729.3,-0.0088457232195959,0.015201224174592291,0.0031777504774981955
2026-09-22,1816.93,7764.64,26020.0,202035932.8,0.00954494886947307,3.07054054939985e-05,0.004787827137483534
2026-09-23,1801.65,7706.03,26013.0,200456958.39,-0.008445351944176841,-0.007846014400176949,-0.008145683172176895
2026-09-24,1775.09,7704.13,26007.0,200361308.91,-0.014851785819156551,-0.0004772710708020527,-0.007664528444979302
