date,vnindex_close,sp500_close_usd,usd_vnd,sp500_close_vnd
2016-09-26,677.04,2146.1,21940.0,47085434.0
2016-09-27,684.89,2159.93,22018.0,47557338.739999995
2016-09-28,686.72,2171.37,21956.0,47674599.72
2016-09-29,688.55,2151.13,21945.0,47206547.85
2016-09-30,686.0,2168.27,21797.0,47261781.19
2016-10-03,683.05,2161.2,22004.0,47555044.8
2016-10-04,684.2,2150.49,21888.0,47069925.12
2016-10-05,687.04,2159.73,21983.0,47477344.59
2016-10-06,687.32,2160.77,22026.0,47593120.02
2016-10-07,683.95,2153.74,21829.0,47013990.45999999
2016-10-10,674.19,2163.66,21994.0,47587538.04
2016-10-11,682.36,2136.73,22000.0,47008060.0
2016-10-12,682.45,2139.18,21954.0,46963557.72
2016-10-13,685.23,2132.55,21891.0,46683652.050000004
2016-10-14,687.0,2132.98,22025.0,46978884.5
2016-10-17,680.95,2126.5,21926.0,46625639.0
2016-10-18,682.02,2139.6,22006.0,47084037.6
2016-10-19,688.89,2144.29,21966.0,47101474.14
2016-10-20,686.39,2141.34,22038.0,47190850.92
2016-10-21,684.83,2141.16,21967.0,47034861.72
2016-10-24,678.02,2151.33,21986.0,47299141.379999995
2016-10-25,676.18,2143.16,21953.0,47048791.48
2016-10-26,673.61,2139.43,21995.0,47056762.849999994
2016-10-27,676.9,2133.04,22022.0,46973806.88
2016-10-28,682.25,2126.41,21820.0,46398266.199999996
2016-10-31,676.0,2126.15,21916.0,46596703.4
2016-11-01,676.6,2111.72,21899.0,46244556.279999994
2016-11-02,671.4,2097.94,21962.0,46074958.28
2016-11-03,667.63,2088.66,21900.0,45741654.0
2016-11-04,666.73,2085.18,21895.0,45655016.099999994
2016-11-07,674.14,2131.52,22008.0,46910492.16
2016-11-08,676.46,2139.56,22027.0,47128088.12
2016-11-09,670.26,2163.26,22316.0,48275310.160000004
2016-11-10,678.17,2167.48,21984.0,47649880.32
2016-11-11,679.2,2164.45,21997.0,47611406.65
2016-11-14,673.05,2164.2,22066.0,47755237.199999996
2016-11-15,674.26,2180.39,22067.0,48114666.129999995
2016-11-16,674.6,2176.94,22381.0,48722094.14
2016-11-17,674.57,2187.12,22272.0,48711536.64
2016-11-18,673.25,2181.9,22215.0,48470908.5
2016-11-21,674.29,2198.18,22191.0,48779812.379999995
2016-11-22,681.91,2202.94,22177.0,48854600.38
2016-11-23,683.16,2204.72,22415.0,49418798.8
2016-11-25,675.87,2213.35,22355.0,49479439.25
2016-11-28,665.29,2201.72,22311.0,49122574.919999994
2016-11-29,658.26,2204.66,22188.0,48916996.08
2016-11-30,665.0,2198.81,22291.0,49013673.71
2016-12-01,666.54,2191.08,22223.0,48692370.839999996
2016-12-02,665.14,2191.95,22283.0,48843221.849999994
2016-12-05,660.21,2204.71,22205.0,48955585.550000004
2016-12-06,651.49,2212.23,22389.0,49529617.47
2016-12-07,653.53,2241.35,22261.0,49894692.35
2016-12-08,658.89,2246.19,22627.0,50824541.13
2016-12-09,663.07,2259.53,22250.0,50274542.50000001
2016-12-12,659.7,2256.96,22187.0,50075171.52
2016-12-13,654.66,2271.72,22239.0,50520781.08
2016-12-14,665.14,2253.28,22587.0,50894835.36000001
2016-12-15,665.92,2262.03,22354.0,50565418.620000005
2016-12-16,675.16,2258.07,22745.0,51359802.150000006
2016-12-19,674.33,2262.53,22438.0,50766648.14000001
2016-12-20,662.66,2270.76,22350.0,50751486.00000001
2016-12-21,666.94,2265.18,22340.0,50604121.199999996
2016-12-22,664.15,2260.96,22402.0,50650025.92
2016-12-23,664.37,2263.79,22378.0,50659092.62
2016-12-27,663.86,2268.88,22364.0,50741232.32
2016-12-28,663.5,2249.92,22392.0,50380208.64
2016-12-29,664.72,2249.26,22318.0,50198984.68000001
2016-12-30,664.87,2238.83,22468.0,50302032.44
2017-01-03,672.01,2257.83,22338.0,50435406.54
2017-01-04,674.7,2270.75,22222.0,50460606.5
2017-01-05,675.81,2269.0,22062.0,50058678.0
2017-01-06,679.8,2276.98,22297.0,50769823.06
2017-01-09,682.57,2268.9,22077.0,50090505.300000004
2017-01-10,681.07,2268.9,22237.0,50453529.300000004
2017-01-11,687.16,2275.32,22059.0,50191283.88
2017-01-12,686.96,2270.44,22265.0,50551346.6
2017-01-13,685.06,2274.64,22202.0,50501557.279999994
2017-01-17,684.71,2267.89,22195.0,50335818.55
2017-01-18,683.28,2271.89,22309.0,50683594.01
2017-01-19,682.31,2263.69,22196.0,50244863.24
2017-01-20,686.26,2271.31,22084.0,50159610.04
2017-01-23,687.15,2265.2,22100.0,50060919.99999999
2017-01-24,691.36,2280.07,22229.0,50683676.03
2017-01-25,697.28,2298.37,22227.0,51085869.989999995
2017-02-02,703.18,2280.85,22640.0,51638444.0
2017-02-03,700.35,2297.42,22137.0,50857986.54
2017-02-06,700.04,2292.56,22196.0,50885661.76
2017-02-07,701.91,2293.08,22210.0,50929306.8
2017-02-08,702.04,2294.67,22183.0,50902664.61
2017-02-09,700.65,2307.87,22347.0,51573970.89
2017-02-10,703.78,2316.1,22266.0,51570282.6
2017-02-13,705.9,2328.25,22398.0,52148143.5
2017-02-14,706.26,2337.58,22478.0,52544123.24
2017-02-15,711.57,2349.25,22319.0,52432910.75
2017-02-16,709.35,2347.22,22305.0,52354742.099999994
2017-02-17,707.83,2351.16,22483.0,52861130.279999994
2017-02-21,716.55,2365.38,22469.0,53147723.22
2017-02-22,717.24,2362.82,22334.0,52771221.88
2017-02-23,716.87,2363.81,22830.0,53965782.3
2017-02-24,714.47,2367.34,22815.0,54010862.1
2017-02-27,717.44,2369.75,22777.0,53975795.75
2017-02-28,711.0,2363.64,22760.0,53796446.4
2017-03-01,709.52,2395.96,22391.0,53647940.36
2017-03-02,707.51,2381.92,22474.0,53531270.08
2017-03-03,712.62,2383.12,22840.0,54430460.8
2017-03-06,716.29,2375.31,22800.0,54157068.0
2017-03-07,716.54,2368.39,22448.0,53165618.72
2017-03-08,716.6,2362.98,22461.0,53074893.78
2017-03-09,715.8,2364.87,22390.0,52949439.3
2017-03-10,712.21,2372.6,22281.0,52863900.6
2017-03-13,710.17,2373.47,22458.0,53303389.26
2017-03-14,714.71,2365.45,22483.0,53182412.349999994
2017-03-15,713.14,2385.26,22224.0,53010018.24
2017-03-16,714.92,2381.38,22310.0,53128587.800000004
2017-03-17,710.54,2378.25,22404.0,53282313.0
2017-03-20,715.07,2373.47,22447.0,53277281.089999996
2017-03-21,716.18,2344.02,22419.0,52550584.38
2017-03-22,712.94,2348.45,22390.0,52581795.49999999
2017-03-23,719.56,2345.96,22429.0,52617536.84
2017-03-24,722.14,2343.98,22432.0,52580159.36
2017-03-27,723.52,2341.59,22408.0,52470348.720000006
2017-03-28,719.26,2358.57,22490.0,53044239.300000004
2017-03-29,720.47,2361.13,22447.0,53000285.11
2017-03-30,723.86,2368.06,22524.0,53338183.44
2017-03-31,722.0,2362.72,22435.0,53007623.199999996
2017-04-03,722.38,2358.84,22329.0,52670538.36000001
2017-04-04,724.14,2360.16,22249.0,52511199.839999996
2017-04-05,723.22,2352.95,22320.0,52517843.99999999
2017-04-07,727.95,2355.54,22655.0,53364758.699999996
2017-04-10,729.87,2357.16,22650.0,53389674.0
2017-04-11,731.33,2353.78,22653.0,53320178.34
2017-04-12,725.58,2344.93,22670.0,53159563.099999994
2017-04-13,724.35,2328.95,22645.0,52739072.74999999
2017-04-17,710.83,2349.01,22285.0,52347687.85
2017-04-18,714.93,2342.19,22232.0,52071568.08
2017-04-19,716.77,2338.17,22398.0,52370331.660000004
2017-04-20,712.66,2355.84,22439.0,52862693.760000005
2017-04-21,712.41,2348.69,22292.0,52356997.480000004
2017-04-24,709.39,2374.15,22332.0,53019517.800000004
2017-04-25,707.58,2388.61,22300.0,53266003.0
2017-04-26,710.04,2387.45,22350.0,53359507.49999999
2017-04-27,716.53,2388.77,22417.0,53549057.089999996
2017-04-28,717.73,2384.2,22465.0,53561052.99999999
2017-05-03,719.54,2388.13,22426.0,53556203.38
2017-05-04,722.02,2389.52,22280.0,53238505.6
2017-05-05,720.0,2399.29,22286.0,53470576.94
2017-05-08,718.86,2399.38,22422.0,53798898.36
2017-05-09,722.11,2396.92,22415.0,53726961.800000004
2017-05-10,724.31,2399.63,22375.0,53691721.25
2017-05-11,724.99,2394.44,22376.0,53577989.44
2017-05-12,725.37,2390.9,22210.0,53101889.0
2017-05-15,725.35,2402.32,22302.0,53576540.64
2017-05-16,725.03,2400.67,22240.0,53390900.800000004
2017-05-17,727.2,2357.03,22216.0,52363778.480000004
2017-05-18,726.99,2365.72,22404.0,53001590.879999995
2017-05-19,733.82,2381.73,22257.0,53010164.61
2017-05-22,744.1,2394.02,22325.0,53446496.5
2017-05-23,740.93,2398.42,22447.0,53837333.74
2017-05-24,742.74,2404.39,22269.0,53543360.91
2017-05-25,741.91,2415.07,22349.0,53974399.43000001
2017-05-26,743.41,2415.82,22451.0,54237574.82
2017-05-30,738.21,2412.91,22290.0,53783763.9
2017-05-31,738.0,2411.8,22304.0,53792787.2
2017-06-01,741.8,2430.06,22380.0,54384742.8
2017-06-02,738.81,2439.07,22227.0,54213208.89
2017-06-05,743.49,2436.1,22335.0,54410293.5
2017-06-06,751.31,2429.33,22311.0,54200781.629999995
2017-06-07,753.46,2433.14,22252.0,54142231.279999994
2017-06-08,750.13,2433.79,22396.0,54507160.839999996
2017-06-09,749.72,2431.77,22301.0,54230902.77
2017-06-12,751.09,2429.39,22361.0,54323589.79
2017-06-13,756.89,2440.35,22332.0,54497896.199999996
2017-06-14,760.77,2437.92,22352.0,54492387.84
2017-06-15,760.57,2432.46,22345.0,54353318.7
2017-06-16,761.24,2433.15,22339.0,54354137.85
2017-06-19,766.83,2453.46,22481.0,55156234.26
2017-06-20,767.99,2437.03,22406.0,54604094.18000001
2017-06-21,767.41,2435.61,22329.0,54384735.690000005
2017-06-22,766.3,2434.5,22395.0,54520627.5
2017-06-23,769.01,2438.3,22312.0,54403349.6
2017-06-26,772.52,2439.07,22369.0,54559556.830000006
2017-06-27,767.51,2419.38,22236.0,53797333.68
2017-06-28,769.04,2440.69,22355.0,54561624.95
2017-06-29,771.75,2419.7,22318.0,54002864.599999994
2017-06-30,776.0,2423.41,22338.0,54134132.58
2017-07-03,778.88,2429.01,22411.0,54436543.11000001
2017-07-05,778.32,2432.54,22331.0,54321050.74
2017-07-06,782.65,2409.75,22730.0,54773617.5
2017-07-07,775.73,2425.18,22744.0,55158293.919999994
2017-07-10,766.56,2427.43,22390.0,54350157.699999996
2017-07-11,769.36,2425.53,22246.0,53958340.38
2017-07-12,774.17,2443.25,22463.0,54882724.75
2017-07-13,778.3,2447.83,22357.0,54726135.309999995
2017-07-14,777.6,2459.27,22274.0,54777779.98
2017-07-17,768.91,2459.14,22344.0,54947024.16
2017-07-18,767.49,2460.61,22387.0,55085676.07
2017-07-19,771.3,2473.83,22400.0,55413792.0
2017-07-20,768.41,2473.45,22142.0,54767129.9
2017-07-21,761.86,2472.54,22356.0,55276104.24
2017-07-24,759.74,2469.91,22401.0,55328453.91
2017-07-25,767.27,2477.13,22397.0,55480280.61
2017-07-26,773.88,2477.83,22194.0,54992959.019999996
2017-07-27,771.5,2475.42,22440.0,55548424.800000004
2017-07-28,777.0,2472.1,22307.0,55145134.699999996
2017-07-31,784.0,2470.3,22181.0,54793724.300000004
2017-08-01,786.81,2476.35,22400.0,55470240.0
2017-08-02,786.23,2477.57,22346.0,55363779.220000006
2017-08-03,788.49,2472.16,22330.0,55203332.8
2017-08-04,788.68,2476.83,22582.0,55931775.059999995
2017-08-07,792.98,2480.91,22399.0,55569903.089999996
2017-08-08,791.57,2474.92,22517.0,55727773.64
2017-08-09,773.66,2474.02,22345.0,55281976.9
2017-08-10,773.43,2438.21,22302.0,54376959.42
2017-08-11,772.08,2441.32,22271.0,54370637.720000006
2017-08-14,776.17,2465.84,22423.0,55291530.32
2017-08-15,771.06,2464.61,22411.0,55234374.71
2017-08-16,773.57,2468.11,22252.0,54920383.720000006
2017-08-17,767.59,2430.01,22336.0,54276703.36000001
2017-08-18,768.97,2425.55,22366.0,54249851.300000004
2017-08-21,768.79,2428.37,22284.0,54113797.08
2017-08-22,761.26,2452.51,22371.0,54865101.21000001
2017-08-23,765.98,2444.04,22342.0,54604741.68
2017-08-24,769.77,2438.97,22386.0,54598782.419999994
2017-08-25,771.63,2443.05,22196.0,54225937.800000004
2017-08-28,777.26,2444.24,22323.0,54562769.519999996
2017-08-29,774.03,2446.3,22528.0,55110246.400000006
2017-08-30,778.65,2457.59,22502.0,55300690.18
2017-08-31,783.0,2471.65,22290.0,55093078.5
2017-09-01,788.73,2476.55,22495.0,55709992.25000001
2017-09-05,792.31,2457.85,22366.0,54972273.1
2017-09-06,793.55,2465.54,22406.0,55242889.24
2017-09-07,796.72,2465.1,22326.0,55035822.6
2017-09-08,801.2,2461.43,22458.0,55278794.94
2017-09-11,797.47,2488.11,22500.0,55982475.0
2017-09-12,799.94,2496.48,22343.0,55778852.64
2017-09-13,802.78,2498.37,22575.0,56400702.75
2017-09-14,806.32,2495.62,22362.0,55807054.44
2017-09-15,805.82,2500.23,22398.0,56000151.54
2017-09-18,807.87,2503.87,22398.0,56081680.26
2017-09-19,805.93,2506.65,22386.0,56113866.9
2017-09-20,805.86,2508.24,22612.0,56716322.879999995
2017-09-21,803.93,2500.6,22329.0,55835897.4
2017-09-22,807.13,2502.22,22433.0,56132301.26
2017-09-25,805.58,2496.66,22452.0,56055010.32
2017-09-26,805.35,2496.84,22389.0,55901750.760000005
2017-09-27,803.77,2507.04,22398.0,56152681.92
2017-09-28,804.82,2510.06,22378.0,56170122.68
2017-09-29,804.42,2519.36,22523.0,56743545.28
2017-10-02,802.23,2529.12,22413.0,56685166.559999995
2017-10-03,798.0,2534.58,22421.0,56827818.18
2017-10-04,805.66,2537.74,22421.0,56898668.53999999
2017-10-05,805.23,2552.07,22451.0,57296523.57
2017-10-06,807.8,2549.33,22343.0,56959680.19
2017-10-09,808.96,2544.73,22395.0,56989228.35
2017-10-10,810.65,2550.64,22331.0,56958341.839999996
2017-10-11,813.95,2555.24,22311.0,57009959.63999999
2017-10-12,815.87,2550.93,22426.0,57207156.18
2017-10-13,820.95,2553.17,22392.0,57170582.64
2017-10-16,819.43,2557.64,22385.0,57252771.4
2017-10-17,828.29,2559.36,22365.0,57240086.400000006
2017-10-18,827.72,2561.26,22303.0,57123781.78
2017-10-19,828.93,2562.1,22340.0,57237314.0
2017-10-20,826.84,2575.21,22422.0,57741358.62
2017-10-23,820.04,2564.98,22372.0,57383732.56
2017-10-24,825.24,2569.13,22372.0,57476576.36
2017-10-25,830.69,2557.15,22314.0,57060245.1
2017-10-26,830.11,2560.4,22688.0,58090355.2
2017-10-27,840.37,2581.07,22407.0,57834035.49
2017-10-30,845.2,2572.83,22350.0,57502750.5
2017-10-31,837.0,2575.26,22351.0,57559636.260000005
2017-11-01,842.71,2579.36,22409.0,57800878.24
2017-11-02,833.09,2579.85,22358.0,57680286.3
2017-11-03,843.73,2587.84,22447.0,58089244.480000004
2017-11-06,849.09,2591.13,22330.0,57859932.900000006
2017-11-07,850.33,2590.64,22331.0,57851581.839999996
2017-11-08,859.7,2594.38,22372.0,58041469.36
2017-11-09,860.4,2584.62,22367.0,57810195.54
2017-11-10,868.21,2582.3,22321.0,57639518.300000004
2017-11-13,879.34,2584.84,22340.0,57745325.6
2017-11-14,880.9,2578.87,22229.0,57325701.23
2017-11-15,882.59,2564.62,22509.0,57727031.58
2017-11-16,892.8,2585.64,22358.0,57809739.12
2017-11-17,890.69,2578.85,22378.0,57709505.3
2017-11-20,903.55,2582.14,22452.0,57974207.279999994
2017-11-21,918.3,2599.03,22350.0,58088320.50000001
2017-11-22,932.66,2597.08,22245.0,57772044.6
2017-11-24,935.57,2602.42,22248.0,57898640.160000004
2017-11-27,938.61,2601.42,22454.0,58412284.68
2017-11-28,941.21,2627.04,22455.0,58990183.199999996
2017-11-29,952.14,2626.07,22367.0,58737307.690000005
2017-11-30,950.0,2647.58,22275.0,58974844.5
2017-12-01,960.33,2642.22,22382.0,59138168.04
2017-12-04,970.02,2639.44,22361.0,59020517.84
2017-12-05,953.3,2629.57,22454.0,59044364.78
2017-12-06,947.64,2629.27,22393.0,58877243.11
2017-12-07,938.65,2636.98,22395.0,59055167.1
2017-12-08,940.16,2651.5,22301.0,59131101.5
2017-12-11,917.45,2659.99,22407.0,59602395.92999999
2017-12-12,927.25,2664.11,22441.0,59785292.510000005
2017-12-13,924.4,2662.85,22208.0,59136572.8
2017-12-14,935.85,2652.01,22476.0,59606576.760000005
2017-12-15,935.16,2675.81,22473.0,60133478.129999995
2017-12-18,958.06,2690.16,22395.0,60246133.199999996
2017-12-19,951.42,2681.47,22319.0,59847728.92999999
2017-12-20,953.51,2679.25,22306.0,59763350.5
2017-12-21,946.06,2684.57,22370.0,60053830.900000006
2017-12-22,952.32,2683.34,22355.0,59986065.7
2017-12-26,965.93,2680.5,22363.0,59944021.5
2017-12-27,968.46,2682.62,22366.0,59999478.919999994
2017-12-28,976.72,2687.54,22370.0,60120269.8
2017-12-29,984.24,2673.61,22343.0,59736468.230000004
2018-01-02,995.77,2695.81,22384.0,60343011.04
2018-01-03,1005.67,2713.06,22378.0,60712856.68
2018-01-04,1019.75,2723.99,22365.0,60922036.349999994
2018-01-05,1012.65,2743.15,22419.0,61498679.85
2018-01-08,1022.9,2747.71,22410.0,61576181.1
2018-01-09,1033.56,2751.29,22358.0,61513341.82
2018-01-10,1038.11,2748.23,22482.0,61785706.86
2018-01-11,1048.17,2767.56,22202.0,61445367.12
2018-01-12,1050.11,2786.24,22236.0,61954832.63999999
2018-01-16,1062.96,2776.42,22299.0,61911389.58
2018-01-17,1034.69,2802.56,22424.0,62844605.44
2018-01-18,1050.25,2798.03,22385.0,62633901.550000004
2018-01-19,1062.07,2810.3,22475.0,63161492.50000001
2018-01-22,1086.51,2832.97,22675.0,64237594.74999999
2018-01-25,1104.57,2839.25,22678.400390625,64389648.30908203
2018-01-26,1115.64,2872.87,22676.0,65145200.12
2018-01-29,1109.8,2853.53,22666.0,64678110.980000004
2018-01-30,1110.56,2822.43,22676.099609375,64001703.820488274
2018-01-31,1110.36,2823.81,22661.80078125,63992619.66410156
2018-02-01,1099.67,2821.98,22674.80078125,63987834.30867188
2018-02-02,1105.04,2762.13,22675.80078125,62633509.61191407
2018-02-05,1048.71,2648.94,22674.5,60063390.03
2018-02-06,1011.6,2695.14,22675.5,61113647.07
2018-02-07,1040.55,2681.66,22665.099609375,60780091.01847656
2018-02-08,1023.25,2581.0,22660.0,58485460.0
2018-02-09,1003.94,2619.55,22667.400390625,59378388.69326172
2018-02-12,1041.79,2656.0,22671.30078125,60214974.875
2018-02-13,1059.73,2662.94,22678.0,60390153.32
2018-02-21,1087.15,2701.33,22682.599609375,61273186.80279297
2018-02-22,1076.03,2703.96,22687.599609375,61346361.83976562
2018-02-23,1102.85,2747.3,22705.5,62378820.150000006
2018-02-26,1114.53,2779.6,22711.5,63128885.4
2018-02-27,1119.61,2744.28,22709.30078125,62320679.94796875
2018-02-28,1124.87,2713.83,22718.80078125,61654963.12417968
2018-03-01,1115.79,2677.67,22722.5,60843356.575
2018-03-02,1121.21,2691.25,22715.0,61131743.75
2018-03-05,1093.48,2720.94,22725.0,61833361.5
2018-03-06,1120.29,2728.12,22730.0,62010167.599999994
2018-03-07,1112.26,2726.8,22735.0,61993798.00000001
2018-03-08,1124.15,2738.97,22722.5,62236245.824999996
2018-03-09,1123.41,2786.57,22725.0,63324803.25
2018-03-12,1126.29,2783.02,22723.5,63239954.97
2018-03-13,1133.31,2765.31,22727.5,62848583.025
2018-03-14,1138.09,2749.48,22731.5,62499804.62
2018-03-15,1138.76,2747.33,22735.0,62460547.55
2018-03-16,1150.19,2752.01,22744.400390625,62592817.31900391
2018-03-19,1159.22,2712.92,22713.30078125,61619367.95546875
2018-03-20,1159.39,2716.94,22739.5,61781857.13
2018-03-21,1169.36,2711.93,22734.80078125,61655188.28269531
2018-03-22,1172.36,2643.69,22738.0,60112223.22
2018-03-23,1153.59,2588.26,22770.0,58934680.2
2018-03-26,1171.22,2658.55,22757.0,60500622.35
2018-03-27,1171.73,2612.62,22780.5,59516789.91
2018-03-28,1172.24,2605.0,22784.0,59352320.0
2018-03-29,1167.03,2640.87,22777.900390625,60153473.80458984
2018-04-02,1196.61,2581.88,22505.0,58105209.400000006
2018-04-03,1188.29,2614.45,22775.0,59544098.74999999
2018-04-04,1191.54,2644.69,22775.0,60232814.75
2018-04-05,1193.17,2662.84,22780.5,60660826.620000005
2018-04-06,1199.96,2604.47,22778.0,59324617.66
2018-04-09,1204.33,2613.16,22767.5,59495120.3
2018-04-10,1198.12,2656.87,22374.0,59444809.379999995
2018-04-11,1167.11,2642.19,22757.5,60129638.925000004
2018-04-12,1173.02,2663.99,22755.5,60620424.44499999
2018-04-13,1157.14,2656.3,22753.5,60440122.050000004
2018-04-16,1148.49,2677.84,22751.5,60924876.760000005
2018-04-17,1153.28,2706.39,22742.5,61550074.574999996
2018-04-18,1138.53,2708.64,22737.5,61587702.0
2018-04-19,1094.63,2693.13,22739.0,61239083.07
2018-04-20,1119.86,2670.14,22744.0,60729664.16
2018-04-23,1076.78,2670.29,22428.0,59889264.12
2018-04-24,1080.74,2634.56,22736.0,59899356.16
2018-04-26,1044.86,2666.94,22734.0,60630213.96
2018-04-27,1050.26,2669.91,22732.0,60692394.12
2018-05-02,1029.08,2635.67,22494.0,59286760.980000004
2018-05-03,1026.46,2629.73,22726.0,59763243.98
2018-05-04,1026.8,2663.42,22727.5,60532878.050000004
2018-05-07,1062.26,2672.63,22416.0,59909674.080000006
2018-05-08,1060.45,2671.92,22733.5,60742093.32
2018-05-09,1056.97,2697.79,22737.5,61341000.125
2018-05-10,1028.87,2723.07,22742.0,61928057.940000005
2018-05-11,1044.85,2727.72,22458.0,61259135.76
2018-05-14,1066.98,2730.13,22398.0,61149451.74
2018-05-15,1073.5,2711.45,22732.5,61638037.12499999
2018-05-16,1054.62,2722.46,22735.5,61896489.33
2018-05-17,1030.64,2720.13,22737.5,61848955.875
2018-05-18,1040.54,2712.97,22740.0,61692937.8
2018-05-21,1014.98,2733.01,22428.0,61295948.28
2018-05-22,985.91,2724.44,22736.5,61944230.06
2018-05-23,988.94,2733.29,22734.5,62139981.505
2018-05-24,985.92,2727.76,22739.0,62026534.64000001
2018-05-25,963.9,2721.33,22743.0,61891208.19
2018-05-29,952.18,2689.86,22779.5,61273665.870000005
2018-05-30,948.5,2724.01,22802.5,62114238.025000006
2018-05-31,971.0,2705.27,22820.0,61734261.4
2018-06-01,992.87,2734.62,22771.0,62270032.019999996
2018-06-04,1013.78,2746.87,22533.0,61895221.71
2018-06-05,1022.74,2748.8,22532.0,61935961.6
2018-06-06,1034.5,2772.35,22794.5,63194332.074999996
2018-06-07,1036.69,2770.37,22773.5,63091021.195
2018-06-08,1039.01,2779.03,22767.0,63270176.010000005
2018-06-11,1039.02,2782.0,22366.0,62222212.0
2018-06-12,1020.76,2786.85,22780.5,63485836.425
2018-06-13,1030.53,2775.63,22778.5,63224687.955000006
2018-06-14,1015.72,2782.49,22777.5,63378165.974999994
2018-06-15,1016.51,2779.66,22778.0,63315095.48
2018-06-18,987.34,2773.75,22781.0,63188798.75
2018-06-19,962.16,2762.59,22801.0,62989814.59
2018-06-20,980.95,2767.32,22818.5,63146091.42
2018-06-21,969.4,2749.76,22832.5,62783895.2
2018-06-22,983.17,2754.88,22842.0,62926968.96
2018-06-25,990.52,2717.07,22840.0,62057878.800000004
2018-06-26,983.02,2723.06,22865.0,62262766.9
2018-06-27,968.91,2699.63,22886.0,61783732.18
2018-06-28,957.35,2716.31,22901.5,62207573.464999996
2018-06-29,960.78,2718.37,22906.0,62266983.22
2018-07-02,947.15,2726.71,22923.5,62505736.685
2018-07-03,906.01,2713.22,22919.5,62185645.79
2018-07-05,899.4,2736.61,23004.0,62952976.440000005
2018-07-06,917.51,2759.82,23006.5,63493798.830000006
2018-07-09,915.12,2784.17,22602.400390625,62928925.09556641
2018-07-10,911.12,2793.84,23005.0,64272289.2
2018-07-11,893.16,2774.02,23004.5,63814943.089999996
2018-07-12,898.51,2798.29,23009.0,64385854.61
2018-07-13,909.72,2801.31,23013.0,64466547.03
2018-07-16,911.11,2798.43,23010.0,64391874.3
2018-07-17,921.27,2809.55,23012.400390625,64654489.51748047
2018-07-18,942.39,2815.62,23006.80078125,64778408.415703125
2018-07-19,943.97,2804.49,23016.19921875,64548700.54699218
2018-07-20,933.39,2801.83,23017.0,64489721.11
2018-07-23,936.74,2806.98,22555.69921875,63313396.593046874
2018-07-24,934.08,2820.4,23018.0,64919967.2
2018-07-25,927.58,2846.07,23216.0,66074361.120000005
2018-07-26,930.16,2837.44,23182.5,65778952.800000004
2018-07-27,935.52,2818.82,23145.0,65241588.900000006
2018-07-30,949.73,2802.6,23197.5,65013313.5
2018-07-31,956.0,2816.29,23222.5,65401294.525
2018-08-01,952.77,2813.36,23248.0,65404993.28
2018-08-02,953.55,2827.22,23256.5,65751241.92999999
2018-08-03,959.6,2840.35,23247.5,66031036.625
2018-08-06,960.23,2850.4,23271.0,66331658.4
2018-08-07,956.79,2858.45,23272.5,66523277.62499999
2018-08-08,966.27,2857.7,23268.0,66492963.599999994
2018-08-09,963.5,2853.58,23249.0,66342881.42
2018-08-10,968.47,2833.28,23242.5,65852510.400000006
2018-08-13,978.04,2821.93,23242.0,65587297.059999995
2018-08-14,978.27,2839.96,23280.0,66114268.800000004
2018-08-15,961.37,2818.37,23280.0,65611653.599999994
2018-08-16,964.28,2840.69,23277.5,66124161.475
2018-08-17,968.88,2850.13,23278.0,66345326.14
2018-08-20,969.62,2857.05,23259.0,66452125.95
2018-08-21,979.21,2862.96,23238.0,66529464.480000004
2018-08-22,982.15,2861.82,23234.0,66491525.88
2018-08-23,987.36,2856.98,23240.0,66396215.2
2018-08-24,987.05,2874.69,23247.0,66827918.43
2018-08-27,991.92,2896.74,22872.400390625,66255397.10753906
2018-08-28,995.19,2897.52,23259.0,67393417.67999999
2018-08-29,988.17,2914.04,23261.5,67784941.46
2018-08-30,998.07,2901.13,23266.0,67497690.58
2018-08-31,990.0,2901.52,23268.0,67512567.36
2018-09-04,975.94,2896.72,23271.0,67409571.11999999
2018-09-05,968.44,2888.6,23289.900390625,67275206.26835938
2018-09-06,958.19,2878.05,23279.0,66998125.95
2018-09-07,968.9,2871.68,23279.5,66851274.559999995
2018-09-10,970.34,2877.13,23291.5,67012673.395
2018-09-11,985.06,2887.89,23267.5,67193980.575
2018-09-12,987.01,2888.92,23249.19921875,67165076.60703126
2018-09-13,987.95,2904.18,23245.400390625,67508826.90644531
2018-09-14,991.34,2904.98,23242.0,67517545.16
2018-09-17,987.61,2888.8,23213.5,67059158.800000004
2018-09-18,993.49,2904.31,23256.5,67544085.515
2018-09-19,995.54,2907.95,23246.5,67599659.675
2018-09-20,1004.74,2930.75,23272.5,68205879.375
2018-09-21,1002.97,2929.67,23287.5,68224690.125
2018-09-24,1011.29,2919.37,22978.900390625,67083912.433378905
2018-09-25,1010.74,2915.56,23024.69921875,67129892.05421875
2018-09-26,1009.61,2905.97,23310.5,67739613.685
2018-09-27,1015.37,2914.0,23313.5,67935539.0
2018-09-28,1017.13,2913.98,23312.5,67932158.75
2018-10-01,1012.88,2924.59,23292.5,68121012.575
2018-10-02,1018.79,2923.43,23296.0,68104225.28
2018-10-03,1020.4,2925.51,23292.5,68142441.67500001
2018-10-04,1023.62,2901.61,23307.5,67629275.075
2018-10-05,1008.39,2885.57,23311.5,67266965.055
2018-10-08,996.12,2884.43,22910.400390625,66083446.19873046
2018-10-09,996.19,2880.34,23317.5,67162327.95
2018-10-10,993.96,2785.68,23321.5,64966236.12
2018-10-11,945.89,2728.37,23316.0,63614674.919999994
2018-10-12,970.08,2767.13,23311.0,64504567.43
2018-10-15,951.64,2750.79,23310.5,64122290.295
2018-10-16,963.37,2809.92,23297.5,65464111.2
2018-10-17,971.6,2809.21,23304.0,65465829.84
2018-10-18,963.47,2768.78,23310.0,64540261.800000004
2018-10-19,958.36,2767.78,23312.5,64523871.25000001
2018-10-22,953.51,2755.88,23311.80078125,64244525.537031256
2018-10-23,939.68,2740.69,23313.5,63895076.315
2018-10-24,922.73,2656.1,23313.5,61922987.35
2018-10-25,910.17,2705.57,23321.599609375,63098220.25513672
2018-10-26,900.82,2658.69,23320.0,62000650.800000004
2018-10-29,888.82,2641.25,22898.599609375,60480926.21826172
2018-10-30,888.69,2682.63,23310.5,62533446.615
2018-10-31,915.0,2711.74,23310.0,63210659.4
2018-11-01,907.96,2740.37,23311.099609375,63881038.03654297
2018-11-02,924.86,2723.06,23308.400390625,63470172.76769531
2018-11-05,925.53,2738.31,23307.0,63821791.17
2018-11-06,922.05,2755.45,23300.0,64201984.99999999
2018-11-07,922.16,2813.89,23291.0,65538311.989999995
2018-11-08,926.28,2806.83,23295.0,65385104.85
2018-11-09,914.29,2781.01,23289.19921875,64767495.91933594
2018-11-12,918.12,2726.22,23260.0,63411877.199999996
2018-11-13,907.99,2722.18,23267.5,63338323.15
2018-11-14,900.93,2701.58,23280.0,62892782.4
2018-11-15,897.15,2730.2,23278.599609375,63555232.65351562
2018-11-16,898.19,2736.27,23274.0,63683947.98
2018-11-19,916.06,2690.73,22771.30078125,61271422.151132815
2018-11-20,919.02,2641.89,23276.5,61493952.58499999
2018-11-21,922.56,2649.93,23302.0,61748668.86
2018-11-23,917.97,2632.56,23318.0,61386034.08
2018-11-26,921.03,2673.45,23021.400390625,61546562.8743164
2018-11-27,923.12,2682.17,23306.0,62510654.02
2018-11-28,930.2,2743.79,23312.5,63964604.375
2018-11-29,926.79,2737.76,23301.0,63792545.760000005
2018-11-30,927.0,2760.17,23292.5,64291259.725
2018-12-03,951.59,2790.37,23074.900390625,64387509.802988276
2018-12-04,958.84,2700.06,23267.5,62823646.05
2018-12-06,954.82,2695.95,23270.0,62734756.49999999
2018-12-07,958.59,2633.08,23297.5,61344181.3
2018-12-10,955.89,2637.72,23277.5,61399527.3
2018-12-11,954.58,2636.78,23271.0,61360507.38
2018-12-12,961.28,2651.07,23270.0,61690398.900000006
2018-12-13,960.25,2650.54,23268.099609375,61673028.73863281
2018-12-14,952.04,2599.95,23255.0,60461837.24999999
2018-12-17,933.65,2545.94,23253.0,59200742.82
2018-12-18,927.25,2546.16,23284.0,59284789.44
2018-12-19,919.24,2506.96,23285.5,58375817.08
2018-12-20,918.24,2467.42,23278.5,57437836.47
2018-12-21,912.26,2416.62,23267.5,56228705.849999994
2018-12-24,908.56,2351.1,23248.5,54659548.35
2018-12-26,891.75,2467.7,23243.5,57357984.949999996
2018-12-27,900.81,2488.83,23243.0,57847875.69
2018-12-28,892.54,2485.74,23187.5,57638096.24999999
2019-01-02,891.75,2510.03,23194.0,58217635.82000001
2019-01-03,878.22,2447.89,23194.0,56776360.66
2019-01-04,880.9,2531.94,23194.0,58725816.36
2019-01-07,889.64,2549.69,23194.0,59137509.86
2019-01-08,887.44,2574.41,23194.0,59710865.54
2019-01-09,896.99,2584.96,23194.0,59955562.24
2019-01-10,898.3,2596.64,23194.0,60226468.16
2019-01-11,902.71,2596.26,23194.0,60217654.440000005
2019-01-14,901.8,2582.61,23194.0,59901056.34
2019-01-15,909.68,2610.3,23194.0,60543298.2
2019-01-16,908.7,2616.1,23194.0,60677823.4
2019-01-17,901.89,2635.96,23194.0,61138456.24
2019-01-18,902.3,2670.71,23194.0,61944447.74
2019-01-22,906.55,2632.9,23194.0,61067482.6
2019-01-23,908.02,2638.7,23194.0,61202007.8
2019-01-24,908.79,2642.33,23194.0,61286202.019999996
2019-01-25,908.88,2664.76,23194.0,61806443.440000005
2019-01-28,912.18,2643.85,22733.19921875,60103168.754492186
2019-01-29,915.93,2640.0,23194.0,61232160.0
2019-01-30,915.84,2681.05,23194.0,62184273.7
2019-01-31,910.65,2704.1,23194.0,62718895.4
2019-02-01,908.67,2706.53,23203.0,62799615.59
2019-02-11,926.1,2709.8,22862.69921875,61953342.342968754
2019-02-12,937.54,2744.73,23203.0,63685970.19
2019-02-13,945.25,2753.03,23203.0,63878555.09
2019-02-14,952.34,2745.73,23203.0,63709173.19
2019-02-15,950.89,2775.6,23203.0,64402246.8
2019-02-19,964.35,2779.76,23203.0,64498771.28000001
2019-02-20,970.58,2784.7,23203.0,64613394.099999994
2019-02-21,987.57,2774.88,23203.0,64385540.64
2019-02-22,988.91,2792.67,23203.0,64798322.010000005
2019-02-25,994.43,2796.11,22851.5,63895307.66500001
2019-02-26,987.06,2793.9,23203.0,64826861.7
2019-02-27,990.27,2792.38,23203.0,64791593.14
2019-02-28,965.47,2784.49,23198.0,64594599.019999996
2019-03-01,979.63,2803.69,23198.0,65040000.620000005
2019-03-04,993.99,2792.81,23198.0,64787606.379999995
2019-03-05,992.45,2789.65,23198.0,64714300.7
2019-03-06,994.49,2771.45,23198.0,64292097.099999994
2019-03-07,994.03,2748.93,23198.0,63769678.13999999
2019-03-08,985.25,2743.07,23198.0,63633737.86000001
2019-03-11,984.6,2783.3,22793.69921875,63441703.03554688
2019-03-12,1001.32,2791.52,23198.0,64757680.96
2019-03-13,1005.41,2810.92,23198.0,65207722.160000004
2019-03-14,1009.56,2808.48,23198.0,65151119.04
2019-03-15,1004.12,2822.48,23198.0,65475891.04
2019-03-18,1011.86,2832.94,23198.0,65718542.120000005
2019-03-19,1006.59,2832.57,23198.0,65709958.86000001
2019-03-20,1002.3,2824.23,23198.0,65516487.54
2019-03-21,981.78,2854.88,23198.0,66227506.24
2019-03-22,988.71,2800.71,23198.0,64970870.58
2019-03-25,970.07,2798.36,22803.80078125,63813243.95421875
2019-03-26,969.79,2818.46,23198.0,65382635.08
2019-03-27,975.91,2805.37,23198.0,65078973.26
2019-03-28,982.98,2815.44,23198.0,65312577.120000005
2019-03-29,980.76,2834.4,23198.0,65752411.2
2019-04-01,988.53,2867.19,23198.0,66513073.620000005
2019-04-02,985.81,2867.24,23198.0,66514233.519999996
2019-04-03,984.46,2873.4,23198.0,66657133.2
2019-04-04,986.91,2879.39,23198.0,66796089.22
2019-04-05,989.26,2892.74,23198.0,67105782.519999996
2019-04-08,997.56,2895.77,23198.0,67176072.46
2019-04-09,988.48,2878.2,23198.0,66768483.599999994
2019-04-10,981.91,2888.21,23198.0,67000695.58
2019-04-11,985.95,2888.32,23198.0,67003247.36000001
2019-04-12,982.9,2907.41,23198.0,67446097.17999999
2019-04-16,977.17,2907.06,23164.5,67340591.37
2019-04-17,972.1,2900.45,23167.5,67196175.375
2019-04-18,962.3,2905.03,23163.5,67290662.405
2019-04-22,965.86,2907.97,23177.5,67399474.675
2019-04-23,968.0,2933.68,22868.400390625,67088568.85796875
2019-04-24,976.92,2927.25,23182.5,67860973.125
2019-04-25,974.13,2926.17,23182.80078125,67836816.16207032
2019-04-26,979.64,2939.88,23185.0,68161117.8
2019-05-02,978.5,2917.52,23243.80078125,67814253.6553125
2019-05-03,974.14,2945.64,23235.0,68441945.39999999
2019-05-06,957.97,2932.47,23217.5,68084622.225
2019-05-07,957.56,2884.05,23246.5,67044068.325
2019-05-08,951.22,2879.42,23260.0,66975309.2
2019-05-09,947.01,2870.72,23332.5,66981074.4
2019-05-10,952.55,2881.4,23365.0,67323911.0
2019-05-13,958.54,2811.87,23312.5,65551719.375
2019-05-14,965.34,2834.41,23294.0,66024746.54
2019-05-15,975.64,2850.96,23345.0,66555661.2
2019-05-16,975.69,2876.32,23290.0,66989492.800000004
2019-05-17,976.48,2859.53,23272.69921875,66548981.596992195
2019-05-20,987.13,2840.23,23357.5,66340672.225
2019-05-21,986.29,2864.36,23372.5,66947254.1
2019-05-23,982.71,2822.24,23048.599609375,65048679.7615625
2019-05-24,970.03,2826.06,23354.0,65999805.24
2019-05-28,972.0,2802.39,23355.0,65449818.449999996
2019-05-29,971.54,2783.02,23087.19921875,64252137.16976562
2019-05-30,969.34,2788.86,23367.5,65168686.050000004
2019-05-31,959.88,2752.06,23382.69921875,64350591.211953126
2019-06-03,946.47,2744.45,22945.900390625,62973876.327050775
2019-06-04,951.16,2803.27,23359.5,65482985.565
2019-06-05,951.41,2826.15,23362.5,66025929.375
2019-06-06,948.21,2843.49,23375.0,66466578.74999999
2019-06-07,958.28,2873.34,23368.0,67144209.12
2019-06-10,962.9,2886.73,23362.0,67439786.26
2019-06-11,962.07,2885.72,23330.0,67323847.6
2019-06-12,954.17,2879.84,23330.0,67186667.2
2019-06-13,950.08,2891.64,23285.5,67333283.22
2019-06-14,953.61,2886.98,23285.0,67223329.3
2019-06-17,946.95,2889.67,23034.5,66562103.615
2019-06-18,944.01,2917.75,23315.0,68027341.25
2019-06-19,949.69,2926.46,23301.0,68189444.46
2019-06-20,959.18,2954.18,23300.0,68832394.0
2019-06-21,959.2,2950.46,23265.0,68642451.9
2019-06-24,962.85,2945.35,22876.5,67379299.27499999
2019-06-25,960.13,2917.38,23262.5,67865552.25
2019-06-26,959.13,2913.78,23272.599609375,67811235.2898047
2019-06-27,943.11,2924.92,23270.0,68062888.4
2019-06-28,949.94,2941.76,23280.0,68484172.80000001
2019-07-01,965.61,2964.33,23275.0,68994780.75
2019-07-02,961.98,2973.01,22997.599609375,68372093.61466797
2019-07-03,960.39,2995.82,22901.30078125,68608174.90648438
2019-07-05,975.34,2990.41,23215.0,69422368.14999999
2019-07-08,966.35,2975.95,23202.5,69049479.875
2019-07-09,969.05,2979.63,23202.5,69134865.075
2019-07-10,973.65,2993.07,23202.5,69446706.675
2019-07-11,978.63,2999.91,23202.5,69605411.77499999
2019-07-12,975.4,3013.77,23202.5,69926998.425
2019-07-15,972.53,3014.3,23202.5,69939295.75
2019-07-16,982.11,3004.04,23166.5,69593092.66
2019-07-17,982.57,2984.42,23166.0,69137073.72
2019-07-18,976.05,2995.11,23167.5,69389210.925
2019-07-19,982.34,2976.61,23179.80078125,68997226.80347657
2019-07-22,982.04,2985.03,22901.099609375,68360469.36697266
2019-07-23,989.46,3005.47,23192.5,69704362.975
2019-07-24,988.41,3019.56,23175.0,69978303.0
2019-07-25,994.95,3003.67,23175.0,69610052.25
2019-07-26,993.35,3025.86,23175.099609375,70124606.90402344
2019-07-29,997.94,3020.97,23176.5,70015511.205
2019-07-30,986.02,3013.18,23207.0,69926868.25999999
2019-07-31,991.66,2980.38,23207.0,69165678.66
2019-08-01,997.39,2953.56,23207.0,68543266.92
2019-08-02,991.1,2932.05,23207.0,68044084.35000001
2019-08-05,973.15,2844.74,23207.0,66017881.17999999
2019-08-06,964.61,2881.77,23207.0,66877236.39
2019-08-07,965.93,2883.98,23207.0,66928523.86
2019-08-08,975.24,2938.09,23207.0,68184254.63000001
2019-08-09,974.34,2918.65,23207.0,67733110.55
2019-08-12,975.31,2883.75,23207.0,66923186.25
2019-08-13,966.83,2926.32,23207.0,67911108.24000001
2019-08-14,968.91,2840.6,23207.0,65921804.199999996
2019-08-15,979.38,2847.6,23207.0,66084253.199999996
2019-08-16,980.0,2888.68,23207.0,67037596.76
2019-08-19,981.03,2923.65,23207.0,67849145.55
2019-08-20,984.67,2900.51,23207.0,67312135.57000001
2019-08-21,994.38,2924.43,23207.0,67867247.00999999
2019-08-22,997.26,2922.95,23207.0,67832900.64999999
2019-08-23,992.45,2847.11,23207.0,66072881.77
2019-08-26,982.88,2878.38,22459.900390625,64648128.08636719
2019-08-27,976.79,2869.16,23207.0,66584596.12
2019-08-28,977.26,2887.94,23207.0,67020423.58
2019-08-29,978.59,2924.58,23207.0,67870728.06
2019-08-30,984.06,2926.46,23207.0,67914357.22
2019-09-03,979.36,2906.27,23207.0,67445807.89
2019-09-04,977.63,2937.78,23207.0,68177060.46000001
2019-09-05,976.79,2976.0,23207.0,69064032.0
2019-09-06,974.08,2978.71,23207.0,69126922.97
2019-09-09,974.12,2978.43,22626.5,67391446.395
2019-09-10,970.26,2979.39,23207.0,69142703.73
2019-09-11,969.31,3000.93,23207.0,69642582.50999999
2019-09-12,976.07,3009.57,23207.0,69843090.99000001
2019-09-13,987.22,3007.39,23207.0,69792499.73
2019-09-16,989.86,2997.96,23207.0,69573657.72
2019-09-17,996.74,3005.7,23207.0,69753279.89999999
2019-09-18,995.15,3006.73,23207.0,69777183.11
2019-09-19,997.1,3006.79,23207.0,69778575.53
2019-09-20,990.36,2992.07,23207.0,69436968.49000001
2019-09-23,987.54,2991.78,23207.0,69430238.46000001
2019-09-24,988.13,2966.6,23207.0,68845886.2
2019-09-25,987.3,2984.87,23207.0,69269878.09
2019-09-26,990.75,2977.62,23207.0,69101627.34
2019-09-27,997.84,2961.79,23207.0,68734260.53
2019-09-30,996.56,2976.74,22835.099609375,67974154.41121094
2019-10-01,999.59,2940.25,23207.0,68234381.75
2019-10-02,991.19,2887.61,22764.900390625,65736154.01697266
2019-10-03,992.45,2910.63,22756.0,66234296.28
2019-10-04,987.59,2952.01,23207.0,68507296.07000001
2019-10-07,983.09,2938.79,22855.19921875,67166630.91207032
2019-10-08,988.22,2893.06,23207.0,67139243.42
2019-10-09,987.83,2919.4,23207.0,67750515.8
2019-10-10,987.38,2938.13,23207.0,68185182.91
2019-10-11,991.84,2970.27,23207.0,68931055.89
2019-10-14,993.57,2966.15,22842.7734375,67755092.43164062
2019-10-15,993.05,2995.68,23207.0,69520745.75999999
2019-10-16,994.46,2989.69,23207.0,69381735.83
2019-10-17,989.82,2997.95,23207.0,69573425.64999999
2019-10-18,989.2,2986.2,23207.0,69300743.39999999
2019-10-21,983.56,3006.72,23207.0,69776951.03999999
2019-10-22,987.19,2995.99,23207.0,69527939.92999999
2019-10-23,987.79,3004.52,23207.0,69725895.64
2019-10-24,993.6,3010.29,23207.0,69859800.03
2019-10-25,996.57,3022.55,23207.0,70144317.85000001
2019-10-28,996.48,3039.42,23207.0,70535819.94
2019-10-29,995.87,3036.89,23207.0,70477106.23
2019-10-30,1000.89,3046.77,23207.0,70706391.39
2019-10-31,998.82,3037.56,23207.0,70492654.92
2019-11-01,1015.59,3066.91,23207.0,71173780.36999999
2019-11-04,1022.43,3078.27,23207.0,71437411.89
2019-11-05,1024.34,3074.62,23207.0,71352706.34
2019-11-06,1024.91,3076.78,23207.0,71402833.46000001
2019-11-07,1024.03,3085.18,23207.0,71597772.25999999
2019-11-08,1022.49,3093.08,23207.0,71781107.56
2019-11-11,1016.75,3087.01,23207.0,71640241.07000001
2019-11-12,1018.33,3091.84,23207.0,71752330.88000001
2019-11-13,1012.77,3094.04,23207.0,71803386.28
2019-11-14,1012.3,3096.63,23207.0,71863492.41
2019-11-15,1010.03,3120.46,23207.0,72416515.22
2019-11-18,1002.91,3122.03,22802.74609375,71190857.38707031
2019-11-19,1008.35,3120.18,23207.0,72410017.25999999
2019-11-20,1000.56,3108.46,23207.0,72138031.22
2019-11-21,987.89,3103.54,23207.0,72023852.78
2019-11-22,977.78,3110.29,23207.0,72180500.03
2019-11-25,976.35,3133.64,23207.0,72722383.48
2019-11-26,976.79,3140.52,23207.0,72882047.64
2019-11-27,978.17,3153.63,23207.0,73186291.41
2019-11-29,970.75,3140.98,23207.0,72892722.86
2019-12-02,959.31,3113.87,22771.517578125,70907545.4409961
2019-12-03,953.43,3093.2,23207.0,71783892.39999999
2019-12-04,965.9,3112.76,23207.0,72237821.32000001
2019-12-05,963.27,3117.43,23171.0,72233970.53
2019-12-06,963.56,3145.91,23171.0,72893880.61
2019-12-09,966.06,3135.96,23171.0,72663329.16
2019-12-10,960.3,3132.52,23171.0,72583620.92
2019-12-11,961.78,3141.63,23171.0,72794708.73
2019-12-12,968.17,3168.57,23171.0,73418935.47
2019-12-13,966.18,3168.8,23171.0,73424264.8
2019-12-16,961.47,3191.45,23171.0,73949087.95
2019-12-17,954.03,3192.52,23171.0,73973880.92
2019-12-18,951.13,3191.14,23171.0,73941904.94
2019-12-19,952.26,3205.37,23171.0,74271628.27
2019-12-20,956.41,3221.22,23171.0,74638888.61999999
2019-12-23,959.43,3224.01,23171.0,74703535.71000001
2019-12-24,958.88,3223.38,23171.0,74688937.98
2019-12-26,958.59,3239.91,23171.0,75071954.61
2019-12-27,963.51,3240.02,23171.0,75074503.42
2019-12-30,965.03,3221.29,23171.0,74640510.59
2019-12-31,960.99,3230.78,23171.0,74860403.38000001
2020-01-02,966.67,3257.85,23171.0,75487642.35
2020-01-03,965.14,3234.85,23171.0,74954709.35
2020-01-06,955.79,3246.28,23171.0,75219553.88000001
2020-01-07,958.88,3237.18,23171.0,75008697.78
2020-01-08,948.98,3253.05,23171.0,75376421.55
2020-01-09,960.15,3274.7,23171.0,75878073.7
2020-01-10,968.54,3265.35,23171.0,75661424.85
2020-01-13,965.84,3288.13,22761.69140625,74843400.36363281
2020-01-14,967.0,3283.15,23171.0,76073868.65
2020-01-15,967.56,3289.29,23171.0,76216138.59
2020-01-16,974.31,3316.81,23171.0,76853804.51
2020-01-17,978.96,3329.62,23171.0,77150625.02
2020-01-21,986.37,3320.79,23171.0,76946025.09
2020-01-22,991.46,3321.75,23171.0,76968269.25
2020-01-30,959.58,3283.66,23171.0,76085685.86
2020-01-31,936.62,3225.52,23182.0,74774004.64
2020-02-03,928.14,3248.92,23182.0,75316463.44
2020-02-04,929.09,3297.59,23182.0,76444731.38000001
2020-02-05,925.91,3334.69,23237.0,77488191.53
2020-02-06,938.54,3345.78,23237.0,77745889.86
2020-02-07,940.75,3327.71,23237.0,77325997.27
2020-02-10,930.73,3352.09,23237.0,77892515.33
2020-02-11,934.67,3357.75,23237.0,78024036.75
2020-02-12,937.68,3379.45,23237.0,78528279.64999999
2020-02-13,938.24,3373.94,23237.0,78400243.78
2020-02-14,937.45,3380.16,23237.0,78544777.92
2020-02-18,927.93,3370.29,23237.0,78315428.73
2020-02-19,928.76,3386.15,23235.0,78677195.25
2020-02-20,938.13,3373.23,23235.0,78376999.05
2020-02-21,933.09,3337.75,23235.0,77552621.25
2020-02-24,903.34,3225.89,23235.0,74953554.14999999
2020-02-25,909.67,3128.21,23235.0,72683959.35
2020-02-26,895.97,3116.39,23235.0,72409321.64999999
2020-02-27,898.44,2978.76,23240.0,69226382.4
2020-02-28,882.19,2954.22,23240.0,68656072.8
2020-03-02,884.43,3090.23,23234.0,71798403.82000001
2020-03-03,890.61,3003.37,23234.0,69780298.58
2020-03-04,889.37,3130.12,23234.0,72725208.08
2020-03-05,893.31,3023.94,23204.0,70167503.76
2020-03-06,891.44,2972.37,23204.0,68970873.48
2020-03-09,835.49,2746.56,23204.0,63731178.24
2020-03-10,837.5,2882.23,23204.0,66879264.92
2020-03-11,811.35,2741.38,23204.0,63610981.52
2020-03-12,769.25,2480.64,23204.0,57560770.559999995
2020-03-13,761.78,2711.02,23204.0,62906508.08
2020-03-16,747.86,2386.13,23204.0,55367760.52
2020-03-17,745.78,2529.19,23204.0,58687324.76
2020-03-18,747.66,2398.1,23244.0,55741436.4
2020-03-19,725.94,2409.39,23244.0,56003861.16
2020-03-20,709.73,2304.92,23244.0,53575560.480000004
2020-03-23,666.59,2237.4,23244.0,52006125.6
2020-03-24,659.21,2447.33,23244.0,56885738.519999996
2020-03-25,690.25,2475.56,23244.0,57541916.64
2020-03-26,694.21,2630.07,23244.0,61133347.080000006
2020-03-27,696.06,2541.47,23244.0,59073928.67999999
2020-03-30,662.26,2626.65,23010.337890625,60440104.02041016
2020-03-31,662.53,2584.59,23631.0,61076446.29000001
2020-04-01,680.23,2470.5,23631.0,58380385.5
2020-04-03,701.8,2488.65,23631.0,58809288.15
2020-04-06,736.75,2663.68,23631.0,62945422.08
2020-04-07,746.69,2659.41,23631.0,62844517.70999999
2020-04-08,748.02,2749.98,23631.0,64984777.38
2020-04-09,760.33,2789.82,23631.0,65926236.42
2020-04-13,765.79,2761.63,23631.0,65260078.53
2020-04-14,767.41,2846.06,23631.0,67255243.86
2020-04-15,777.22,2783.36,23449.0,65267008.64
2020-04-16,780.7,2799.55,23441.0,65624251.550000004
2020-04-17,789.6,2874.56,23441.0,67382560.96
2020-04-20,794.97,2823.16,22972.873046875,64856096.27101562
2020-04-21,766.84,2736.56,23441.0,64147702.96
2020-04-22,768.92,2799.31,23441.0,65618625.71
2020-04-23,773.91,2797.8,23441.0,65583229.800000004
2020-04-24,776.66,2836.74,23441.0,66496022.339999996
2020-04-27,770.77,2878.48,23441.0,67474449.68
2020-04-28,767.21,2863.39,23441.0,67120724.99
2020-04-29,769.11,2939.51,23444.0,68913872.44000001
2020-05-04,762.47,2842.74,23444.0,66645196.559999995
2020-05-05,764.16,2868.44,23444.0,67247707.36
2020-05-06,782.59,2848.42,23444.0,66778358.480000004
2020-05-07,796.54,2881.19,23444.0,67546618.36
2020-05-08,813.73,2929.8,23444.0,68686231.2
2020-05-11,828.33,2930.32,23399.0,68566557.68
2020-05-13,834.21,2820.0,23334.0,65801880.0
2020-05-15,827.03,2863.7,23334.0,66821575.8
2020-05-18,823.23,2953.91,23334.0,68926535.94
2020-05-19,845.92,2922.94,23334.0,68203881.96000001
2020-05-20,850.46,2971.61,23334.0,69339547.74000001
2020-05-21,862.73,2948.51,23334.0,68800532.34
2020-05-26,863.74,2991.77,23334.0,69809961.17999999
2020-05-28,861.39,3029.73,23312.0,70629065.76
2020-06-01,873.62,3055.73,23280.0,71137394.4
2020-06-02,879.24,3080.82,23264.0,71672196.48
2020-06-03,881.17,3122.87,23264.0,72650447.67999999
2020-06-04,883.9,3112.35,23264.0,72405710.39999999
2020-06-05,886.22,3193.93,23264.0,74303587.52
2020-06-08,899.92,3232.39,23264.0,75198320.96
2020-06-09,899.43,3207.18,23264.0,74611835.52
2020-06-10,900.0,3190.14,23264.0,74215416.96
2020-06-11,873.39,3002.1,23264.0,69840854.39999999
2020-06-12,863.52,3041.31,23264.0,70753035.84
2020-06-15,832.47,3066.59,23264.0,71341149.76
2020-06-16,856.13,3124.74,23264.0,72693951.36
2020-06-17,854.44,3113.49,23264.0,72432231.36
2020-06-18,855.27,3115.34,23264.0,72475269.76
2020-06-19,868.56,3097.74,23264.0,72065823.36
2020-06-22,871.28,3117.86,23264.0,72533895.04
2020-06-23,868.2,3131.29,23264.0,72846330.56
2020-06-24,859.71,3050.33,23264.0,70962877.12
2020-06-25,854.59,3083.76,23264.0,71740592.64
2020-06-26,851.98,3009.05,23264.0,70002539.2
2020-06-29,829.36,3053.24,23210.0,70865700.39999999
2020-06-30,825.11,3100.29,23264.0,72125146.56
2020-07-01,843.49,3115.86,23264.0,72487367.04
2020-07-02,842.38,3130.01,23264.0,72816552.64
2020-07-06,861.16,3179.72,23199.0,73766324.28
2020-07-07,863.42,3145.32,23201.0,72974569.32000001
2020-07-08,864.5,3169.94,23180.0,73479209.2
2020-07-09,875.57,3152.05,23188.0,73089735.4
2020-07-10,871.21,3185.04,23184.0,73841967.36
2020-07-13,874.05,3155.22,22824.259765625,72015560.8976953
2020-07-14,863.84,3197.52,23179.0,74115316.08
2020-07-15,873.57,3226.56,23181.0,74794887.36
2020-07-21,861.69,3257.3,23188.0,75530272.4
2020-07-22,855.08,3276.02,23180.0,75938143.6
2020-07-23,856.75,3235.66,23184.0,75015541.44
2020-07-24,829.16,3215.63,23180.0,74538303.4
2020-07-27,785.17,3239.41,23175.0,75073326.75
2020-07-28,813.36,3218.44,23181.0,74606657.64
2020-07-29,788.29,3258.44,23170.0,75498054.8
2020-07-30,801.13,3246.22,23175.0,75231148.5
2020-07-31,798.39,3271.12,23175.0,75808206.0
2020-08-03,814.65,3294.61,23170.0,76336113.7
2020-08-04,827.57,3306.51,23170.0,76611836.7
2020-08-05,837.8,3327.77,23175.0,77121069.75
2020-08-06,840.04,3349.16,23174.0,77613433.84
2020-08-07,841.46,3351.28,23173.0,77659211.44
2020-08-10,843.2,3360.47,22903.845703125,76967686.36998047
2020-08-11,843.08,3333.69,23170.0,77241597.3
2020-08-12,846.92,3380.35,23174.0,78336230.89999999
2020-08-13,855.05,3373.43,23175.0,78179240.25
2020-08-14,850.74,3372.85,23174.0,78162425.89999999
2020-08-17,850.15,3381.99,23174.0,78374236.25999999
2020-08-18,846.43,3389.78,23174.0,78554761.72
2020-08-19,853.04,3374.85,23174.0,78208773.89999999
2020-08-26,873.47,3478.73,23170.0,80602174.1
2020-08-27,874.71,3484.55,23174.0,80750961.7
2020-08-28,878.98,3508.01,23174.0,81294623.74000001
2020-08-31,881.65,3500.31,23174.0,81116183.94
2020-09-01,891.73,3526.65,23174.0,81726587.10000001
2020-09-03,903.97,3455.06,23174.0,80067560.44
2020-09-04,901.54,3426.96,23174.0,79416371.04
2020-09-08,890.14,3331.84,23174.0,77212060.16
2020-09-09,889.32,3398.96,23176.0,78774296.96
2020-09-10,888.82,3339.19,23175.0,77385728.25
2020-09-11,888.0,3340.97,23173.0,77420297.81
2020-09-16,897.47,3385.49,23175.0,78458730.75
2020-09-17,897.44,3357.01,23178.0,77808777.78
2020-09-21,908.49,3281.06,23170.0,76022160.2
2020-09-22,906.19,3315.57,23178.0,76848281.46000001
2020-09-23,912.5,3236.92,23177.0,75022094.84
2020-09-24,908.58,3246.59,23185.0,75272189.15
2020-09-25,908.27,3298.46,23184.0,76471496.64
2020-09-29,905.28,3335.47,23188.0,77342878.36
2020-09-30,905.21,3363.0,23190.0,77987970.0
2020-10-01,914.09,3380.8,23181.0,78370324.8
2020-10-02,909.91,3348.44,23188.0,77643626.72
2020-10-05,914.68,3408.63,23191.0,79049538.33
2020-10-06,915.67,3360.95,23203.0,77984122.85
2020-10-07,919.72,3419.45,23205.0,79348337.25
2020-10-08,918.4,3446.83,23205.0,79983690.14999999
2020-10-09,924.0,3477.13,23191.0,80638121.83
2020-10-12,925.83,3534.22,23180.0,81923219.6
2020-10-13,929.86,3511.93,23178.0,81399513.53999999
2020-10-14,940.18,3488.67,23177.0,80856904.59
2020-10-15,942.76,3483.34,23175.0,80726404.5
2020-10-16,943.3,3483.81,23170.0,80719877.7
2020-10-19,943.69,3426.92,23175.0,79418871.0
2020-10-20,939.16,3443.12,23175.0,79794306.0
2020-10-21,939.03,3435.56,23179.0,79632845.24
2020-10-22,949.9,3453.49,23177.0,80041537.72999999
2020-10-23,961.26,3465.39,23176.0,80313878.64
2020-10-26,950.8,3400.97,23176.0,78820880.72
2020-10-27,946.47,3390.68,23175.0,78579009.0
2020-10-28,921.05,3271.03,23175.0,75806120.25
2020-10-29,921.53,3310.11,23176.0,76715109.36
2020-10-30,925.47,3269.96,23170.0,75764973.2
2020-11-02,933.68,3310.24,23180.0,76731363.19999999
2020-11-03,935.41,3369.16,23177.0,78087021.32
2020-11-04,939.76,3443.44,23176.0,79805165.44
2020-11-05,937.75,3510.45,23176.0,81358189.2
2020-11-06,938.29,3509.44,23175.0,81331272.0
2020-11-09,951.99,3550.5,23176.0,82286388.0
2020-11-10,951.9,3545.53,23170.0,82149930.10000001
2020-11-11,952.22,3572.66,23173.0,82789250.17999999
2020-11-12,959.28,3537.01,23175.0,81970206.75
2020-11-13,966.29,3585.15,23175.0,83085851.25
2020-11-16,950.79,3626.91,23175.0,84053639.25
2020-11-17,968.9,3609.53,23175.0,83650857.75
2020-11-18,973.53,3567.79,23163.0,82640719.77
2020-11-19,983.26,3581.87,23160.0,82956109.2
2020-11-20,990.0,3557.54,23176.0,82449547.04
2020-11-23,994.19,3577.59,23176.0,82914225.84
2020-11-24,995.76,3635.41,23177.0,84257897.57
2020-11-25,999.94,3629.65,23151.0,84030027.15
2020-11-27,1010.22,3638.35,23164.0,84278739.39999999
2020-11-30,1003.08,3621.63,23160.0,83876950.8
2020-12-01,1008.87,3662.45,23140.0,84749093.0
2020-12-02,1014.32,3669.01,23129.0,84860532.29
2020-12-03,1019.8,3666.72,23129.0,84807566.88
2020-12-04,1021.49,3699.12,23125.0,85542150.0
2020-12-07,1029.98,3691.96,23130.0,85395034.8
2020-12-08,1028.63,3702.25,23127.0,85621935.75
2020-12-09,1039.13,3672.82,23128.0,84944980.96000001
2020-12-10,1030.91,3668.1,23128.0,84835816.8
2020-12-11,1045.96,3663.46,23128.0,84728502.88
2020-12-14,1064.09,3647.49,23128.0,84359148.72
2020-12-15,1055.27,3694.62,23126.0,85441782.12
2020-12-16,1066.99,3701.17,23126.0,85593257.42
2020-12-17,1051.77,3722.48,23126.0,86086072.48
2020-12-18,1067.46,3709.41,23120.0,85761559.2
2020-12-21,1081.08,3694.92,23124.0,85441330.08
2020-12-22,1083.45,3687.26,23120.0,85249451.2
2020-12-23,1078.9,3690.01,23127.0,85338861.27000001
2020-12-24,1067.52,3703.06,23130.0,85651777.8
2020-12-28,1091.33,3735.36,23130.0,86398876.8
2020-12-29,1099.49,3727.04,23125.0,86187800.0
2020-12-30,1097.54,3732.04,23120.0,86284764.8
2020-12-31,1103.87,3756.07,23088.0,86720144.16
2021-01-04,1120.47,3700.65,23070.0,85373995.5
2021-01-05,1132.55,3726.86,23070.0,85978660.2
2021-01-06,1143.21,3748.14,23080.0,86507071.2
2021-01-07,1156.49,3803.79,23090.0,87829511.1
2021-01-08,1167.69,3824.68,23078.0,88265965.03999999
2021-01-11,1184.89,3799.61,22788.548828125,86587598.01283203
2021-01-12,1192.28,3801.19,23050.0,87617429.5
2021-01-13,1186.05,3809.84,23065.0,87873959.60000001
2021-01-14,1187.4,3795.54,23064.0,87540334.56
2021-01-15,1194.2,3768.25,23064.0,86910918.0
2021-01-19,1131.0,3798.91,23069.0,87637054.78999999
2021-01-20,1134.68,3851.85,23069.0,88858327.64999999
2021-02-05,1126.91,3886.83,23015.0,89455392.45
2021-02-08,1083.18,3915.59,23000.0,90058570.0
2021-02-09,1114.93,3911.23,22970.0,89840953.1
2021-02-17,1155.78,3931.33,23010.0,90459903.3
2021-02-18,1174.38,3913.97,23010.0,90060449.69999999
2021-02-19,1173.5,3906.71,23015.0,89912930.65
2021-02-22,1175.04,3876.5,22727.703125,88103941.1640625
2021-02-23,1177.64,3881.37,23020.0,89349137.39999999
2021-02-24,1162.01,3925.43,23025.0,90383025.75
2021-02-25,1165.43,3829.34,23020.0,88151406.8
2021-02-26,1169.04,3811.15,23025.0,87751728.75
2021-03-01,1186.17,3901.82,23015.0,89800387.3
2021-03-02,1186.61,3870.29,23020.0,89094075.8
2021-03-03,1186.95,3819.72,23022.0,87937593.83999999
2021-03-04,1168.52,3768.47,23020.0,86750179.39999999
2021-03-05,1168.69,3841.94,23019.0,88437616.86
2021-03-08,1168.27,3821.35,23033.0,88017154.55
2021-03-09,1161.97,3875.44,22707.5,88001553.8
2021-03-10,1170.08,3898.81,22726.470703125,88606191.24205078
2021-03-11,1181.73,3939.34,23052.0,90809665.68
2021-03-12,1181.56,3943.34,23051.0,90897930.34
2021-03-15,1184.56,3968.94,22651.580078125,89902762.23527344
2021-03-16,1179.9,3962.71,23081.0,91463309.51
2021-03-17,1186.09,3974.12,23082.0,91730637.84
2021-03-18,1200.94,3915.46,23045.0,90231775.7
2021-03-19,1194.05,3913.1,23065.0,90255651.5
2021-03-22,1194.43,3940.59,22761.62890625,89694247.25167969
2021-03-23,1183.45,3910.52,23076.0,90239159.52
2021-03-24,1161.81,3889.14,23070.0,89722459.8
2021-03-25,1163.1,3909.52,23080.0,90231721.6
2021-03-26,1148.46,3974.54,23084.0,91748281.36
2021-03-29,1175.68,3971.09,23084.0,91668641.56
2021-03-30,1186.36,3958.55,23070.0,91323748.5
2021-03-31,1191.44,3972.89,23070.0,91654572.3
2021-04-01,1216.1,4019.87,23074.0,92754480.38
2021-04-05,1236.05,4077.91,23073.0,94089617.42999999
2021-04-06,1239.96,4073.94,23079.0,94022461.26
2021-04-07,1242.38,4079.95,23090.0,94206045.5
2021-04-08,1234.89,4097.17,23090.0,94603655.3
2021-04-09,1231.66,4128.8,23085.0,95313348.0
2021-04-12,1252.45,4127.99,22697.6328125,93695601.27367187
2021-04-13,1248.33,4141.59,23067.0,95534056.53
2021-04-14,1255.87,4124.66,23069.0,95151781.53999999
2021-04-15,1247.25,4170.42,23078.0,96244952.76
2021-04-16,1238.71,4185.47,23073.0,96571349.31
2021-04-19,1260.58,4163.26,22747.548828125,94703960.1341797
2021-04-20,1268.28,4134.94,23073.0,95405470.61999999
2021-04-22,1227.82,4134.98,23074.0,95410528.52
2021-04-23,1248.53,4180.17,23070.0,96436521.9
2021-04-26,1215.77,4187.62,22664.841796875,94911744.80542968
2021-04-27,1219.75,4186.72,23040.0,96462028.80000001
2021-04-28,1229.55,4183.18,23042.0,96388833.56
2021-04-29,1239.39,4211.47,23047.0,97061749.09
2021-05-04,1242.2,4164.66,23054.0,96012071.64
2021-05-05,1256.43,4167.59,23050.0,96062949.5
2021-05-06,1250.57,4201.62,23060.0,96889357.2
2021-05-07,1241.81,4232.6,23067.0,97633384.2
2021-05-10,1259.58,4188.43,22562.2265625,94500306.60117188
2021-05-11,1256.04,4152.1,23060.0,95747426.00000001
2021-05-12,1269.09,4063.04,23055.0,93673387.2
2021-05-13,1261.99,4112.5,23053.0,94805462.5
2021-05-14,1266.36,4173.85,23040.0,96165504.00000001
2021-05-17,1258.7,4163.29,23048.0,95955507.92
2021-05-18,1252.68,4127.83,23046.0,95129970.17999999
2021-05-19,1262.49,4115.68,23040.0,94825267.2
2021-05-20,1278.22,4159.12,23045.0,95846920.39999999
2021-05-21,1283.93,4155.86,23045.0,95771793.69999999
2021-05-24,1297.98,4197.05,23054.0,96758790.7
2021-05-25,1308.58,4188.13,23056.0,96561525.28
2021-05-26,1316.7,4195.99,23060.0,96759529.39999999
2021-05-27,1303.57,4200.88,23055.0,96851288.4
2021-05-28,1320.46,4204.11,23045.0,96883714.94999999
2021-06-01,1337.78,4202.04,23040.0,96815001.6
2021-06-02,1340.78,4208.12,23044.0,96971917.28
2021-06-03,1364.28,4192.85,23040.0,96603264.00000001
2021-06-04,1374.05,4229.89,23041.0,97460895.49000001
2021-06-07,1358.78,4226.52,23044.0,97395926.88000001
2021-06-08,1319.88,4227.26,23000.0,97226980.0
2021-06-09,1332.9,4219.55,22952.0,96847111.60000001
2021-06-10,1323.58,4239.18,22955.0,97310376.9
2021-06-11,1351.74,4247.44,22947.0,97466005.67999999
2021-06-14,1361.72,4255.15,22945.0,97634416.74999999
2021-06-15,1367.36,4246.59,22944.0,97433760.96000001
2021-06-16,1356.52,4223.7,22947.0,96921243.89999999
2021-06-17,1359.92,4221.86,22946.0,96874799.55999999
2021-06-18,1377.77,4166.45,22960.0,95661692.0
2021-06-21,1372.63,4224.79,22995.0,97149046.05
2021-06-22,1379.97,4246.44,23014.0,97727570.16
2021-06-23,1376.87,4241.84,23025.0,97668366.0
2021-06-24,1379.72,4266.49,23020.0,98214599.8
2021-06-25,1390.12,4280.7,23003.0,98468942.1
2021-06-28,1405.81,4290.61,22700.0546875,97397081.64273436
2021-06-29,1410.04,4291.8,23020.0,98797236.0
2021-06-30,1408.55,4297.5,23020.0,98928450.0
2021-07-01,1417.08,4319.94,23014.0,99419099.16
2021-07-02,1420.27,4352.34,23010.0,100147343.4
2021-07-06,1354.79,4343.54,22996.0,99884045.84
2021-07-07,1388.55,4358.13,23007.0,100267496.91
2021-07-08,1374.68,4320.82,23015.0,99443672.3
2021-07-09,1347.14,4369.55,23007.0,100530236.85000001
2021-07-15,1293.92,4360.03,23011.0,100328650.33
2021-07-16,1299.31,4327.16,23009.0,99563624.44
2021-07-19,1243.51,4258.49,22667.59375,96529721.3084375
2021-07-20,1273.29,4323.06,23020.0,99516841.2
2021-07-21,1270.79,4358.69,23026.0,100363195.94
2021-07-22,1293.67,4367.48,23022.0,100548124.55999999
2021-07-26,1272.71,4422.3,22652.552734375,100176383.95722656
2021-07-27,1276.93,4401.46,23008.0,101268791.68
2021-07-28,1277.07,4400.64,23005.0,101236723.2
2021-07-29,1293.6,4419.15,22999.0,101636030.85
2021-07-30,1310.05,4395.26,22965.0,100937145.9
2021-08-02,1314.22,4387.16,22950.0,100685322.0
2021-08-03,1332.44,4423.15,22950.0,101511292.49999999
2021-08-04,1334.74,4402.66,22950.0,101041047.0
2021-08-05,1345.55,4429.1,22945.0,101625699.50000001
2021-08-06,1341.45,4436.52,22936.0,101756022.72000001
2021-08-09,1359.86,4432.35,22672.322265625,100491667.59404297
2021-08-10,1362.43,4436.75,22925.0,101712493.75
2021-08-11,1357.79,4447.7,22887.0,101794509.89999999
2021-08-12,1353.05,4460.83,22809.0,101747071.47
2021-08-13,1357.05,4468.0,22805.0,101892740.0
2021-08-16,1370.96,4479.71,22830.0,102271779.3
2021-08-17,1363.09,4448.08,22830.0,101549666.39999999
2021-08-18,1360.94,4400.27,22830.0,100458164.10000001
2021-08-19,1374.85,4405.8,22807.0,100483080.60000001
2021-08-20,1329.43,4441.67,22812.0,101323376.04
2021-08-23,1298.86,4479.53,22451.056640625,100570181.7533789
2021-08-24,1298.74,4486.23,22825.0,102398199.74999999
2021-08-25,1309.55,4496.19,22820.0,102603055.8
2021-08-26,1301.12,4470.0,22790.0,101871300.0
2021-08-27,1313.2,4509.37,22785.0,102745995.45
2021-08-30,1328.14,4528.79,22789.0,103206595.31
2021-08-31,1331.47,4522.68,22775.0,103004037.0
2021-09-01,1334.65,4524.09,22775.0,103036149.75
2021-09-07,1341.9,4520.03,22760.0,102875882.8
2021-09-08,1333.61,4514.07,22758.0,102731205.05999999
2021-09-09,1343.98,4493.28,22757.0,102253572.96
2021-09-10,1345.31,4458.58,22765.0,101499573.7
2021-09-13,1341.43,4468.73,22757.0,101694888.60999998
2021-09-14,1339.7,4443.05,22759.0,101119374.95
2021-09-15,1345.83,4480.7,22759.0,101976251.3
2021-09-16,1345.87,4473.75,22758.0,101813602.5
2021-09-17,1352.64,4432.99,22753.0,100863821.47
2021-09-20,1350.48,4357.73,22770.0,99225512.1
2021-09-21,1339.84,4354.19,22769.0,99140552.10999998
2021-09-22,1350.68,4395.64,22755.0,100022788.2
2021-09-23,1352.76,4448.98,22760.0,101258784.8
2021-09-24,1351.17,4455.48,22762.0,101415635.75999999
2021-09-27,1324.99,4443.11,22760.0,101125183.6
2021-09-28,1339.31,4352.63,22766.0,99091974.58
2021-09-29,1339.21,4359.46,22761.0,99225669.06
2021-09-30,1342.06,4307.54,22753.0,98009457.62
2021-10-01,1334.89,4357.04,22750.0,99122660.0
2021-10-04,1339.54,4300.46,22757.0,97865568.22
2021-10-05,1354.63,4345.72,22757.0,98895550.04
2021-10-06,1362.82,4363.55,22754.0,99288216.7
2021-10-07,1365.99,4399.76,22750.0,100094540.0
2021-10-08,1372.73,4391.34,22750.0,99902985.0
2021-10-11,1394.09,4361.19,22399.798828125,97689778.65123045
2021-10-12,1394.8,4350.65,22750.0,98977287.49999999
2021-10-13,1391.91,4363.8,22757.0,99306996.60000001
2021-10-14,1391.85,4438.26,22757.0,101001482.82000001
2021-10-15,1392.7,4471.37,22757.0,101754967.09
2021-10-18,1395.53,4486.46,22758.0,102102856.68
2021-10-19,1395.33,4519.63,22758.0,102857739.54
2021-10-20,1393.8,4536.19,22755.0,103221003.44999999
2021-10-21,1384.77,4549.78,22755.0,103530243.89999999
2021-10-22,1389.24,4544.9,22750.0,103396474.99999999
2021-10-25,1385.4,4566.48,22394.345703125,102263331.76640624
2021-10-26,1391.63,4574.79,22745.0,104053598.55
2021-10-27,1423.02,4551.68,22757.0,103582581.76
2021-10-28,1438.01,4596.42,22755.0,104591537.10000001
2021-10-29,1444.27,4605.38,22750.0,104772395.0
2021-11-01,1438.97,4613.67,22750.0,104960992.5
2021-11-02,1452.46,4630.65,22750.0,105347287.49999999
2021-11-03,1444.3,4660.57,22748.0,106018646.36
2021-11-04,1448.34,4680.06,22747.0,106457324.82000001
2021-11-05,1456.51,4697.53,22680.0,106539980.39999999
2021-11-08,1467.57,4701.7,22680.0,106634556.0
2021-11-09,1461.5,4685.25,22660.0,106167765.0
2021-11-10,1465.02,4646.71,22662.0,105303742.02
2021-11-11,1462.35,4649.27,22660.0,105352458.2
2021-11-12,1473.37,4682.85,22645.0,106043138.25000001
2021-11-15,1476.57,4682.8,22640.0,106018592.0
2021-11-16,1466.45,4700.9,22645.0,106451880.49999999
2021-11-17,1475.85,4688.67,22650.0,106198375.5
2021-11-18,1469.83,4704.54,22648.0,106548421.92
2021-11-19,1452.35,4697.96,22650.0,106408794.0
2021-11-22,1447.25,4682.94,22657.0,106101371.58
2021-11-23,1463.63,4690.7,22670.0,106338169.0
2021-11-24,1488.87,4701.46,22675.0,106605605.5
2021-11-26,1493.03,4594.62,22670.0,104160035.39999999
2021-11-29,1484.84,4655.27,22678.0,105572213.06000002
2021-11-30,1478.44,4567.0,22690.0,103625230.0
2021-12-01,1485.19,4513.04,22688.0,102391851.52
2021-12-02,1482.05,4577.1,22710.0,103945941.00000001
2021-12-03,1443.32,4538.43,22730.0,103158513.9
2021-12-06,1413.58,4591.67,22830.0,104827826.10000001
2021-12-07,1446.77,4686.75,23020.0,107888985.0
2021-12-08,1452.87,4701.21,23070.0,108456914.7
2021-12-09,1467.98,4667.45,22920.0,106977954.0
2021-12-10,1463.54,4712.02,22980.0,108282219.60000001
2021-12-13,1476.21,4668.97,23025.0,107503034.25
2021-12-14,1476.02,4634.09,22975.0,106468217.75
2021-12-15,1475.5,4709.85,23000.0,108326550.00000001
2021-12-16,1476.61,4668.67,23030.0,107519470.10000001
2021-12-17,1479.79,4620.64,22990.0,106228513.60000001
2021-12-20,1477.33,4568.02,22980.0,104973099.60000001
2021-12-21,1478.74,4649.23,22928.0,106597545.43999998
2021-12-22,1477.67,4696.56,22933.0,107706210.48
2021-12-23,1456.96,4725.79,22955.0,108480509.45
2021-12-27,1488.88,4791.19,22840.0,109430779.6
2021-12-28,1494.39,4786.35,22810.0,109176643.50000001
2021-12-29,1485.82,4793.06,22835.0,109449525.10000001
2021-12-30,1485.97,4778.73,22820.0,109050618.6
2021-12-31,1498.28,4766.18,22765.0,108502087.7
2022-01-04,1525.58,4793.54,22825.0,109412550.5
2022-01-05,1522.5,4700.58,22752.0,106947596.16
2022-01-06,1528.57,4696.05,22755.0,106858617.75
2022-01-07,1528.48,4677.03,22745.0,106379047.35
2022-01-10,1503.71,4670.29,22685.0,105945528.65
2022-01-11,1492.31,4713.07,22695.0,106963123.64999999
2022-01-12,1510.51,4726.35,22698.0,107278692.30000001
2022-01-13,1496.05,4659.03,22698.0,105750662.94
2022-01-14,1496.02,4662.85,22710.0,105893323.50000001
2022-01-18,1438.94,4577.11,22720.0,103991939.19999999
2022-01-19,1442.79,4532.76,22750.0,103120290.0
2022-01-20,1465.3,4482.73,22700.0,101757970.99999999
2022-01-21,1472.89,4397.94,22645.0,99591351.3
2022-01-24,1439.71,4410.13,22625.0,99779191.25
2022-01-25,1479.58,4356.45,22675.0,98782503.75
2022-01-26,1481.58,4349.93,22630.0,98438915.9
2022-01-27,1470.76,4326.51,22630.0,97908921.30000001
2022-01-28,1478.96,4431.85,22630.0,100292765.50000001
2022-02-07,1497.66,4483.87,22645.0,101537236.14999999
2022-02-08,1500.99,4521.54,22665.0,102480704.1
2022-02-09,1505.38,4587.18,22715.0,104197793.7
2022-02-10,1506.79,4504.08,22680.0,102152534.39999999
2022-02-11,1501.71,4418.64,22680.0,100214755.2
2022-02-14,1471.96,4401.67,22685.0,99851883.95
2022-02-15,1492.75,4471.07,22725.0,101605065.75
2022-02-16,1492.1,4475.01,22750.0,101806477.5
2022-02-17,1507.99,4380.26,22750.0,99650915.0
2022-02-18,1504.84,4348.87,22785.0,99089002.95
2022-02-22,1503.47,4304.76,22800.0,98148528.0
2022-02-23,1512.3,4225.5,22815.0,96404782.5
2022-02-24,1494.85,4288.7,22825.0,97889577.5
2022-02-25,1498.89,4384.65,22840.0,100145405.99999999
2022-02-28,1490.13,4373.94,22820.0,99813310.8
2022-03-01,1498.78,4306.26,22805.0,98204259.30000001
2022-03-02,1485.52,4386.54,22815.0,100078910.1
2022-03-03,1505.0,4363.49,22840.0,99662111.6
2022-03-04,1505.33,4328.87,22835.0,98849746.45
2022-03-07,1499.05,4201.09,22830.0,95910884.7
2022-03-08,1473.71,4170.7,22845.0,95279641.5
2022-03-09,1473.74,4277.88,22845.0,97728168.60000001
2022-03-10,1479.08,4259.52,22835.0,97266139.2
2022-03-11,1466.54,4204.31,22835.0,96005418.85000001
2022-03-14,1446.25,4173.11,22873.0,95451545.02999999
2022-03-15,1452.74,4262.45,22890.0,97567480.5
2022-03-16,1459.33,4357.86,22880.0,99707836.8
2022-03-17,1461.34,4411.67,22879.0,100934597.93
2022-03-18,1469.1,4463.12,22865.0,102049238.8
2022-03-21,1494.95,4461.18,22860.0,101982574.80000001
2022-03-22,1503.78,4511.61,22860.0,103135404.6
2022-03-23,1502.34,4456.24,22870.0,101914208.8
2022-03-24,1498.26,4520.16,22872.0,103385099.52
2022-03-25,1498.5,4543.06,22869.0,103895239.14000002
2022-03-28,1483.18,4575.52,22861.0,104600962.72000001
2022-03-29,1497.76,4631.6,22860.0,105878376.00000001
2022-03-30,1490.51,4602.45,22865.0,105235019.25
2022-03-31,1492.15,4530.41,22854.0,103537990.14
2022-04-01,1516.44,4545.86,22838.0,103818350.67999999
2022-04-04,1524.7,4582.64,22837.0,104653749.68
2022-04-05,1520.03,4525.12,22846.0,103380891.52
2022-04-06,1522.9,4481.15,22873.0,102497343.94999999
2022-04-07,1502.35,4500.21,22866.0,102901801.86
2022-04-08,1482.0,4488.28,22859.0,102597592.52
2022-04-12,1455.25,4397.45,22860.0,100525707.0
2022-04-13,1477.2,4446.59,22888.0,101773551.92
2022-04-14,1472.12,4392.59,22887.0,100533207.33
2022-04-18,1432.6,4391.69,22899.0,100565309.30999999
2022-04-19,1406.45,4462.21,22890.0,102139986.9
2022-04-20,1384.72,4459.45,22955.0,102366674.75
2022-04-21,1370.21,4393.66,22962.0,100887220.92
2022-04-22,1379.23,4271.78,22962.0,98088612.36
2022-04-25,1310.92,4296.12,22965.0,98660395.8
2022-04-26,1341.34,4175.2,22983.0,95958621.6
2022-04-27,1353.77,4183.96,22970.0,96105561.2
2022-04-28,1350.99,4287.5,22965.0,98462437.5
2022-04-29,1366.8,4131.93,22956.0,94852585.08000001
2022-05-04,1348.68,4300.17,22962.0,98740503.54
2022-05-05,1360.68,4146.87,22966.0,95237016.42
2022-05-06,1329.26,4123.34,22955.0,94651269.7
2022-05-09,1269.62,3991.24,22955.0,91618914.19999999
2022-05-10,1293.56,4001.05,22950.0,91824097.5
2022-05-11,1301.53,3935.18,22941.0,90276964.38
2022-05-12,1238.84,3930.08,23050.0,90588344.0
2022-05-13,1182.77,4023.89,23096.0,92935763.44
2022-05-16,1171.95,4008.01,23086.0,92528918.86
2022-05-17,1228.37,4088.85,23095.0,94431990.75
2022-05-18,1240.76,3923.68,23120.0,90715481.6
2022-05-19,1241.64,3900.79,23139.0,90260379.81
2022-05-20,1240.71,3901.36,23140.0,90277470.4
2022-05-23,1218.81,3973.75,23160.0,92032050.0
2022-05-24,1233.38,3941.48,23170.0,91324091.6
2022-05-25,1268.43,3978.73,23210.0,92346323.3
2022-05-26,1268.57,4057.84,23190.0,94101309.60000001
2022-05-27,1285.45,4158.24,23205.0,96491959.19999999
2022-05-31,1292.68,4132.15,23176.0,95766708.39999999
2022-06-01,1299.52,4101.23,23185.0,95087017.55
2022-06-02,1288.62,4176.82,23196.0,96885516.72
2022-06-03,1287.98,4108.54,23193.0,95289368.22
2022-06-06,1290.01,4121.43,23187.0,95563597.41000001
2022-06-07,1291.35,4160.68,23180.0,96444562.4
2022-06-08,1307.91,4115.77,23185.0,95424127.45
2022-06-09,1307.8,4017.82,23187.0,93161192.34
2022-06-10,1284.08,3900.86,23155.0,90324413.3
2022-06-13,1227.04,3749.63,23177.0,86905174.51
2022-06-14,1230.31,3735.48,23195.0,86644458.6
2022-06-15,1213.93,3789.99,23210.0,87965667.89999999
2022-06-16,1236.63,3666.77,23230.0,85179067.1
2022-06-17,1217.3,3674.84,23232.0,85373882.88000001
2022-06-21,1172.47,3764.79,23230.0,87456071.7
2022-06-22,1169.27,3759.89,23226.0,87327205.14
2022-06-23,1188.88,3795.73,23235.0,88193786.55
2022-06-24,1185.48,3911.74,23244.0,90924484.55999999
2022-06-27,1202.82,3900.11,23247.0,90665857.17
2022-06-28,1218.1,3821.55,23245.0,88831929.75
2022-06-29,1218.09,3818.83,23255.0,88806891.64999999
2022-06-30,1197.6,3785.38,23265.0,88066865.7
2022-07-01,1198.9,3825.33,23255.0,88958049.14999999
2022-07-05,1181.29,3831.39,23335.0,89405485.64999999
2022-07-06,1149.61,3845.08,23360.0,89821068.8
2022-07-07,1166.48,3902.62,23373.0,91215937.25999999
2022-07-08,1171.31,3899.38,23350.0,91050523.0
2022-07-11,1155.29,3854.43,23355.0,90020212.64999999
2022-07-12,1174.82,3818.8,23347.0,89157523.60000001
2022-07-13,1173.92,3801.78,23389.0,88919832.42
2022-07-14,1182.17,3790.38,23388.0,88649407.44
2022-07-15,1179.25,3863.16,23415.0,90455891.39999999
2022-07-18,1176.49,3830.85,23450.0,89833432.5
2022-07-19,1178.33,3936.69,23440.0,92276013.6
2022-07-20,1194.14,3959.9,23412.0,92709178.8
2022-07-21,1198.47,3998.95,23410.0,93615419.5
2022-07-22,1194.76,3961.63,23410.0,92741758.3
2022-07-25,1188.5,3966.84,23400.0,92824056.0
2022-07-26,1185.07,3921.05,23385.0,91693754.25
2022-07-27,1191.04,4023.61,23370.0,94031765.7
2022-07-28,1208.12,4072.43,23375.0,95193051.25
2022-07-29,1206.33,4130.29,23358.0,96475313.82
2022-08-01,1231.35,4118.63,23335.0,96108231.05
2022-08-02,1236.12,4091.19,23355.0,95549742.45
2022-08-03,1249.76,4155.17,23353.0,97035685.01
2022-08-04,1254.15,4151.94,23394.0,97130484.35999998
2022-08-05,1252.74,4145.19,23393.0,96968429.66999999
2022-08-08,1256.75,4140.06,23385.0,96815303.10000001
2022-08-09,1258.85,4122.47,23388.0,96416328.36
2022-08-10,1256.5,4210.24,23385.0,98456462.39999999
2022-08-11,1252.07,4207.27,23385.0,98387008.95
2022-08-12,1262.33,4280.15,23390.0,100112708.49999999
2022-08-15,1274.2,4297.14,23392.0,100518698.88000001
2022-08-16,1274.69,4305.2,23400.0,100741680.0
2022-08-17,1275.28,4274.04,23403.0,100025358.12
2022-08-18,1273.66,4283.74,23401.0,100243799.74
2022-08-19,1269.18,4228.48,23401.0,98950660.47999999
2022-08-22,1260.43,4137.99,23400.0,96828966.0
2022-08-23,1270.81,4128.73,23410.0,96653569.3
2022-08-24,1277.16,4140.77,23430.0,97018241.10000001
2022-08-25,1288.88,4199.12,23425.0,98364386.0
2022-08-26,1282.57,4057.66,23423.0,95042570.17999999
2022-08-29,1270.8,4030.61,23412.0,94364641.32000001
2022-08-30,1279.39,3986.16,23430.0,93395728.8
2022-08-31,1280.51,3955.0,23415.0,92606325.0
2022-09-06,1277.4,3908.19,23505.0,91862005.95
2022-09-07,1243.17,3979.87,23520.0,93606542.39999999
2022-09-08,1234.6,4006.18,23580.0,94465724.39999999
2022-09-09,1248.78,4067.36,23542.0,95753789.12
2022-09-12,1249.62,4110.41,23515.0,96656291.14999999
2022-09-13,1248.4,3932.69,23520.0,92496868.8
2022-09-14,1240.77,3946.01,23553.0,92940373.53
2022-09-15,1245.66,3901.35,23590.0,92032846.5
2022-09-16,1234.03,3873.33,23620.0,91488054.6
2022-09-19,1205.43,3899.89,23650.0,92232398.5
2022-09-20,1218.93,3855.93,23670.0,91269863.1
2022-09-21,1210.55,3789.93,23670.0,89707643.1
2022-09-22,1214.7,3757.99,23690.0,89026783.1
2022-09-23,1203.28,3693.23,23700.0,87529551.0
2022-09-26,1174.35,3655.04,23700.0,86624448.0
2022-09-27,1166.54,3647.29,23715.0,86495482.35
2022-09-28,1143.62,3719.04,23730.0,88252819.2
2022-09-29,1126.07,3640.47,23730.0,86388353.1
2022-09-30,1132.11,3585.62,23820.0,85409468.39999999
2022-10-03,1086.44,3678.43,23855.0,87748947.64999999
2022-10-04,1078.14,3790.93,23880.0,90527408.39999999
2022-10-05,1104.26,3783.28,23875.0,90325810.0
2022-10-06,1074.52,3744.52,23865.0,89362969.8
2022-10-07,1035.91,3639.66,23870.0,86878684.2
2022-10-10,1042.48,3612.39,23875.0,86245811.25
2022-10-11,1006.2,3588.84,23870.0,85665610.8
2022-10-12,1034.81,3577.03,23925.0,85580442.75
2022-10-13,1050.99,3669.91,23945.0,87875994.95
2022-10-14,1061.85,3583.07,24120.0,86423648.4
2022-10-17,1051.58,3677.95,24110.0,88675374.5
2022-10-18,1063.66,3719.98,24310.0,90432713.8
2022-10-19,1060.07,3695.16,24430.0,90272758.8
2022-10-20,1058.45,3665.78,24450.0,89628321.0
2022-10-21,1019.82,3752.75,24530.0,92054957.5
2022-10-24,986.15,3797.34,24820.0,94249978.8
2022-10-25,997.7,3859.11,24830.0,95821701.3
2022-10-26,992.85,3830.6,24840.0,95152104.0
2022-10-27,1022.16,3807.3,24830.0,94535259.0
2022-10-28,1028.56,3901.06,24830.0,96863319.8
2022-10-31,1021.42,3871.98,24820.0,96102543.6
2022-11-01,1028.41,3856.1,24840.0,95785524.0
2022-11-02,1021.52,3759.69,24850.0,93428296.5
2022-11-03,1017.03,3719.89,24835.0,92383468.14999999
2022-11-04,994.12,3770.55,24860.0,93735873.0
2022-11-07,971.22,3806.8,24870.0,94675116.0
2022-11-08,976.99,3828.11,24870.0,95205095.7
2022-11-09,981.33,3748.57,24871.0,93230684.47
2022-11-10,942.65,3956.37,24862.0,98363270.94
2022-11-11,952.88,3992.93,24865.0,99284204.45
2022-11-14,941.04,3957.25,24805.0,98159586.25
2022-11-15,911.9,3991.73,24735.0,98735441.55
2022-11-16,942.9,3958.79,24765.0,98039434.35
2022-11-17,969.26,3946.56,24775.0,97776024.0
2022-11-18,969.33,3965.34,24805.0,98360258.7
2022-11-21,960.65,3949.94,24800.0,97958512.0
2022-11-22,952.12,4003.58,24835.0,99428909.3
2022-11-23,946.0,4027.26,24850.0,100077411.0
2022-11-25,971.46,4026.12,24833.0,99980637.96
2022-11-28,1005.69,3963.94,24760.0,98147154.4
2022-11-29,1032.16,3957.63,24770.0,98030495.10000001
2022-11-30,1048.42,4080.11,24750.0,100982722.5
2022-12-01,1036.28,4076.57,24630.0,100405919.10000001
2022-12-02,1080.01,4071.7,24500.0,99756650.0
2022-12-05,1093.67,3998.84,24350.0,97371754.0
2022-12-06,1048.69,3941.26,23980.0,94511414.80000001
2022-12-07,1041.02,3933.92,23980.0,94335401.60000001
2022-12-08,1050.53,3963.51,23900.0,94727889.0
2022-12-09,1051.81,3934.38,23780.0,93559556.4
2022-12-12,1032.07,3990.56,23550.0,93977688.0
2022-12-13,1047.45,4019.65,23680.0,95185312.0
2022-12-14,1050.43,3995.32,23600.0,94289552.0
2022-12-15,1055.32,3895.75,23520.0,91628040.0
2022-12-16,1052.48,3852.36,23500.0,90530460.0
2022-12-19,1038.4,3817.66,23580.0,90020422.8
2022-12-20,1023.13,3821.62,23700.0,90572394.0
2022-12-21,1018.88,3878.44,23730.0,92035381.2
2022-12-22,1022.61,3822.39,23700.0,90590643.0
2022-12-23,1020.34,3844.82,23630.0,90853096.60000001
2022-12-27,1004.57,3829.25,23590.0,90332007.5
2022-12-28,1015.66,3783.22,23580.0,89208327.6
2022-12-29,1009.29,3849.28,23620.0,90919993.60000001
2022-12-30,1007.09,3839.5,23600.0,90612200.0
2023-01-03,1043.9,3824.14,23610.0,90287945.39999999
2023-01-04,1046.35,3852.97,23515.0,90602589.55
2023-01-05,1055.82,3808.1,23510.0,89528431.0
2023-01-06,1051.44,3895.08,23475.0,91437003.0
2023-01-09,1054.21,3892.09,23460.0,91308431.4
2023-01-10,1053.35,3919.25,23447.0,91894654.75
2023-01-11,1055.76,3969.61,23445.0,93067506.45
2023-01-12,1056.39,3983.17,23440.0,93365504.8
2023-01-13,1060.17,3999.09,23438.0,93730671.42
2023-01-17,1088.29,3990.97,23434.0,93524390.97999999
2023-01-18,1098.28,3928.86,23427.0,92041403.22
2023-01-19,1108.08,3898.85,23437.0,91377347.45
2023-01-27,1117.1,4070.56,23440.0,95413926.4
2023-01-30,1102.57,4017.77,23460.0,94256884.2
2023-01-31,1111.18,4076.6,23470.0,95677802.0
2023-02-01,1075.97,4119.21,23445.0,96574878.45
2023-02-02,1077.59,4179.76,23440.0,97973574.4
2023-02-03,1077.15,4136.48,23449.0,96996319.52
2023-02-06,1089.29,4111.08,23440.0,96363715.2
2023-02-07,1065.84,4164.0,23480.0,97770720.0
2023-02-08,1072.22,4117.86,23600.0,97181495.99999999
2023-02-09,1064.03,4081.5,23590.0,96282585.0
2023-02-10,1055.3,4090.46,23560.0,96371237.6
2023-02-13,1043.7,4137.29,23565.0,97495238.85
2023-02-14,1038.64,4136.13,23595.0,97591987.35000001
2023-02-15,1048.2,4147.6,23600.0,97883360.00000001
2023-02-16,1058.29,4090.41,23615.0,96595032.14999999
2023-02-17,1059.31,4079.09,23680.0,96592851.2
2023-02-21,1082.23,3997.34,23725.0,94836891.5
2023-02-22,1054.28,3991.05,23705.0,94607840.25
2023-02-23,1053.66,4012.32,23780.0,95412969.60000001
2023-02-24,1039.56,3970.04,23815.0,94546502.6
2023-02-27,1021.25,3982.24,23780.0,94697667.19999999
2023-02-28,1024.68,3970.15,23805.0,94509420.75
2023-03-01,1040.55,3951.39,23740.0,93805998.6
2023-03-02,1037.61,3981.35,23710.0,94397808.5
2023-03-03,1024.77,4045.64,23700.0,95881668.0
2023-03-06,1027.18,4048.42,23710.0,95988038.2
2023-03-07,1037.84,3986.37,23650.0,94277650.5
2023-03-08,1049.18,3992.01,23640.0,94371116.4
2023-03-09,1055.95,3918.32,23710.0,92903367.2
2023-03-10,1053.0,3861.59,23680.0,91442451.2
2023-03-13,1052.8,3855.76,23660.0,91227281.60000001
2023-03-14,1040.13,3919.29,23570.0,92377665.3
2023-03-15,1062.19,3891.93,23570.0,91732790.1
2023-03-16,1047.4,3960.28,23565.0,93323998.2
2023-03-17,1045.14,3916.64,23560.0,92276038.39999999
2023-03-20,1023.1,3951.57,23570.0,93138504.9
2023-03-21,1032.43,4002.87,23570.0,94347645.89999999
2023-03-22,1040.54,3936.97,23570.0,92794382.89999999
2023-03-23,1045.1,3948.72,23510.0,92834407.19999999
2023-03-24,1046.79,3970.99,23490.0,93278555.1
2023-03-27,1052.25,3977.53,23510.0,93511730.30000001
2023-03-28,1054.29,3971.27,23500.0,93324845.0
2023-03-29,1056.33,4027.81,23480.0,94572978.8
2023-03-30,1059.44,4050.83,23480.0,95113488.39999999
2023-03-31,1064.64,4109.31,23470.0,96445505.7
2023-04-03,1079.28,4124.51,23450.0,96719759.5
2023-04-04,1078.45,4100.6,23470.0,96241082.00000001
2023-04-05,1080.86,4090.38,23460.0,95960314.8
2023-04-06,1070.91,4105.02,23465.0,96324294.30000001
2023-04-10,1065.35,4109.11,23442.0,96325756.61999999
2023-04-11,1069.46,4108.94,23442.0,96321771.47999999
2023-04-12,1069.45,4091.95,23445.0,95935767.75
2023-04-13,1064.3,4146.22,23442.0,97195689.24000001
2023-04-14,1052.89,4137.64,23440.0,96986281.60000001
2023-04-17,1053.81,4151.32,23440.0,97306940.8
2023-04-18,1055.02,4154.87,23485.0,97577121.95
2023-04-19,1048.98,4154.52,23505.0,97651992.60000001
2023-04-20,1049.25,4129.79,23511.0,97095492.69
2023-04-21,1042.91,4133.52,23488.0,97088117.76
2023-04-24,1041.36,4137.04,23485.0,97158384.4
2023-04-25,1034.85,4071.63,23494.0,95658875.22
2023-04-26,1040.8,4055.99,23473.0,95206253.27
2023-04-27,1039.63,4135.35,23465.0,97035987.75000001
2023-04-28,1049.12,4169.48,23445.0,97753458.6
2023-05-04,1040.61,4061.22,23450.0,95235609.0
2023-05-05,1040.31,4136.25,23445.0,96974381.25
2023-05-08,1052.62,4138.12,23440.0,96997532.8
2023-05-09,1053.77,4119.17,23443.0,96565702.31
2023-05-10,1058.26,4137.64,23460.0,97069034.4
2023-05-11,1057.12,4130.62,23465.0,96924998.3
2023-05-12,1066.9,4124.08,23465.0,96771537.2
2023-05-15,1065.71,4136.28,23450.0,96995766.0
2023-05-16,1065.91,4109.9,23452.0,96385374.8
2023-05-17,1060.44,4158.77,23450.0,97523156.50000001
2023-05-18,1068.31,4198.05,23450.0,98444272.5
2023-05-19,1067.07,4191.98,23450.0,98301930.99999999
2023-05-22,1070.64,4192.63,23460.0,98359099.8
2023-05-23,1065.85,4145.58,23438.0,97164104.03999999
2023-05-24,1061.79,4115.24,23470.0,96584682.8
2023-05-25,1064.63,4151.28,23470.0,97430541.6
2023-05-26,1063.76,4205.45,23470.0,98701911.5
2023-05-30,1078.05,4205.52,23465.0,98682526.80000001
2023-05-31,1075.17,4179.83,23480.0,98142408.39999999
2023-06-01,1078.39,4221.02,23485.0,99130654.7
2023-06-02,1090.84,4282.37,23485.0,100571459.45
2023-06-05,1097.82,4273.79,23475.0,100327220.25
2023-06-06,1108.31,4283.85,23495.0,100649055.75000001
2023-06-07,1109.54,4267.52,23485.0,100222707.2
2023-06-08,1101.32,4293.93,23485.0,100842946.05000001
2023-06-09,1107.53,4298.86,23490.0,100980221.39999999
2023-06-12,1116.02,4338.93,23470.0,101834687.10000001
2023-06-13,1122.46,4369.01,23480.0,102584354.80000001
2023-06-14,1117.42,4372.59,23495.0,102734002.05
2023-06-15,1116.97,4425.84,23500.0,104007240.0
2023-06-16,1115.22,4409.59,23525.0,103735604.75
2023-06-20,1111.72,4388.71,23520.0,103222459.2
2023-06-21,1118.46,4365.69,23520.0,102681028.8
2023-06-22,1125.3,4381.89,23505.0,102996324.45
2023-06-23,1129.38,4348.33,23515.0,102250979.95
2023-06-26,1132.03,4328.82,23515.0,101792202.3
2023-06-27,1134.33,4378.41,23530.0,103023987.3
2023-06-28,1138.35,4376.86,23520.0,102943747.19999999
2023-06-29,1125.39,4396.44,23555.0,103558144.19999999
2023-06-30,1120.18,4450.38,23569.0,104891006.22
2023-07-03,1125.5,4455.59,23575.0,105040534.25
2023-07-05,1134.62,4446.82,23700.0,105389634.0
2023-07-06,1126.22,4411.59,23745.0,104753204.55
2023-07-07,1138.07,4398.95,23710.0,104299104.5
2023-07-10,1149.02,4409.53,23635.0,104219241.55
2023-07-11,1151.77,4439.26,23640.0,104944106.4
2023-07-12,1154.2,4472.16,23690.0,105945470.39999999
2023-07-13,1165.42,4510.04,23660.0,106707546.4
2023-07-14,1168.4,4505.42,23665.0,106620764.3
2023-07-17,1173.13,4522.79,23630.0,106873527.7
2023-07-18,1174.09,4554.98,23630.0,107634177.39999999
2023-07-19,1172.98,4565.72,23635.0,107910792.2
2023-07-20,1172.81,4534.87,23630.0,107158978.1
2023-07-21,1185.9,4536.34,23647.0,107270831.98
2023-07-24,1190.72,4554.64,23656.0,107744563.84
2023-07-25,1195.9,4567.46,23665.0,108088940.9
2023-07-26,1200.84,4566.75,23655.0,108026471.25
2023-07-27,1197.33,4537.41,23665.0,107377807.64999999
2023-07-28,1207.67,4582.23,23661.0,108420144.02999999
2023-07-31,1222.9,4588.96,23685.0,108689517.6
2023-08-01,1217.56,4576.73,23680.0,108376966.39999999
2023-08-02,1220.43,4513.39,23680.0,106877075.2
2023-08-03,1210.95,4501.89,23735.0,106852359.15
2023-08-04,1225.98,4478.03,23750.0,106353212.5
2023-08-07,1241.42,4518.44,23725.0,107199988.99999999
2023-08-08,1242.23,4499.38,23720.0,106725293.60000001
2023-08-09,1233.99,4467.71,23730.0,106018758.3
2023-08-10,1220.61,4468.83,23735.0,106067680.05
2023-08-11,1232.21,4464.05,23740.0,105976547.0
2023-08-14,1236.84,4489.72,23750.0,106630850.0
2023-08-15,1234.05,4437.86,23815.0,105687635.89999999
2023-08-16,1243.26,4404.33,23965.0,105549768.45
2023-08-17,1233.48,4370.36,23935.0,104604566.6
2023-08-18,1177.99,4369.71,23850.0,104217583.5
2023-08-21,1179.76,4399.77,23850.0,104934514.50000001
2023-08-22,1180.49,4387.55,23850.0,104643067.5
2023-08-23,1172.56,4436.01,23850.0,105798838.5
2023-08-24,1189.39,4376.31,23900.0,104593809.00000001
2023-08-25,1183.37,4405.71,23900.0,105296469.0
2023-08-28,1201.72,4433.31,23975.0,106288607.25000001
2023-08-29,1204.43,4497.63,24080.0,108302930.4
2023-08-30,1213.16,4514.87,24180.0,109169556.6
2023-08-31,1224.05,4507.66,24110.0,108679682.6
2023-09-05,1234.98,4496.83,24060.0,108193729.8
2023-09-06,1245.5,4465.48,24050.0,107394793.99999999
2023-09-07,1243.14,4451.14,24055.0,107072172.7
2023-09-08,1241.48,4457.49,24060.0,107247209.39999999
2023-09-11,1223.63,4487.46,24055.0,107945850.3
2023-09-12,1245.44,4461.9,24075.0,107420242.49999999
2023-09-13,1238.39,4467.44,24100.0,107665303.99999999
2023-09-14,1223.81,4505.1,24080.0,108482808.00000001
2023-09-15,1227.36,4450.32,24220.0,107786750.39999999
2023-09-18,1211.81,4453.53,24250.0,107998102.5
2023-09-19,1211.5,4443.95,24370.0,108299061.5
2023-09-20,1226.11,4402.2,24370.0,107281614.0
2023-09-21,1212.74,4330.0,24270.0,105089100.0
2023-09-22,1193.05,4320.06,24310.0,105020658.60000001
2023-09-25,1153.2,4337.44,24360.0,105660038.39999999
2023-09-26,1137.96,4273.53,24380.0,104188661.39999999
2023-09-27,1153.85,4274.51,24380.0,104212553.80000001
2023-09-28,1152.43,4299.7,24385.0,104848184.5
2023-09-29,1154.15,4288.05,24385.0,104564099.25
2023-10-02,1155.25,4288.39,24280.0,104122109.2
2023-10-03,1118.1,4229.45,24340.0,102944813.0
2023-10-04,1128.67,4263.75,24385.0,103971543.75
2023-10-05,1113.89,4258.19,24420.0,103984999.8
2023-10-06,1128.54,4308.5,24380.0,105041230.0
2023-10-09,1137.36,4335.66,24360.0,105616677.6
2023-10-10,1143.69,4358.24,24370.0,106210308.8
2023-10-11,1150.81,4376.95,24390.0,106753810.5
2023-10-12,1151.61,4349.61,24440.0,106304468.39999999
2023-10-13,1154.73,4327.78,24435.0,105749304.3
2023-10-16,1141.42,4373.63,24440.0,106891517.2
2023-10-17,1121.65,4373.2,24460.0,106968472.0
2023-10-18,1103.4,4314.6,24490.0,105664554.00000001
2023-10-19,1087.85,4278.0,24555.0,105046290.0
2023-10-20,1108.03,4224.16,24550.0,103703128.0
2023-10-23,1093.53,4217.04,24520.0,103401820.8
2023-10-24,1105.9,4247.68,24590.0,104450451.2
2023-10-25,1101.66,4186.77,24550.0,102785203.50000001
2023-10-26,1055.45,4137.23,24560.0,101610368.79999998
2023-10-27,1060.62,4117.37,24604.0,101303771.48
2023-10-30,1042.4,4166.82,24570.0,102378767.39999999
2023-10-31,1028.19,4193.8,24558.0,102991340.4
2023-11-01,1039.66,4237.86,24560.0,104081841.6
2023-11-02,1075.47,4317.78,24585.0,106152621.3
2023-11-03,1076.78,4358.34,24570.0,107084413.8
2023-11-06,1089.66,4365.98,24520.0,107053829.6
2023-11-07,1080.29,4378.38,24335.0,106547877.3
2023-11-08,1113.43,4382.78,24310.0,106545381.8
2023-11-09,1113.89,4347.35,24370.0,105944919.50000001
2023-11-10,1101.68,4415.24,24340.0,107466941.6
2023-11-13,1100.07,4411.55,24315.0,107266838.25
2023-11-14,1109.73,4495.7,24381.0,109609661.7
2023-11-15,1122.5,4502.88,24376.0,109762202.88
2023-11-16,1125.53,4508.24,24286.0,109487116.64
2023-11-17,1101.19,4514.02,24288.0,109636517.76
2023-11-20,1103.66,4547.38,24250.0,110273965.0
2023-11-21,1110.46,4538.19,24170.0,109688052.3
2023-11-22,1113.82,4556.62,24130.0,109951240.6
2023-11-24,1095.61,4559.34,24240.0,110518401.60000001
2023-11-27,1088.06,4550.43,24260.0,110393431.80000001
2023-11-28,1095.43,4554.89,24230.0,110364984.7
2023-11-29,1102.8,4550.58,24240.0,110306059.2
2023-11-30,1094.13,4567.8,24260.0,110814828.0
2023-12-01,1102.16,4594.63,24250.0,111419777.5
2023-12-04,1120.49,4569.78,24270.0,110908560.6
2023-12-05,1115.97,4567.18,24250.0,110754115.0
2023-12-06,1126.43,4549.34,24266.0,110394284.44
2023-12-07,1121.49,4585.59,24274.0,111310611.66
2023-12-08,1124.44,4604.37,24275.0,111771081.75
2023-12-11,1125.5,4622.44,24220.0,111955496.8
2023-12-12,1127.63,4643.7,24250.0,112609725.0
2023-12-13,1114.2,4707.09,24260.0,114194003.4
2023-12-14,1110.13,4719.55,24279.0,114585954.45
2023-12-15,1102.3,4719.19,24245.0,114416761.55
2023-12-18,1091.88,4740.56,24260.0,115005985.60000001
2023-12-19,1096.3,4768.37,24350.0,116109809.5
2023-12-20,1100.76,4698.35,24350.0,114404822.50000001
2023-12-21,1102.43,4746.75,24335.0,115512161.25
2023-12-22,1103.06,4754.63,24320.0,115632601.60000001
2023-12-26,1122.25,4774.75,24230.0,115692192.5
2023-12-27,1121.99,4781.58,24325.0,116311933.5
2023-12-28,1128.93,4783.35,24345.0,116450655.75000001
2023-12-29,1129.93,4769.83,24235.0,115596830.05
2024-01-02,1131.72,4742.83,24260.0,115061055.8
2024-01-03,1144.17,4704.81,24325.0,114444503.25000001
2024-01-04,1150.72,4688.68,24370.0,114263131.60000001
2024-01-05,1154.68,4697.24,24360.0,114424766.39999999
2024-01-08,1160.19,4763.54,24370.0,116087469.8
2024-01-09,1158.59,4756.5,24330.0,115725645.0
2024-01-10,1161.54,4783.45,24360.0,116524842.0
2024-01-11,1162.22,4780.24,24405.0,116661757.19999999
2024-01-12,1154.7,4783.83,24475.0,117084239.25
2024-01-16,1163.12,4765.98,24470.0,116623530.6
2024-01-17,1162.53,4739.21,24500.0,116110645.0
2024-01-18,1169.06,4780.94,24500.0,117133029.99999999
2024-01-19,1181.5,4839.81,24545.0,118793136.45
2024-01-22,1182.86,4850.43,24540.0,119029552.2
2024-01-23,1177.5,4864.6,24550.0,119425930.00000001
2024-01-24,1172.97,4868.55,24565.0,119595930.75
2024-01-25,1170.37,4894.16,24600.0,120396336.0
2024-01-26,1175.67,4890.97,24605.0,120342316.85000001
2024-01-29,1175.69,4927.93,24595.0,121202438.35000001
2024-01-30,1179.65,4924.97,24530.0,120809514.10000001
2024-01-31,1164.31,4845.65,24395.0,118209631.74999999
2024-02-01,1173.02,4906.19,24415.0,119784628.85
2024-02-02,1172.55,4958.61,24400.0,120990083.99999999
2024-02-05,1186.06,4942.81,24335.0,120283281.35000001
2024-02-06,1188.48,4954.23,24370.0,120734585.1
2024-02-07,1198.53,4995.06,24355.0,121654686.30000001
2024-02-15,1202.5,5029.73,24400.0,122725411.99999999
2024-02-16,1209.7,5005.57,24450.0,122386186.5
2024-02-20,1230.06,4975.51,24530.0,122049260.30000001
2024-02-21,1230.04,4981.8,24525.0,122178645.0
2024-02-22,1227.31,5087.03,24525.0,124759410.75
2024-02-23,1212.0,5088.8,24590.0,125133592.0
2024-02-26,1224.17,5069.53,24630.0,124862523.89999999
2024-02-27,1237.46,5078.18,24660.0,125227918.80000001
2024-02-28,1254.55,5069.76,24625.0,124842840.0
2024-02-29,1252.73,5096.27,24620.0,125470167.4
2024-03-01,1258.28,5137.08,24640.0,126577651.2
2024-03-04,1261.41,5130.95,24640.0,126426608.0
2024-03-05,1269.98,5078.65,24676.0,125320767.39999999
2024-03-06,1262.73,5104.76,24690.0,126036524.4
2024-03-07,1268.46,5157.36,24665.0,127206284.39999999
2024-03-08,1247.35,5123.69,24680.0,126452669.19999999
2024-03-11,1235.49,5117.94,24640.0,126106041.6
2024-03-12,1245.0,5175.27,24635.0,127492776.45000002
2024-03-13,1270.51,5165.31,24645.0,127299064.95
2024-03-14,1264.26,5150.48,24675.0,127088093.99999999
2024-03-15,1263.78,5117.09,24690.0,126340952.10000001
2024-03-18,1243.56,5149.42,24720.0,127293662.4
2024-03-19,1242.46,5178.51,24715.0,127986874.65
2024-03-20,1260.08,5224.62,24740.0,129257098.8
2024-03-21,1276.42,5241.53,24775.0,129858905.75
2024-03-22,1281.8,5234.18,24785.0,129729151.30000001
2024-03-25,1267.86,5218.19,24768.0,129244129.91999999
2024-03-26,1282.21,5203.58,24740.0,128736569.2
2024-03-27,1283.09,5248.49,24770.0,130005097.3
2024-03-28,1290.18,5254.35,24785.0,130229064.75000001
2024-04-01,1281.52,5243.77,24810.0,130097933.70000002
2024-04-02,1287.04,5205.81,24795.0,129078058.95
2024-04-03,1271.47,5211.49,24900.0,129766101.0
2024-04-04,1268.25,5147.21,25000.0,128680250.0
2024-04-05,1255.11,5204.34,24935.0,129770217.9
2024-04-08,1250.35,5202.39,24950.0,129799630.50000001
2024-04-09,1262.82,5209.91,24960.0,130039353.6
2024-04-10,1258.56,5160.64,24945.0,128732164.80000001
2024-04-11,1258.2,5199.06,24935.0,129638561.10000001
2024-04-12,1276.6,5123.41,24980.0,127982781.8
2024-04-15,1216.61,5061.82,25000.0,126545500.0
2024-04-16,1215.68,5051.41,25180.0,127194503.8
2024-04-17,1193.01,5022.21,25280.0,126961468.8
2024-04-19,1174.85,4967.23,25400.0,126167641.99999999
2024-04-22,1190.22,5010.6,25440.0,127469664.00000001
2024-04-23,1177.4,5070.55,25455.0,129070850.25
2024-04-24,1205.61,5071.63,25440.0,129022267.2
2024-04-25,1204.97,5048.42,25405.0,128255110.10000001
2024-04-26,1209.52,5099.96,25350.0,129283986.0
2024-05-02,1216.36,5064.2,25330.0,128276186.0
2024-05-03,1221.03,5127.79,25390.0,130194588.1
2024-05-06,1241.58,5180.74,25400.0,131590796.0
2024-05-07,1248.63,5187.7,25370.0,131611949.0
2024-05-08,1250.46,5187.67,25400.0,131766818.0
2024-05-09,1248.64,5214.08,25425.0,132567984.0
2024-05-10,1244.7,5222.68,25440.0,132864979.2
2024-05-13,1240.18,5221.42,25450.0,132885139.0
2024-05-14,1243.28,5246.68,25453.0,133543746.04
2024-05-15,1254.39,5308.15,25450.0,135092417.5
2024-05-16,1268.78,5297.1,25445.0,134784709.5
2024-05-17,1273.11,5303.27,25431.0,134867459.37
2024-05-20,1277.58,5308.13,25448.0,135081292.24
2024-05-21,1277.14,5321.41,25452.0,135440527.32
2024-05-22,1266.91,5307.01,25461.0,135121781.61
2024-05-23,1281.03,5267.84,25464.0,134140277.76
2024-05-24,1261.93,5304.72,25469.0,135105913.68
2024-05-28,1281.73,5306.04,25445.0,135012187.8
2024-05-29,1272.64,5266.95,25448.0,134033343.6
2024-05-30,1266.32,5235.48,25450.0,133242965.99999999
2024-05-31,1261.72,5277.51,25450.0,134312629.5
2024-06-03,1280.0,5283.4,25440.0,134409696.0
2024-06-04,1283.52,5291.34,25432.0,134569358.88
2024-06-05,1284.35,5354.03,25410.0,136045902.29999998
2024-06-06,1283.56,5352.96,25415.0,136045478.4
2024-06-07,1287.58,5346.99,25420.0,135920485.79999998
2024-06-10,1290.67,5360.79,25400.0,136164066.0
2024-06-11,1284.41,5375.32,25415.0,136613757.79999998
2024-06-12,1300.19,5421.03,25435.0,137883898.04999998
2024-06-13,1301.51,5433.74,25435.0,138207176.9
2024-06-14,1279.91,5431.6,25435.0,138152746.0
2024-06-17,1274.77,5473.23,25450.0,139293703.5
2024-06-18,1279.5,5487.03,25425.0,139507737.75
2024-06-20,1282.3,5473.17,25450.0,139292176.5
2024-06-21,1282.02,5464.62,25450.0,139074579.0
2024-06-24,1254.12,5447.87,25425.0,138512094.75
2024-06-25,1256.56,5469.3,25455.0,139221031.5
2024-06-26,1261.24,5477.9,25455.0,139439944.5
2024-06-27,1259.09,5482.87,25465.0,139621284.55
2024-06-28,1245.32,5460.48,25455.0,138996518.39999998
2024-07-01,1254.56,5475.09,25445.0,139313665.05
2024-07-02,1269.79,5509.01,25450.0,140204304.5
2024-07-03,1276.85,5537.02,25450.0,140917159.0
2024-07-05,1283.04,5567.19,25450.0,141684985.5
2024-07-08,1283.56,5572.85,25412.0,141617264.20000002
2024-07-09,1293.71,5576.98,25415.0,141738946.7
2024-07-10,1285.94,5633.91,25413.0,143174554.82999998
2024-07-11,1283.8,5584.54,25415.0,141931084.1
2024-07-12,1280.75,5615.35,25420.0,142742197.0
2024-07-15,1279.82,5631.22,25410.0,143089300.20000002
2024-07-16,1281.18,5667.2,25360.0,143720192.0
2024-07-17,1268.66,5588.27,25375.0,141802351.25
2024-07-18,1274.44,5544.59,25315.0,140361295.85
2024-07-19,1264.78,5505.0,25310.0,139331550.0
2024-07-22,1254.64,5564.41,25300.0,140779573.0
2024-07-23,1231.81,5555.74,25325.0,140699115.5
2024-07-24,1238.47,5427.13,25345.0,137550609.85
2024-07-25,1233.19,5399.22,25350.0,136870227.0
2024-07-26,1242.11,5459.1,25285.0,138033343.5
2024-07-29,1246.6,5463.54,25300.0,138227562.0
2024-07-30,1245.06,5436.44,25275.0,137406021.0
2024-07-31,1251.51,5522.3,25275.0,139576132.5
2024-08-01,1226.96,5446.68,25235.0,137446969.8
2024-08-02,1236.6,5346.56,25215.0,134813510.4
2024-08-05,1188.07,5186.33,25205.0,130721447.64999999
2024-08-06,1210.28,5240.03,25080.0,131419952.39999999
2024-08-07,1215.88,5199.5,25130.0,130663435.0
2024-08-08,1208.32,5319.31,25155.0,133807243.05000001
2024-08-09,1223.64,5344.16,25135.0,134325461.6
2024-08-13,1230.42,5434.43,25120.0,136512881.6
2024-08-14,1230.36,5455.21,25115.0,137007599.15
2024-08-15,1223.56,5543.22,25020.0,138691364.4
2024-08-16,1252.23,5554.25,25035.0,139050648.75
2024-08-19,1261.62,5608.25,25050.0,140486662.5
2024-08-20,1272.55,5597.12,24960.0,139704115.2
2024-08-21,1284.05,5620.85,24915.0,140043477.75
2024-08-22,1282.78,5570.64,24930.0,138876055.20000002
2024-08-23,1285.32,5634.61,24960.0,140639865.6
2024-08-26,1280.02,5616.84,24965.0,140224410.6
2024-08-27,1280.56,5625.8,24860.0,139857388.0
2024-08-28,1281.44,5592.18,24820.0,138797907.6
2024-08-29,1281.47,5591.96,24855.0,138988165.8
2024-08-30,1283.87,5648.4,24870.0,140475708.0
2024-09-04,1275.8,5520.07,24860.0,137228940.2
2024-09-05,1268.21,5503.41,24852.0,136770745.32
2024-09-06,1273.96,5408.42,24730.0,133750226.60000001
2024-09-09,1267.73,5471.05,24600.0,134587830.0
2024-09-10,1255.23,5495.52,24680.0,135629433.60000002
2024-09-11,1253.27,5554.13,24660.0,136964845.8
2024-09-12,1256.35,5595.76,24550.0,137375908.0
2024-09-13,1251.71,5626.02,24575.0,138259441.5
2024-09-16,1239.26,5633.09,24530.0,138179697.70000002
2024-09-17,1258.95,5634.58,24530.0,138216247.4
2024-09-18,1264.9,5618.26,24620.0,138321561.20000002
2024-09-19,1271.27,5713.64,24600.0,140555544.0
2024-09-20,1272.04,5702.55,24565.0,140083140.75
2024-09-23,1268.48,5718.57,24590.0,140619636.29999998
2024-09-24,1276.99,5732.93,24615.0,141116071.95000002
2024-09-25,1287.48,5722.26,24590.0,140710373.4
2024-09-26,1291.49,5745.37,24580.0,141221194.6
2024-09-27,1290.92,5738.17,24615.0,141245054.55
2024-09-30,1287.94,5762.48,24590.0,141699383.2
2024-10-01,1292.2,5708.75,24555.0,140178356.25
2024-10-02,1287.84,5709.54,24595.0,140426136.3
2024-10-03,1278.1,5699.94,24652.0,140514920.88
2024-10-04,1270.6,5751.07,24745.0,142310227.15
2024-10-07,1269.93,5695.94,24755.0,141002994.7
2024-10-08,1271.98,5751.13,24840.0,142858069.2
2024-10-09,1281.85,5792.04,24835.0,143845313.4
2024-10-10,1286.36,5780.05,24830.0,143518641.5
2024-10-11,1288.39,5815.03,24830.0,144387194.9
2024-10-14,1286.34,5859.85,24800.0,145324280.0
2024-10-15,1281.08,5815.26,24840.0,144451058.4
2024-10-16,1279.48,5842.47,24925.0,145623564.75
2024-10-17,1286.52,5841.47,24970.0,145861505.9
2024-10-18,1285.46,5864.67,25180.0,147672390.6
2024-10-21,1279.77,5853.98,25150.0,147227597.0
2024-10-22,1269.89,5851.2,25285.0,147947592.0
2024-10-23,1270.9,5797.42,25390.0,147196493.8
2024-10-24,1257.41,5809.86,25400.0,147570444.0
2024-10-25,1252.72,5808.12,25385.0,147439126.2
2024-10-28,1254.77,5823.52,25355.0,147655349.60000002
2024-10-29,1261.78,5832.92,25345.0,147835357.4
2024-10-30,1258.63,5813.67,25295.0,147056782.65
2024-10-31,1264.48,5705.45,25280.0,144233776.0
2024-11-01,1254.89,5728.8,25270.0,144766776.0
2024-11-04,1244.71,5712.69,25280.0,144416803.2
2024-11-05,1245.76,5782.76,25310.0,146361655.6
2024-11-06,1261.28,5929.04,25330.0,150182583.2
2024-11-07,1259.75,5973.1,25370.0,151537547.0
2024-11-08,1252.56,5995.54,25350.0,151986939.0
2024-11-11,1250.32,6001.35,25260.0,151594101.0
2024-11-12,1244.82,5983.99,25310.0,151454786.9
2024-11-13,1246.04,5985.38,25340.0,151669529.2
2024-11-14,1231.89,5949.17,25330.0,150692476.1
2024-11-15,1218.57,5870.62,25390.0,149055041.8
2024-11-18,1217.12,5893.62,25380.0,149580075.6
2024-11-19,1205.15,5916.98,25405.0,150320876.89999998
2024-11-20,1216.54,5917.11,25395.0,150265008.45
2024-11-21,1228.33,5948.71,25415.0,151186464.65
2024-11-22,1228.1,5969.34,25415.0,151710776.1
2024-11-25,1234.7,5987.37,25417.0,152180983.29
2024-11-26,1242.13,6021.63,25410.0,153009618.3
2024-11-27,1241.97,5998.74,25405.0,152397989.7
2024-11-29,1250.46,6032.38,25358.0,152969092.04
2024-12-02,1251.21,6047.15,25344.0,153258969.6
2024-12-03,1249.83,6049.88,25374.0,153509655.12
2024-12-04,1240.41,6086.49,25395.0,154566413.54999998
2024-12-05,1267.53,6075.11,25400.0,154307794.0
2024-12-06,1270.14,6090.27,25393.0,154650226.11
2024-12-09,1273.84,6052.85,25375.0,153591068.75
2024-12-10,1272.07,6034.91,25370.0,153105666.7
2024-12-11,1268.86,6084.19,25360.0,154295058.39999998
2024-12-12,1267.35,6051.25,25380.0,153580725.0
2024-12-13,1262.57,6051.09,25394.0,153661379.46
2024-12-16,1263.79,6074.08,25400.0,154281632.0
2024-12-17,1261.72,6050.61,25385.0,153594734.85
2024-12-18,1266.0,5872.16,25430.0,149329028.79999998
2024-12-19,1254.67,5867.08,25445.0,149287850.6
2024-12-20,1257.5,5930.85,25450.0,150940132.5
2024-12-23,1262.76,5974.07,25445.0,152010211.15
2024-12-24,1260.36,6040.04,25440.0,153658617.6
2024-12-26,1272.87,6037.59,25420.0,153475537.8
2024-12-27,1275.14,5970.84,25425.0,151808607.0
2024-12-30,1272.02,5906.94,25445.0,150302088.29999998
2024-12-31,1266.78,5881.63,25476.0,149840405.88
2025-01-02,1269.71,5868.55,25480.0,149530654.0
2025-01-03,1254.59,5942.47,25450.0,151235861.5
2025-01-06,1246.35,5975.38,25400.0,151774652.0
2025-01-07,1246.95,5909.03,25370.0,149912091.1
2025-01-08,1251.02,5918.25,25360.0,150086820.0
2025-01-10,1230.48,5827.04,25375.0,147861140.0
2025-01-13,1235.65,5836.22,25360.0,148006539.20000002
2025-01-14,1229.07,5842.91,25390.0,148351484.9
2025-01-15,1236.18,5949.91,25380.0,151008715.79999998
2025-01-16,1242.36,5937.34,25375.0,150660002.5
2025-01-17,1249.11,5996.66,25370.0,152135264.2
2025-01-21,1246.09,6049.24,25315.0,153136510.6
2025-01-22,1242.53,6086.37,25260.0,153741706.2
2025-01-23,1259.63,6118.71,25050.0,153273685.5
2025-01-24,1265.05,6101.24,25080.0,153019099.2
2025-02-03,1253.03,5994.57,25060.0,150223924.2
2025-02-04,1264.68,6037.88,25280.0,152637606.4
2025-02-05,1269.61,6061.48,25280.0,153234214.39999998
2025-02-06,1271.48,6083.57,25145.0,152971367.65
2025-02-07,1275.2,6025.99,25260.0,152216507.4
2025-02-10,1263.26,6066.44,25290.0,153420267.6
2025-02-11,1268.45,6068.5,25380.0,154018530.0
2025-02-12,1266.91,6051.97,25530.0,154506794.1
2025-02-13,1270.35,6115.07,25550.0,156240038.5
2025-02-14,1276.08,6114.63,25440.0,155556187.2
2025-02-18,1278.14,6129.58,25470.0,156120402.6
2025-02-19,1288.56,6144.15,25500.0,156675825.0
2025-02-20,1292.98,6117.52,25515.0,156088522.8
2025-02-21,1296.75,6013.13,25500.0,153334815.0
2025-02-24,1304.56,5983.25,25510.0,152632707.5
2025-02-25,1303.16,5955.25,25468.0,151668307.0
2025-02-26,1302.96,5956.06,25520.0,151998651.20000002
2025-02-27,1307.8,5861.57,25535.0,149675189.95
2025-02-28,1305.36,5954.5,25520.0,151958840.0
2025-03-03,1309.37,5849.72,25530.0,149343351.6
2025-03-04,1311.91,5778.15,25575.0,147776186.25
2025-03-05,1304.71,5842.63,25540.0,149220770.2
2025-03-06,1318.22,5738.52,25490.0,146274874.8
2025-03-07,1326.05,5770.2,25485.0,147053547.0
2025-03-10,1330.28,5614.56,25480.0,143058988.8
2025-03-11,1332.54,5572.07,25525.0,142227086.75
2025-03-12,1334.41,5599.3,25450.0,142502185.0
2025-03-13,1326.27,5521.52,25445.0,140495076.4
2025-03-14,1326.15,5638.94,25490.0,143736580.6
2025-03-17,1336.26,5675.12,25500.0,144715560.0
2025-03-18,1330.97,5614.66,25510.0,143229976.6
2025-03-19,1324.63,5675.29,25510.0,144776647.9
2025-03-20,1323.93,5662.89,25535.0,144601896.15
2025-03-21,1321.88,5667.56,25545.0,144777820.20000002
2025-03-24,1330.32,5767.57,25585.0,147563278.45
2025-03-25,1331.92,5776.65,25620.0,147997773.0
2025-03-26,1326.09,5712.2,25600.0,146232320.0
2025-03-27,1323.81,5693.31,25555.0,145492537.05
2025-03-28,1317.46,5580.94,25560.0,142648826.39999998
2025-03-31,1306.86,5611.85,25550.0,143382767.5
2025-04-01,1317.33,5633.07,25565.0,144009434.54999998
2025-04-02,1317.83,5670.97,25620.0,145290251.4
2025-04-03,1229.84,5396.52,25600.0,138150912.0
2025-04-04,1210.67,5074.08,25600.0,129896448.0
2025-04-08,1132.79,4982.77,25780.0,128455810.60000001
2025-04-09,1094.3,5456.9,25995.0,141852115.5
2025-04-10,1168.34,5268.05,25960.0,136758578.0
2025-04-11,1222.46,5363.36,25720.0,137945619.2
2025-04-14,1241.44,5405.97,25715.0,139014518.55
2025-04-15,1227.79,5396.63,25824.0,139362573.12
2025-04-16,1210.3,5275.7,25790.0,136060303.0
2025-04-17,1217.25,5282.7,25830.0,136452141.0
2025-04-22,1197.13,5287.76,25871.0,136799638.96
2025-04-23,1211.0,5375.86,25932.0,139406801.51999998
2025-04-24,1223.35,5484.77,25965.0,142412053.05
2025-04-25,1229.23,5525.21,26026.0,143799115.46
2025-04-28,1226.8,5528.75,26019.0,143852546.25
2025-04-29,1226.3,5560.83,25970.0,144414755.1
2025-05-05,1240.05,5650.38,25980.0,146796872.4
2025-05-06,1241.95,5606.91,25942.0,145454459.22
2025-05-07,1250.37,5631.28,25948.0,146120453.44
2025-05-08,1269.8,5663.94,25953.0,146996234.82
2025-05-09,1267.3,5659.91,25959.0,146925603.69
2025-05-12,1283.26,5844.19,25952.0,151668418.88
2025-05-13,1293.43,5886.55,25960.0,152814838.0
2025-05-14,1309.73,5892.58,25951.0,152918343.57999998
2025-05-15,1313.2,5916.93,25924.0,153390493.32
2025-05-16,1301.39,5958.38,25920.0,154441209.6
2025-05-19,1296.29,5963.6,25917.0,154558621.20000002
2025-05-20,1315.15,5940.46,25932.0,154048008.72
2025-05-21,1323.05,5844.61,25950.0,151667629.5
2025-05-22,1313.84,5842.01,25950.0,151600159.5
2025-05-23,1314.46,5802.82,25973.0,150716643.85999998
2025-05-27,1339.81,5921.54,25897.0,153350121.38
2025-05-28,1341.87,5888.55,25903.0,152531110.65
2025-05-29,1341.86,5912.17,25950.0,153420811.5
2025-05-30,1332.6,5911.69,25996.0,153680293.23999998
2025-06-02,1336.3,5935.94,26019.0,154447222.85999998
2025-06-03,1347.25,5970.37,26022.0,155360968.14
2025-06-04,1345.74,5970.81,26038.0,155467950.78
2025-06-05,1342.09,5939.3,26071.0,154843490.3
2025-06-06,1329.89,6000.36,26056.0,156345380.16
2025-06-09,1310.57,6005.88,26047.0,156435156.36
2025-06-10,1316.23,6038.81,26025.0,157160030.25
2025-06-11,1315.2,6022.24,25990.0,156518017.6
2025-06-12,1322.99,6045.26,26010.0,157237212.6
2025-06-13,1315.49,5976.97,26020.0,155520759.4
2025-06-16,1338.11,6033.11,26050.0,157162515.5
2025-06-17,1347.69,5982.72,26030.0,155730201.6
2025-06-18,1346.83,5980.87,26072.0,155933242.64
2025-06-20,1349.35,5967.84,26123.0,155897884.32
2025-06-23,1358.18,6025.17,26119.0,157371415.23
2025-06-24,1366.77,6092.18,26190.0,159554194.20000002
2025-06-25,1366.75,6092.16,26150.0,159309984.0
2025-06-26,1365.67,6141.02,26150.0,160587673.0
2025-06-27,1371.44,6173.07,26100.0,161117127.0
2025-06-30,1376.07,6204.95,26090.0,161887145.5
2025-07-01,1377.84,6198.01,26118.0,161879625.18
2025-07-02,1384.59,6227.42,26110.0,162597936.2
2025-07-03,1381.96,6279.35,26150.0,164205002.5
2025-07-07,1402.06,6229.98,26158.0,162963816.83999997
2025-07-08,1415.46,6225.52,26120.0,162610582.4
2025-07-09,1431.32,6263.26,26110.0,163533718.6
2025-07-10,1445.64,6280.46,26138.0,164158663.48
2025-07-11,1457.76,6259.75,26100.0,163379475.0
2025-07-14,1470.42,6268.56,26108.0,163659564.48000002
2025-07-15,1460.65,6243.76,26100.0,162962136.0
2025-07-16,1475.47,6263.7,26120.0,163607844.0
2025-07-17,1490.01,6297.36,26140.0,164612990.4
2025-07-18,1497.28,6296.79,26135.0,164566606.65
2025-07-21,1485.05,6305.6,26140.0,164828384.0
2025-07-22,1509.54,6309.62,26130.0,164870370.6
2025-07-23,1512.31,6358.91,26120.0,166094729.2
2025-07-24,1521.02,6363.35,26120.0,166210702.0
2025-07-25,1531.13,6388.64,26110.0,166807390.4
2025-07-28,1557.42,6389.77,26120.0,166900792.4
2025-07-29,1493.41,6370.86,26165.0,166693551.9
2025-07-30,1507.63,6362.9,26195.0,166676165.5
2025-07-31,1502.52,6339.39,26200.0,166092018.0
2025-08-01,1495.21,6238.01,26197.0,163417147.97
2025-08-04,1528.19,6329.94,26190.0,165781128.6
2025-08-05,1547.15,6299.19,26174.0,164874999.06
2025-08-06,1573.71,6345.06,26225.0,166399198.5
2025-08-07,1581.81,6340.0,26200.0,166108000.0
2025-08-08,1584.95,6389.45,26190.0,167339695.5
2025-08-11,1596.86,6373.45,26200.0,166984390.0
2025-08-12,1608.22,6445.76,26231.0,169078730.56
2025-08-13,1611.6,6466.58,26245.0,169715392.1
2025-08-14,1640.69,6468.54,26265.0,169896203.1
2025-08-15,1630.0,6449.8,26230.0,169178254.0
2025-08-18,1636.37,6449.15,26240.0,169225696.0
2025-08-19,1654.2,6411.37,26275.0,168458746.75
2025-08-20,1664.36,6395.78,26290.0,168145056.2
2025-08-21,1688.0,6370.17,26370.0,167981382.9
2025-08-22,1645.47,6466.91,26405.0,170758758.54999998
2025-08-25,1614.03,6439.32,26300.0,169354116.0
2025-08-26,1667.63,6465.94,26300.0,170054222.0
2025-08-27,1672.78,6481.4,26340.0,170720076.0
2025-08-28,1680.86,6501.86,26374.0,171480055.64
2025-08-29,1682.21,6460.26,26360.0,170292453.6
2025-09-03,1681.3,6448.26,26340.0,169847168.4
2025-09-04,1696.29,6502.08,26365.0,171427339.2
2025-09-05,1666.97,6481.5,26360.0,170852340.0
2025-09-08,1624.53,6495.15,26375.0,171309581.25
2025-09-09,1637.32,6512.61,26385.0,171835214.85
2025-09-10,1643.26,6532.04,26360.0,172184574.4
2025-09-11,1657.75,6587.47,26370.0,173711583.9
2025-09-12,1667.26,6584.29,26375.0,173660648.75
2025-09-15,1684.9,6615.28,26355.0,174345704.4
2025-09-16,1680.9,6606.76,26355.0,174121159.8
2025-09-17,1670.97,6600.35,26381.0,174123833.35000002
2025-09-18,1665.18,6631.96,26340.0,174685826.4
2025-09-19,1658.62,6664.36,26355.0,175639207.79999998
2025-09-22,1634.45,6693.75,26355.0,176413781.25
2025-09-23,1635.26,6656.92,26395.0,175709403.4
2025-09-24,1657.46,6637.97,26395.0,175209218.15
2025-09-25,1666.09,6604.72,26395.0,174331584.4
2025-09-26,1660.7,6643.7,26380.0,175260806.0
2025-09-29,1666.48,6661.21,26385.0,175756025.85
2025-09-30,1661.7,6688.46,26414.0,176668982.44
2025-10-01,1665.05,6711.2,26425.0,177343460.0
2025-10-02,1652.71,6715.35,26405.0,177318816.75
2025-10-03,1645.82,6715.79,26393.0,177249845.47
2025-10-06,1695.5,6740.28,26375.0,177774885.0
2025-10-07,1685.3,6714.59,26340.0,176862300.6
2025-10-08,1697.83,6753.72,26340.0,177892984.8
2025-10-09,1716.47,6735.11,26335.0,177369121.85
2025-10-10,1747.55,6552.51,26346.0,172632428.46
2025-10-13,1765.12,6654.72,26310.0,175085683.20000002
2025-10-14,1761.06,6644.31,26325.0,174911460.75
2025-10-15,1757.95,6671.06,26343.0,175735733.58
2025-10-16,1766.85,6629.07,26315.0,174443977.04999998
2025-10-17,1731.19,6664.01,26310.0,175330103.1
2025-10-20,1636.43,6735.13,26337.0,177383118.81
2025-10-21,1663.43,6735.35,26330.0,177341765.5
2025-10-22,1678.5,6699.4,26333.0,176415300.2
2025-10-23,1687.06,6738.44,26345.0,177524201.79999998
2025-10-24,1683.18,6791.69,26312.0,178702947.28
2025-10-27,1652.54,6875.16,26280.0,180679204.79999998
2025-10-28,1680.5,6890.89,26280.0,181092589.20000002
2025-10-29,1685.83,6890.59,26308.0,181277641.72
2025-10-30,1669.57,6822.34,26335.0,179666323.9
2025-10-31,1639.65,6840.2,26315.0,179999863.0
2025-11-03,1617.0,6851.97,26310.0,180275330.70000002
2025-11-04,1651.98,6771.55,26309.0,178152708.95000002
2025-11-05,1654.89,6796.29,26295.0,178708445.55
2025-11-06,1642.64,6720.32,26300.0,176744416.0
2025-11-07,1599.1,6728.8,26285.0,176866508.0
2025-11-10,1580.54,6832.43,26280.0,179556260.4
2025-11-11,1593.61,6846.61,26270.0,179860444.7
2025-11-12,1631.86,6850.92,26280.0,180042177.6
2025-11-13,1631.44,6737.49,26280.0,177061237.2
2025-11-14,1635.46,6734.11,26320.0,177241775.2
2025-11-17,1654.42,6672.41,26325.0,175651193.25
2025-11-18,1659.92,6617.32,26335.0,174267122.2
2025-11-19,1649.0,6642.16,26378.0,175206896.48
2025-11-20,1655.99,6538.76,26376.0,172466333.76000002
2025-11-21,1654.93,6602.99,26366.0,174094434.34
2025-11-24,1667.98,6705.12,26349.0,176673206.88
2025-11-25,1660.36,6765.88,26350.0,178280938.0
2025-11-26,1680.36,6812.61,26343.0,179464585.23
2025-11-28,1690.99,6849.09,26372.0,180624201.48
2025-12-01,1701.67,6812.63,26330.0,179376547.9
2025-12-02,1717.06,6829.37,26340.0,179885605.8
2025-12-03,1731.77,6849.72,26340.0,180421624.8
2025-12-04,1737.24,6857.12,26345.0,180650826.4
2025-12-05,1741.32,6870.4,26340.0,180966336.0
2025-12-08,1753.74,6846.51,26320.0,180200143.20000002
2025-12-09,1747.17,6840.51,26320.0,180042223.20000002
2025-12-10,1718.98,6886.68,26340.0,181395151.20000002
2025-12-11,1698.9,6901.0,26355.0,181875855.0
2025-12-12,1646.89,6827.41,26300.0,179560883.0
2025-12-15,1646.01,6816.51,26303.0,179294662.53
2025-12-16,1679.18,6800.26,26290.0,178778835.4
2025-12-17,1673.66,6721.43,26310.0,176840823.3
2025-12-18,1676.98,6774.76,26300.0,178176188.0
2025-12-19,1704.31,6834.5,26285.0,179644832.5
2025-12-22,1751.03,6878.49,26265.0,180663539.85
2025-12-23,1772.15,6909.79,26300.0,181727477.0
2025-12-24,1782.82,6932.05,26326.0,182493148.3
2025-12-26,1729.8,6929.94,26277.0,182098033.38
2025-12-29,1754.84,6905.74,26255.0,181310203.7
2025-12-30,1766.9,6896.24,26245.0,180991818.79999998
2025-12-31,1784.49,6845.5,26225.0,179523237.5
2026-01-05,1788.4,6902.05,26295.0,181489404.75
2026-01-06,1816.27,6944.82,26269.0,182433476.57999998
2026-01-07,1861.58,6920.93,26274.0,181840514.82
2026-01-08,1855.56,6921.46,26271.0,181833675.66
2026-01-09,1867.9,6966.28,26230.0,182725524.4
2026-01-12,1877.33,6977.27,26225.0,182978905.75
2026-01-13,1902.93,6963.74,26270.0,182937449.79999998
2026-01-14,1894.44,6926.6,26250.0,181823250.0
2026-01-15,1864.8,6944.47,26230.0,182153448.1
2026-01-16,1879.13,6940.01,26230.0,182036462.3
2026-01-20,1893.78,6796.86,26225.0,178247653.5
2026-01-21,1885.44,6875.62,26264.0,180581283.68
2026-01-22,1882.73,6913.35,26225.0,181302603.75
2026-01-23,1870.79,6915.61,26267.0,181652327.87
2026-01-26,1843.72,6950.23,26205.0,182130777.14999998
2026-01-27,1830.5,6978.6,26181.0,182706726.60000002
2026-01-28,1802.91,6978.03,26130.0,182335923.9
2026-01-29,1814.98,6969.01,26020.0,181333640.20000002
2026-01-30,1829.04,6939.03,25950.0,180067828.5
2026-02-02,1806.5,6976.44,25880.0,180550267.2
2026-02-03,1813.4,6917.81,25970.0,179655525.70000002
2026-02-04,1791.43,6882.72,26000.0,178950720.0
2026-02-05,1782.56,6798.4,25978.0,176608835.2
2026-02-06,1755.49,6932.3,25940.0,179823862.0
2026-02-09,1754.82,6964.82,25900.0,180388838.0
2026-02-10,1754.03,6941.81,25860.0,179515206.60000002
2026-02-11,1796.85,6941.47,25840.0,179367584.8
2026-02-12,1814.09,6832.76,25950.0,177310122.0
2026-02-13,1824.09,6836.17,25910.0,177125164.7
2026-02-23,1860.14,6837.75,25920.0,177234480.0
2026-02-24,1867.62,6890.07,26080.0,179693025.6
2026-02-25,1860.91,6946.13,26180.0,181849683.4
2026-02-26,1879.64,6908.86,26099.0,180314337.14
2026-02-27,1880.33,6878.88,26030.0,179057246.4
2026-03-02,1846.1,6881.62,26040.0,179197384.8
2026-03-03,1813.14,6816.63,26160.0,178323040.8
2026-03-04,1818.27,6869.5,26150.0,179637425.0
2026-03-05,1808.51,6830.71,26165.0,178725527.15
2026-03-06,1767.84,6740.02,26210.0,176655924.20000002
2026-03-09,1652.79,6795.99,26180.0,177919018.2
2026-03-10,1676.73,6781.48,26245.0,177979942.6
2026-03-11,1728.34,6775.8,26175.0,177356565.0
2026-03-12,1709.61,6672.62,26190.0,174755917.8
2026-03-13,1696.24,6632.19,26240.0,174028665.6
2026-03-16,1693.21,6699.38,26271.0,175999411.98
2026-03-17,1710.29,6716.09,26260.0,176364523.4
2026-03-18,1713.83,6624.7,26280.0,174097116.0
2026-03-19,1699.13,6606.49,26300.0,173750687.0
2026-03-20,1647.81,6506.48,26255.0,170827632.39999998
2026-03-23,1591.17,6581.0,26285.0,172981585.0
2026-03-24,1614.77,6556.37,26339.0,172688229.43
2026-03-25,1658.19,6591.9,26350.0,173696565.0
2026-03-26,1644.63,6477.16,26341.0,170614871.56
2026-03-27,1672.8,6368.85,26348.0,167806459.8
2026-03-30,1662.54,6343.72,26320.0,166966710.4
2026-03-31,1674.49,6528.52,26335.0,171928574.20000002
2026-04-01,1702.93,6575.32,26323.0,173082148.35999998
2026-04-02,1694.82,6582.69,26310.0,173190573.89999998
2026-04-06,1674.99,6611.83,26318.0,174010141.94
2026-04-07,1677.54,6616.85,26312.0,174102557.20000002
2026-04-08,1756.55,6782.81,26305.0,178421817.05
2026-04-09,1736.68,6824.66,26304.0,179515856.64
2026-04-10,1750.0,6816.89,26320.0,179420544.8
2026-04-13,1758.96,6886.24,26335.0,181349130.4
2026-04-14,1775.65,6967.38,26325.0,183416278.5
2026-04-15,1800.65,7022.95,26340.0,184984503.0
2026-04-16,1819.83,7041.28,26302.0,185199746.56
2026-04-17,1817.17,7126.06,26300.0,187415378.0
2026-04-20,1837.11,7109.14,26313.0,187062800.82000002
2026-04-21,1833.48,7064.01,26308.0,185839975.08
2026-04-22,1857.3,7137.9,26325.0,187905217.5
2026-04-23,1870.36,7108.4,26320.0,187093088.0
2026-04-24,1853.29,7165.08,26294.0,188398613.52
2026-04-28,1875.84,7138.8,26350.0,188107380.0
2026-04-29,1854.1,7135.95,26330.0,187889563.5
2026-05-04,1854.06,7200.75,26355.0,189775766.25
2026-05-05,1874.85,7259.22,26312.0,191004596.64000002
2026-05-06,1891.2,7365.12,26280.0,193555353.6
2026-05-07,1909.01,7337.11,26320.0,193112735.2
2026-05-08,1915.37,7398.93,26260.0,194295901.8
2026-05-11,1895.5,7412.84,26306.0,195002169.04
2026-05-12,1901.1,7400.96,26320.0,194793267.2
2026-05-13,1898.37,7444.25,26299.0,195776330.75
2026-05-14,1925.46,7501.24,26317.0,197410133.07999998
2026-05-15,1921.6,7408.5,26340.0,195139890.0
2026-05-18,1927.94,7403.05,26350.0,195070367.5
2026-05-19,1912.93,7353.61,26327.0,193598490.47
2026-05-20,1913.23,7432.97,26329.0,195702667.13
2026-05-21,1896.89,7445.72,26355.0,196231950.6
2026-05-22,1877.13,7473.47,26350.0,196925934.5
2026-05-26,1884.18,7519.12,26322.0,197918276.64
2026-05-27,1874.43,7520.36,26294.0,197740345.84
2026-05-28,1863.67,7563.63,26273.0,198719250.99
2026-05-29,1863.49,7580.06,26326.0,199552659.56
2026-06-01,1844.54,7599.96,26255.0,199536949.8
2026-06-02,1826.47,7609.78,26265.0,199870871.7
2026-06-03,1819.01,7553.68,26275.0,198472942.0
2026-06-04,1831.55,7584.31,26290.0,199391509.9
2026-06-05,1838.9,7383.74,26275.0,194007768.5
2026-06-08,1790.53,7405.73,26270.0,194548527.1
2026-06-09,1793.05,7386.65,26285.0,194158095.25
2026-06-10,1803.71,7266.99,26270.0,190903827.29999998
2026-06-11,1798.61,7394.3,26265.0,194211289.5
2026-06-12,1791.65,7431.46,26325.0,195633184.5
2026-06-15,1799.31,7554.29,26250.0,198300112.5
2026-06-16,1807.94,7511.35,26230.0,197022710.5
2026-06-17,1806.2,7420.1,26240.0,194703424.0
2026-06-18,1830.47,7500.58,26265.0,197002733.7
2026-06-22,1857.91,7472.79,26265.0,196272829.35
2026-06-23,1869.04,7365.46,26315.0,193822079.9
2026-06-24,1878.02,7358.22,26265.0,193263648.3
2026-06-25,1863.07,7357.49,26330.0,193722711.7
2026-06-26,1871.91,7354.02,26315.0,193521036.3
2026-06-29,1854.97,7440.43,26245.0,195274085.35
2026-06-30,1860.01,7499.36,26230.0,196708212.79999998
2026-07-01,1867.21,7483.23,26255.0,196472203.64999998
2026-07-02,1866.35,7483.24,26299.0,196801728.76
2026-07-06,1843.5,7537.43,26294.0,198189184.42000002
2026-07-07,1848.25,7503.85,26299.0,197343751.15
2026-07-08,1853.7,7482.71,26289.0,196712963.19
2026-07-09,1840.7,7543.64,26294.0,198352470.16
2026-07-10,1828.34,7575.39,26290.0,199157003.1
2026-07-13,1800.54,7515.34,26261.0,197360343.74
2026-07-14,1806.63,7543.59,26250.0,198019237.5
2026-07-15,1782.12,7572.4,26259.0,198843651.6
2026-07-16,1804.24,7533.77,26254.0,197791597.58
2026-07-17,1787.45,7457.69,26251.0,195771820.19
2026-07-20,1743.51,7443.28,26292.0,195698717.76
2026-07-21,1730.56,7509.2,26290.0,197416868.0
2026-07-22,1668.53,7498.96,26300.0,197222648.0
2026-07-23,1699.38,7408.3,26305.0,194875331.5
2026-07-24,1686.11,7411.98,26314.0,195038841.72
2026-07-27,1669.01,7413.18,26300.0,194966634.0
2026-07-28,1680.62,7428.78,26313.0,195473488.14
2026-07-29,1704.68,7316.15,26330.0,192634229.5
2026-07-30,1744.66,7437.63,26321.0,195765859.23
2026-07-31,1735.78,7489.72,26279.0,196822351.88
2026-08-03,1762.84,7600.5,26291.0,199824745.5
2026-08-04,1777.23,7736.52,26286.0,203362164.72
2026-08-05,1776.46,7723.55,26259.0,202812699.45000002
2026-08-06,1764.78,7709.96,26249.0,202378740.04
2026-08-07,1768.06,7757.64,26234.0,203513927.76000002
2026-08-10,1776.77,7753.11,26203.0,203154741.32999998
2026-08-11,1773.41,7728.2,26150.0,202092430.0
2026-08-12,1793.18,7748.5,26130.0,202468305.0
2026-08-13,1765.63,7798.99,26049.0,203155890.51
2026-08-14,1729.08,7785.76,26070.0,202974763.20000002
2026-08-17,1727.46,7745.06,26147.0,202510083.82000002
2026-08-18,1732.02,7691.76,26200.0,201524112.0
2026-08-19,1726.69,7707.98,26175.0,201756376.5
2026-08-20,1734.24,7641.16,26179.0,200037927.64
2026-08-21,1768.12,7674.37,26099.0,200293382.63
2026-08-24,1788.78,7652.86,26110.0,199816174.6
2026-08-25,1791.41,7677.28,26172.0,200929772.16
2026-08-26,1821.32,7675.7,26109.0,200404851.29999998
2026-08-27,1831.56,7730.99,26102.0,201794300.98
2026-08-28,1832.12,7711.76,26076.0,201091853.76000002
2026-09-03,1827.72,7747.71,26070.0,201982799.7
2026-09-04,1853.08,7718.6,26070.0,201223902.0
2026-09-08,1830.44,7673.52,26015.0,199626622.8
2026-09-09,1827.12,7636.36,25974.0,198346814.64
2026-09-10,1829.23,7591.7,25904.0,196655396.79999998
2026-09-11,1795.21,7656.98,25921.0,198476578.57999998
2026-09-14,1788.23,7619.98,25920.0,197509881.6
2026-09-15,1811.15,7585.73,25984.0,197107608.32
2026-09-16,1810.11,7551.81,25958.0,196029883.98000002
2026-09-17,1822.77,7637.76,25990.0,198505382.4
2026-09-18,1815.66,7650.5,26009.0,198981854.5
2026-09-21,1799.67,7764.7,26019.0,202029729.29999998
2026-09-22,1816.93,7764.64,26020.0,202035932.8
2026-09-23,1801.65,7706.03,26013.0,200456958.39
2026-09-24,1775.09,7704.13,26007.0,200361308.91
