date,open,high,low,close,volume
2016-01-04,579.03,579.97,573.15,574.41,95930580
2016-01-05,571.66,575.4,569.26,569.94,97997540
2016-01-06,569.5,574.57,569.5,574.57,82285160
2016-01-07,570.62,570.94,561.09,565.36,140610960
2016-01-08,562.62,563.17,556.36,560.05,133652640
2016-01-11,559.3,563.04,557.51,557.87,100564840
2016-01-12,557.36,564.26,557.36,564.26,101936980
2016-01-13,565.21,566.02,560.37,560.37,116482120
2016-01-14,555.88,556.62,550.6,553.03,128698360
2016-01-15,554.35,556.55,543.04,543.04,119036170
2016-01-18,532.54,532.54,518.16,526.37,155232200
2016-01-19,525.65,535.77,525.65,535.77,113134420
2016-01-20,532.81,536.57,529.42,529.44,110084630
2016-01-21,529.44,531.21,520.74,521.88,139640150
2016-01-22,521.88,525.83,513.82,522.24,159197830
2016-01-25,522.24,542.36,522.24,542.35,141544590
2016-01-26,534.06,542.98,531.27,537.73,129406630
2016-01-27,541.18,543.88,540.03,542.69,113837250
2016-01-28,542.01,544.73,538.59,539.47,107972910
2016-01-29,539.96,545.71,537.51,545.25,98772890
2016-02-01,545.27,548.58,540.56,540.56,91516390
2016-02-02,537.71,542.26,535.38,536.45,81857900
2016-02-03,531.11,539.07,530.23,539.07,72488010
2016-02-04,542.91,545.17,541.66,542.15,58991600
2016-02-05,540.64,545.54,540.64,544.75,58916530
2016-02-15,540.13,544.59,537.81,543.79,63716290
2016-02-16,545.72,548.89,545.72,548.05,101448930
2016-02-17,551.38,552.38,547.05,547.05,108235660
2016-02-18,551.08,555.05,549.16,552.49,105390240
2016-02-19,552.37,555.16,551.38,554.03,176932600
2016-02-22,555.31,561.44,555.31,560.71,146133920
2016-02-23,564.75,567.58,561.09,561.28,151169460
2016-02-24,559.48,569.7,557.77,568.04,150465740
2016-02-25,571.15,573.63,562.82,562.82,128761360
2016-02-26,565.61,566.8,562.39,566.11,96285500
2016-02-29,566,566,559,559,116967696
2016-03-01,560.03,565.65,560.03,561.56,115276230
2016-03-02,564.85,570.18,562.97,570.18,140295650
2016-03-03,573.06,573.88,569.39,570.39,121565340
2016-03-04,570.18,576.02,568.83,573.65,131099670
2016-03-07,575.76,580.95,575.39,576.2,154505980
2016-03-08,576.75,579.87,574.53,574.71,141443700
2016-03-09,573.47,576.32,571.48,571.71,118988380
2016-03-10,574.07,575.91,571.52,575.91,118002950
2016-03-11,576.12,580.93,574.81,577.26,134136630
2016-03-14,579.61,579.84,576.26,577.98,122214350
2016-03-15,577.98,578.96,572.59,574.04,138716120
2016-03-16,573.88,577.96,573.37,577.07,138524560
2016-03-17,581.55,583.53,579.26,579.26,138979600
2016-03-18,579.95,580.81,575.44,575.82,174491080
2016-03-21,577.65,580.83,572.27,572.27,143177260
2016-03-22,572.27,573.8,567.8,570.91,122911350
2016-03-23,570.74,575.22,570.39,574.71,130484450
2016-03-24,573.93,577.21,570.66,570.66,140020360
2016-03-25,569.48,572.48,564.88,572.08,132180850
2016-03-28,573.69,576,571.58,575.72,110859230
2016-03-29,575.63,576.07,568.28,568.28,132852470
2016-03-30,566.08,571.89,565.55,569.91,122484050
2016-03-31,569,571,561,561,145625024
2016-04-01,560.64,562.73,557.96,558.43,116291560
2016-04-04,557.56,560.92,554.3,555.82,108880000
2016-04-05,556.69,560.32,555.15,560.32,112087100
2016-04-06,561.94,567.79,560.63,567.79,99562200
2016-04-07,570.72,572.56,567.01,571.6,117899300
2016-04-08,571.21,574.46,569.09,572.34,111597810
2016-04-11,575.11,581.88,575.01,579.27,129674560
2016-04-12,580.9,582.97,577.17,579.84,138444120
2016-04-13,580.77,582.81,575.65,578.02,130634250
2016-04-14,575.69,584.81,575.69,579.49,116830600
2016-04-15,581.54,586.36,579.86,579.86,115434600
2016-04-19,578.32,578.44,568.28,568.28,125545070
2016-04-20,569.8,571.71,565.3,568.03,108722460
2016-04-21,571.19,577.41,570.71,575.73,100005660
2016-04-22,574.57,592.48,574.57,592.48,129717340
2016-04-25,597.91,601.61,591.58,591.58,130331660
2016-04-26,590.99,598.48,590.19,598.48,132638550
2016-04-27,601.79,601.79,591.35,593.96,134186560
2016-04-28,594.98,597.28,589.97,591.67,94003230
2016-04-29,591.2,599.71,591.2,598.37,110322990
2016-05-04,595.95,603.08,592.43,599.07,131949650
2016-05-05,600.66,605.21,600.5,601.51,120477350
2016-05-06,602.4,608.94,602.17,606.52,113045550
2016-05-09,610.92,612.97,603.85,603.85,105330980
2016-05-10,600.35,605.46,597.74,605.05,107970160
2016-05-11,606.6,614.06,606.06,614.06,104828050
2016-05-12,615.55,617.56,612.12,612.12,86561510
2016-05-13,612.32,615.3,608.04,610.82,105664260
2016-05-16,610.13,616.17,608.49,615.78,90053950
2016-05-17,620.54,626.12,618.67,624.75,116003280
2016-05-18,625.53,627.81,621.79,622.45,113469020
2016-05-19,621.83,623.68,618.13,619.2,114111200
2016-05-20,620.72,622.48,614.41,614.81,89160520
2016-05-23,616.11,616.83,610.45,611.03,76074600
2016-05-24,612.23,613.14,608.15,611.62,95492370
2016-05-25,613.96,616.38,611.89,611.89,95084720
2016-05-26,611.88,613.37,604.34,604.34,94423070
2016-05-27,604.36,609.94,603.23,608.11,89454250
2016-05-30,609.98,615.52,608.46,614.5,101592790
2016-05-31,616,621,615,618,107978416
2016-06-01,618.2,620.2,616.3,619.86,99652390
2016-06-02,619.19,624.52,618.38,623.37,121873950
2016-06-03,623.21,625.19,621.62,621.88,118639060
2016-06-06,621.09,624.55,616.98,620.05,118156660
2016-06-07,622.4,624.69,620.05,624.65,112253160
2016-06-08,626.84,632.68,626.29,627.87,126073730
2016-06-09,628.4,631.26,626.27,631.26,116376380
2016-06-10,629.95,633.47,628.56,629.84,128988300
2016-06-13,626.26,627.36,621.4,623.58,116109850
2016-06-14,621.63,626.4,619.13,625.43,91857820
2016-06-15,624.63,628.75,621.76,627.02,103691960
2016-06-16,627.38,630.21,625.11,625.11,116946050
2016-06-17,622.92,624.59,618.16,619.25,143669220
2016-06-20,622.04,626.46,619.25,626.46,94712000
2016-06-21,629.03,631.96,626.46,628,108155080
2016-06-22,628.77,629.95,625.81,626.41,93762050
2016-06-23,626.47,632.6,626.41,632.27,105505080
2016-06-24,631.77,632.27,597.68,620.77,262210430
2016-06-27,616.19,621.27,608.26,621.27,101865150
2016-06-28,617.68,624.85,617.65,622.2,76760440
2016-06-29,623.56,631.25,623.56,630.12,113362110
2016-06-30,633,637,632,632,99042576
2016-07-01,632.26,643.55,632.26,640.3,106711160
2016-07-04,643.11,647.96,641.96,647.96,124752900
2016-07-05,650.47,658.45,647.52,650.88,140423840
2016-07-06,646.8,652.36,644.07,649.46,117965440
2016-07-07,652.49,661.12,652.13,661.12,130188390
2016-07-08,661.07,665.53,655.91,658.68,131939490
2016-07-11,658.92,664.89,648.77,652.26,146647990
2016-07-12,652.81,658.9,649.86,658.9,149112960
2016-07-13,662.04,676.06,662.04,675.12,138393530
2016-07-14,675.66,681.75,666.69,666.69,152057570
2016-07-15,666.69,670.18,661.47,664.56,116464580
2016-07-18,664.12,673.5,662.25,673.5,122748180
2016-07-19,675.89,677.35,660.09,667.76,131066870
2016-07-20,667.86,667.86,660.26,660.26,124236080
2016-07-21,662.72,665.9,656.03,659.57,104596580
2016-07-22,657.15,658.06,640.26,649.87,140165040
2016-07-25,651.33,654.17,646.04,649.3,86417860
2016-07-26,648.58,651.93,642.91,648.59,97294620
2016-07-27,648.03,656.11,647.74,656.11,111642190
2016-07-28,655.81,657.2,649.86,657.14,115779900
2016-07-29,654.19,657.88,650.98,652.23,112283210
2016-08-01,655.38,655.38,646.02,648.38,89743110
2016-08-02,643.2,643.2,633.33,636.05,136282920
2016-08-03,632.98,634.75,627.66,631.61,87450230
2016-08-04,633.74,641.02,631.94,631.94,103788870
2016-08-05,629.69,630.18,622.49,627.39,118506920
2016-08-08,627.39,629.91,622.14,629.46,84087430
2016-08-09,629.66,637.34,629.66,637.34,87157080
2016-08-10,637.21,648.48,637.21,648.33,107877050
2016-08-11,649.27,660.24,648.31,660.24,134689840
2016-08-12,665.14,668.52,652.67,655.71,117895770
2016-08-15,654.06,659.47,653.64,659.47,114385770
2016-08-16,659.47,662.13,656.83,658.11,128458310
2016-08-17,659.46,660.76,657.06,660.51,113029210
2016-08-18,663.56,665.94,656.35,660.65,120173290
2016-08-19,664.09,666.93,659.64,662.28,101626960
2016-08-22,662.87,664.95,657.68,657.68,109773170
2016-08-23,653.58,659.16,652.88,659.16,90297080
2016-08-24,660.95,665.43,659.7,660.77,98316870
2016-08-25,660.77,660.77,656.49,658.5,106728730
2016-08-26,662.9,668.84,662.9,667.75,109776940
2016-08-29,670.71,679.62,669.44,669.44,108619910
2016-08-30,667.96,672.67,666.33,672.67,87433660
2016-08-31,673,676,671,675,93688888
2016-09-01,674.19,674.72,664.77,669.19,93925040
2016-09-05,669.3,669.97,660.31,664.55,103194860
2016-09-06,666.38,668.4,663.9,663.9,87906500
2016-09-07,663.05,663.68,656.22,661.28,88002530
2016-09-08,661.89,668.2,660.54,666.07,112627640
2016-09-09,669.24,672.39,666.88,666.88,95460760
2016-09-12,665.77,666.04,655.55,659.76,88572250
2016-09-13,658.61,661.74,654.95,659.72,81226280
2016-09-14,658.16,661.82,656.64,656.64,92963280
2016-09-15,657.46,660.32,654.84,656.18,105142830
2016-09-16,654.68,657.53,651.31,651.31,184317130
2016-09-19,651.31,658.35,651.31,657.89,104348350
2016-09-20,656.2,663.37,653.28,663.37,100490650
2016-09-21,663.12,668.83,662.79,668.48,134925820
2016-09-22,668.48,675.36,668.48,671.38,112592880
2016-09-23,670.73,674.09,670.3,674.09,99084600
2016-09-26,673.21,677.04,671.51,677.04,91965270
2016-09-27,676.61,684.89,676.24,684.89,115019350
2016-09-28,684.99,687.94,682.98,686.72,111646620
2016-09-29,689.82,692.17,685.91,688.55,109747830
2016-09-30,689,689,685,686,102428416
2016-10-03,687.68,687.98,681.99,683.05,108519140
2016-10-04,682.82,689.17,680.24,684.2,111644670
2016-10-05,686.41,689.5,685.48,687.04,106465990
2016-10-06,687.04,690.93,687.04,687.32,140831260
2016-10-07,689.51,690.14,680.26,683.95,128830960
2016-10-10,684.05,684.46,674.19,674.19,119618590
2016-10-11,677.63,682.36,669.2,682.36,126219300
2016-10-12,683.88,686.18,681.12,682.45,107650470
2016-10-13,680.73,685.23,678.79,685.23,117781230
2016-10-14,685.06,690.62,684.78,687,134748710
2016-10-17,687.18,687.94,680.95,680.95,106159380
2016-10-18,680.44,682.99,678.13,682.02,100892180
2016-10-19,683.83,689.88,683.25,688.89,122517570
2016-10-20,690.45,690.86,685.63,686.39,106042150
2016-10-21,685.77,687.54,683.76,684.83,111996680
2016-10-24,683.14,684.51,678.66,678.02,91994310
2016-10-25,676.29,677.37,670.6,676.18,108043320
2016-10-26,676.18,676.18,670.8,673.61,91959690
2016-10-27,672.81,676.9,671.61,676.9,85549590
2016-10-28,676.74,682.25,675.85,682.25,103029880
2016-10-31,682,683,676,676,114384032
2016-11-01,675.13,676.6,672.33,676.6,103689100
2016-11-02,675.68,678.14,671.4,671.4,128035040
2016-11-03,668.66,668.66,661.86,667.63,114649680
2016-11-04,666.93,668.99,665.08,666.73,74501690
2016-11-07,667.12,674.36,666.61,674.14,86516180
2016-11-08,675.82,677.91,674.33,676.46,77559310
2016-11-09,675.57,675.57,656.68,670.26,129849160
2016-11-10,675.36,678.54,675.18,678.17,104949360
2016-11-11,678.38,679.56,676.73,679.2,96643530
2016-11-14,677.13,679.96,672.45,673.05,111753270
2016-11-15,673.75,675.73,671.55,674.26,105064180
2016-11-16,674.85,676.9,673.95,674.6,102400010
2016-11-17,674.5,676.48,673.13,674.57,119114290
2016-11-18,673.82,675.15,669.18,673.25,96180820
2016-11-21,673.2,675.04,671.65,674.29,96259380
2016-11-22,675.23,681.91,675.23,681.91,106254350
2016-11-23,681.17,684.12,679.81,683.16,109567320
2016-11-24,683.61,683.61,676.39,678.18,117539200
2016-11-25,678.47,678.87,671.48,675.87,108511930
2016-11-28,672.49,673.18,660.96,665.29,94780750
2016-11-29,665.11,667.79,658.26,658.26,111429590
2016-11-30,658,666,655,665,115315368
2016-12-01,670.69,670.76,666.54,666.54,107595380
2016-12-02,667.26,667.39,662.09,665.14,106687860
2016-12-05,663.06,663.87,658.11,660.21,87046940
2016-12-06,660.68,660.77,648.37,651.49,117960660
2016-12-07,648.63,654.13,647.33,653.53,103897120
2016-12-08,655.48,660.72,655.48,658.89,90796840
2016-12-09,659.46,664.46,659.46,663.07,79953030
2016-12-12,663.7,664.67,658.84,659.7,94354570
2016-12-13,662.27,663.54,654.34,654.66,111295850
2016-12-14,657.39,665.14,657.39,665.14,193827050
2016-12-15,668.07,668.07,664.08,665.92,107135700
2016-12-16,670.43,675.19,668.3,675.16,155852900
2016-12-19,673.98,679.9,673.88,674.33,107085610
2016-12-20,673.93,674.28,662.66,662.66,92619080
2016-12-21,662.36,667.06,657.4,666.94,81863850
2016-12-22,669.01,669.95,663.7,664.15,86318960
2016-12-23,663.75,664.37,659.18,664.37,72131790
2016-12-26,665.67,665.73,662.09,662.45,67252060
2016-12-27,662.66,665.5,661.41,663.86,95593140
2016-12-28,665.9,666.64,661.8,663.5,101515350
2016-12-29,666.43,666.43,663.95,664.72,99258510
2016-12-30,664.17,665.49,663.4,664.87,90082950
2017-01-03,665.92,672.34,665.43,672.01,79722650
2017-01-04,672.58,675.93,672.21,674.7,92285170
2017-01-05,674.82,675.92,673.31,675.81,92735720
2017-01-06,675.35,683.76,675.22,679.8,111701460
2017-01-09,681.74,684.88,681.74,682.57,88221600
2017-01-10,682.77,683.02,680.76,681.07,78938330
2017-01-11,680.85,687.16,680.85,687.16,96461920
2017-01-12,688.71,688.99,685.59,686.96,102618890
2017-01-13,686.58,688.62,685.06,685.06,82155530
2017-01-16,684.62,684.82,677.85,677.94,76123340
2017-01-17,678.83,684.73,678.83,684.71,94123250
2017-01-18,683.74,687.76,683.28,683.28,84747660
2017-01-19,683.02,684.19,680.8,682.31,69116870
2017-01-20,684.56,688.42,684.37,686.26,80002540
2017-01-23,687.83,689.47,686.46,687.15,75819770
2017-01-24,687.08,692.45,687.08,691.36,92470490
2017-01-25,693.07,697.28,691.19,697.28,89267610
2017-02-02,699.91,703.2,697.71,703.18,82117060
2017-02-03,704.69,708.1,700.09,700.35,119246940
2017-02-06,702.02,702.02,696.92,700.04,115790760
2017-02-07,699.99,703.3,698.99,701.91,151064680
2017-02-08,702.67,702.77,700.47,702.04,131301380
2017-02-09,700.93,702.64,700.26,700.65,138329170
2017-02-10,701.15,704.08,701.15,703.78,129049870
2017-02-13,704.61,706.47,703.58,705.9,158112440
2017-02-14,706.41,707.32,703.85,706.26,169469810
2017-02-15,706.84,711.73,706.84,711.57,152178230
2017-02-16,712.61,717.57,709.35,709.35,189608500
2017-02-17,709.52,710.21,705.84,707.83,158563960
2017-02-20,705.72,711.4,704.41,710.59,186577070
2017-02-21,711.49,718.06,711.49,716.55,198966880
2017-02-22,717.77,719.09,715.36,717.24,213358850
2017-02-23,717.49,719.58,712.36,716.87,211235150
2017-02-24,716.35,717.94,713.7,714.47,231146780
2017-02-27,711.7,718.37,711.7,717.44,176837600
2017-02-28,718,719,711,711,183667856
2017-03-01,711.46,712.49,705.79,709.52,211022340
2017-03-02,712.68,713.53,707.51,707.51,164954330
2017-03-03,708.23,712.62,705.83,712.62,163479620
2017-03-06,714.61,718.04,714.01,716.29,156471030
2017-03-07,716.46,716.95,714.27,716.54,176411640
2017-03-08,715.04,718.78,713.89,716.6,162940400
2017-03-09,715.86,718.23,714.96,715.8,185884380
2017-03-10,715.85,716.81,712.21,712.21,185800020
2017-03-13,711.93,712.63,707.63,710.17,128790790
2017-03-14,709.9,716.49,709.29,714.71,125968160
2017-03-15,715.63,716.49,713.14,713.14,129782600
2017-03-16,712.56,715.03,710.66,714.92,162314460
2017-03-17,715.82,717.1,710.54,710.54,235368860
2017-03-20,711.44,717.54,711.44,715.07,158390700
2017-03-21,717.03,718.8,714.78,716.18,201545030
2017-03-22,715.78,720.68,712.94,712.94,254610300
2017-03-23,712.61,719.56,712.61,719.56,176869560
2017-03-24,719.56,724.36,719.56,722.14,200241730
2017-03-27,723.23,725.57,721.41,723.52,207369580
2017-03-28,724.37,725,718.66,719.26,186623970
2017-03-29,719.08,721.92,718.37,720.47,172783250
2017-03-30,721.87,725.91,721.87,723.86,180388070
2017-03-31,726,727,722,722,181949344
2017-04-03,723.02,724.37,721.58,722.38,177623170
2017-04-04,723.7,724.67,722.79,724.14,187134630
2017-04-05,724.89,726.03,722.49,723.22,196707340
2017-04-07,721.85,727.95,720.28,727.95,189771920
2017-04-10,728.71,730.9,727.77,729.87,144425190
2017-04-11,730.15,732.24,730.15,731.33,197010310
2017-04-12,731.62,732.87,724.48,725.58,213521570
2017-04-13,725.54,727.34,723.88,724.35,168105900
2017-04-14,722.67,722.96,714.13,718.45,183224860
2017-04-17,718.93,721.78,710.83,710.83,154510130
2017-04-18,708.64,714.93,705.55,714.93,156906940
2017-04-19,714.87,716.77,714.02,716.77,142094700
2017-04-20,716.76,716.76,712.66,712.66,125260980
2017-04-21,712.77,715.08,711.08,712.41,132811530
2017-04-24,711.6,712.77,709.39,709.39,129826020
2017-04-25,709,709.81,706.04,707.58,117943390
2017-04-26,706.36,710.04,706.32,710.04,134367260
2017-04-27,711.74,716.53,711.38,716.53,163516320
2017-04-28,715.9,717.73,713.83,717.73,175317340
2017-05-03,718.7,719.54,716.66,719.54,169302120
2017-05-04,717.98,723.22,717.98,722.02,199862840
2017-05-05,720,722,720,720,179559888
2017-05-08,720.61,720.61,717.98,718.86,200765930
2017-05-09,718.86,722.11,716.95,722.11,208726890
2017-05-10,721.94,727.52,721.81,724.31,207031480
2017-05-11,724.84,726.82,723.39,724.99,184492830
2017-05-12,724.63,726.4,724.41,725.37,175822670
2017-05-15,725.25,726.19,723.18,725.35,225204780
2017-05-16,725.84,727.86,725.03,725.03,283939360
2017-05-17,724.01,727.63,722.81,727.2,198308760
2017-05-18,727.2,729,723.8,726.99,207715300
2017-05-19,727.61,733.82,726.79,733.82,206013150
2017-05-22,738.63,746.87,738.63,744.1,239413730
2017-05-23,744.32,746.18,740.28,740.93,259818180
2017-05-24,739.91,744.27,737.3,742.74,199021090
2017-05-25,744.24,746.48,740.89,741.91,192545970
2017-05-26,741.4,743.46,740.6,743.41,182563920
2017-05-29,746.08,748.06,745.31,746.25,238391340
2017-05-30,747.07,747.43,738.21,738.21,243929050
2017-05-31,739,742,735,738,186925616
2017-06-01,739.45,742.23,737.82,741.8,136773790
2017-06-02,741.48,742.11,736.09,738.81,158389700
2017-06-05,739.13,745.14,738.35,743.49,157936290
2017-06-06,743.99,751.31,743.49,751.31,170947990
2017-06-07,752.75,754.92,751.31,753.46,192345690
2017-06-08,751.7,753.46,748.91,750.13,177252320
2017-06-09,749.46,752.01,749.04,749.72,170501090
2017-06-12,751.33,753.41,749,751.09,168761640
2017-06-13,751.09,756.89,750.1,756.89,161472560
2017-06-14,758.26,761.7,756.82,760.77,171867720
2017-06-15,760.38,762.98,758.17,760.57,167145290
2017-06-16,761.75,762.43,759.98,761.24,197513460
2017-06-19,763.75,766.83,761.24,766.83,178804100
2017-06-20,767.59,768.29,764.42,767.99,174082870
2017-06-21,765.71,767.99,758.9,767.41,192993090
2017-06-22,768.41,769.99,766.3,766.3,195187930
2017-06-23,765.66,769.01,763.64,769.01,212981550
2017-06-26,770.5,773.14,769.01,772.52,212474720
2017-06-27,773.15,773.4,767.19,767.51,217431160
2017-06-28,766.82,769.04,762.78,769.04,183664140
2017-06-29,771.26,773.08,769.04,771.75,198168950
2017-06-30,773,776,773,776,174259024
2017-07-03,777.2,780.01,775.53,778.88,184646110
2017-07-04,779.15,779.15,772.9,775.54,210154270
2017-07-05,775.85,778.32,773.81,778.32,202611490
2017-07-06,780.5,782.77,778.32,782.65,217291680
2017-07-07,783.73,783.81,775.73,775.73,237199480
2017-07-10,775.85,775.85,764.43,766.56,207350440
2017-07-11,766.56,769.36,761.57,769.36,198964720
2017-07-12,772.6,775.08,769.36,774.17,163777890
2017-07-13,777.12,778.3,773.85,778.3,183216330
2017-07-14,779.72,780.65,776.88,777.6,189794180
2017-07-17,777.7,778.3,766.47,768.91,225823120
2017-07-18,766.88,770.37,762.68,767.49,201070890
2017-07-19,771.33,774.12,767.49,771.3,205221170
2017-07-20,768.56,771.3,763.55,768.41,172385410
2017-07-21,768.9,770.43,761.86,761.86,162474290
2017-07-24,759.97,761.86,753.82,759.74,146939630
2017-07-25,757.43,767.27,757.35,767.27,139582860
2017-07-26,769.35,773.88,764.92,773.88,188632680
2017-07-27,773.21,774.97,770.3,771.5,191436360
2017-07-28,771,777,771,777,177186912
2017-07-31,778,784,777,784,258874944
2017-08-01,784.44,787.68,783.55,786.81,201082610
2017-08-02,782.41,788.23,779.96,786.23,194673150
2017-08-03,786.23,790.82,786.19,788.49,195378820
2017-08-04,789.46,790.12,786.09,788.68,189688130
2017-08-07,789.41,796.09,788.66,792.98,210236060
2017-08-08,795.8,796.62,789.84,791.57,213526640
2017-08-09,789.15,791.57,773.66,773.66,292795000
2017-08-10,769.58,776.77,769.58,773.43,178275390
2017-08-11,773.43,774.31,769.14,772.08,156752670
2017-08-14,772.17,776.42,772.01,776.17,159668260
2017-08-15,776.64,776.83,770.09,771.06,143870570
2017-08-16,771.1,773.57,766.8,773.57,156131920
2017-08-17,773.48,774.47,766.8,767.59,220817310
2017-08-18,762.82,774.47,762.46,768.97,162337400
2017-08-21,767.42,774.47,762.46,768.79,152284410
2017-08-22,768.2,768.79,760.3,761.26,145570650
2017-08-23,762.42,765.98,759.01,765.98,152531930
2017-08-24,766.48,771.65,764.64,769.77,208905050
2017-08-25,769.07,771.63,768.57,771.63,218265430
2017-08-28,771.81,777.26,770.51,777.26,240572610
2017-08-29,773.91,777.26,773.87,774.03,255981300
2017-08-30,774.31,778.65,773.85,778.65,193496470
2017-08-31,779,786,778,783,191640512
2017-09-01,784.42,789.19,782.76,788.73,137914410
2017-09-05,787.85,794.46,787.8,792.31,153091050
2017-09-06,792.16,793.82,788.89,793.55,144147770
2017-09-07,793.61,798.58,792.77,796.72,143540810
2017-09-08,797.98,802.9,796.72,801.2,122071810
2017-09-11,801.2,805.44,797.47,797.47,138929970
2017-09-12,795.53,801.01,794.88,799.94,133449030
2017-09-13,802.85,804.38,799.94,802.78,139692830
2017-09-14,803.34,807.29,802.78,806.32,139352800
2017-09-15,803.35,806.32,802.08,805.82,142760690
2017-09-18,808.51,809.39,805.37,807.87,167579320
2017-09-19,807.41,810.13,805.87,805.93,160487610
2017-09-20,806.88,807.51,803.33,805.86,137443940
2017-09-21,805.29,806.52,802.6,803.93,130767410
2017-09-22,805.15,808.16,803.93,807.13,150381610
2017-09-25,806.9,807.64,802.23,805.58,126085700
2017-09-26,806.4,806.84,801.66,805.35,155559280
2017-09-27,803.32,805.35,801.74,803.77,142029330
2017-09-28,803.1,810.35,803.1,804.82,161949260
2017-09-29,805.07,808.77,804.42,804.42,124224690
2017-10-02,805.29,808.09,801.7,802.23,101196300
2017-10-03,803.98,804.39,795.05,798,148218410
2017-10-04,797.39,805.66,797,805.66,109372380
2017-10-05,806.56,810.54,805.22,805.23,139251920
2017-10-06,805.7,808.13,803.81,807.8,119935950
2017-10-09,809.61,810.75,806.78,808.96,129146140
2017-10-10,808.43,810.65,806.3,810.65,138184800
2017-10-11,811.2,815.11,810.65,813.95,162513710
2017-10-12,814.43,818.44,813.72,815.87,136859420
2017-10-13,814.6,820.95,814.2,820.95,141204400
2017-10-16,821.54,823.85,819.43,819.43,149580780
2017-10-17,819.51,828.29,819.43,828.29,162264680
2017-10-18,829.43,831.15,826.72,827.72,183002780
2017-10-19,828.89,831.61,825.5,828.93,143640120
2017-10-20,827.93,833.57,826.84,826.84,175594060
2017-10-23,826.25,827.24,818.81,820.04,194440930
2017-10-24,818.08,825.24,814.92,825.24,141570200
2017-10-25,826.08,830.69,822.83,830.69,120610410
2017-10-26,829.94,834.67,823.92,830.11,166974910
2017-10-27,829.15,840.37,828.45,840.37,125941130
2017-10-30,842.92,849.3,840.37,845.2,162129150
2017-10-31,844,846,837,837,159926432
2017-11-01,838.75,842.88,837.28,842.71,154993610
2017-11-02,842.19,849.53,833.09,833.09,174440020
2017-11-03,833.16,843.73,831.58,843.73,149701990
2017-11-06,846.12,849.09,843.73,849.09,128405430
2017-11-07,850.2,854.6,847.88,850.33,150836950
2017-11-08,853.15,863.07,850.33,859.7,147296730
2017-11-09,862.38,864.2,858.16,860.4,142874820
2017-11-10,859.91,869.37,859.24,868.21,150463680
2017-11-13,871.7,879.34,868.21,879.34,189223330
2017-11-14,883.8,884.14,876.66,880.9,168957930
2017-11-15,877.65,884.83,876.6,882.59,162193450
2017-11-16,880.17,892.8,880.17,892.8,169624640
2017-11-17,893.99,898.11,886.86,890.69,168088500
2017-11-20,889.87,903.55,889.55,903.55,145015010
2017-11-21,907.51,929.89,903.55,918.3,207576000
2017-11-22,921.13,932.66,918.3,932.66,181455380
2017-11-23,938.31,943.15,927,933.7,205435150
2017-11-24,930.52,937.54,924.65,935.57,199758010
2017-11-27,933.38,947.06,931.29,938.61,225989050
2017-11-28,939.1,943.45,933.59,941.21,323706840
2017-11-29,943.46,952.14,940.4,952.14,206121930
2017-11-30,956,960,950,950,248899084
2017-12-01,952.76,960.33,949.93,960.33,226657365
2017-12-04,962.47,972.53,960.33,970.02,268885747
2017-12-05,972.28,974.8,953.3,953.3,264801518
2017-12-06,950.21,953.3,932.64,947.64,242816645
2017-12-07,950.23,954.24,932.68,938.65,196211880
2017-12-08,938.41,944.75,930.29,940.16,197176392
2017-12-11,930.17,940.16,917.45,917.45,192083805
2017-12-12,927.67,931.12,895.73,927.25,242792940
2017-12-13,932.05,932.48,922.97,924.4,156111264
2017-12-14,925.51,936.29,923.99,935.85,171631523
2017-12-15,933.63,939.57,932.96,935.16,239195950
2017-12-18,945.9,958.06,935.16,958.06,241021639
2017-12-19,961.03,963.01,951.25,951.42,227911477
2017-12-20,945.12,958.82,945.12,953.51,219329591
2017-12-21,949.45,957.56,946.06,946.06,211332183
2017-12-22,947.54,952.7,945.18,952.32,196376667
2017-12-25,954.28,958.57,952.32,958.31,167211387
2017-12-26,960.32,965.93,957.24,965.93,183593330
2017-12-27,969.72,972.6,965.18,968.46,234640508
2017-12-28,970.63,978.65,967.73,976.72,158614926
2017-12-29,978.39,990.1,976.33,984.24,209960294
2018-01-02,986.05,996.18,984.24,995.77,185285246
2018-01-03,999.86,1010.21,995.77,1005.67,236216643
2018-01-04,1009.37,1019.75,1005.67,1019.75,251786350
2018-01-05,1020.34,1020.6,1010.65,1012.65,281983216
2018-01-08,1011.36,1022.9,1004.89,1022.9,267791885
2018-01-09,1027.14,1033.56,1017.86,1033.56,319153690
2018-01-10,1034.64,1045.63,1033.01,1038.11,373999707
2018-01-11,1037.03,1049.73,1031.13,1048.17,314031903
2018-01-12,1050.17,1057.88,1046.38,1050.11,350740790
2018-01-15,1049.91,1063.47,1043.15,1063.47,292119041
2018-01-16,1059.36,1065.39,1052.43,1062.96,339774441
2018-01-17,1061.98,1064.77,1034.69,1034.69,332192428
2018-01-18,1028.76,1050.25,1020.01,1050.25,280976139
2018-01-19,1054.33,1067.21,1050.25,1062.07,341857498
2018-01-22,1066.86,1086.51,1062.07,1086.51,264693040
2018-01-25,1098.44,1117.08,1087.42,1104.57,509401981
2018-01-26,1122.55,1122.6,1103.06,1115.64,291674120
2018-01-29,1121.78,1130.1,1109.8,1109.8,276156693
2018-01-30,1099.98,1110.56,1092.44,1110.56,334896874
2018-01-31,1112.23,1128.1,1104.98,1110.36,349952858
2018-02-01,1111.74,1111.74,1090.25,1099.67,268030513
2018-02-02,1098.66,1105.04,1091.1,1105.04,199521956
2018-02-05,1089.62,1105.04,1048.71,1048.71,281148550
2018-02-06,1026.08,1048.71,983.06,1011.6,480499989
2018-02-07,1040.53,1048.54,1011.6,1040.55,240704851
2018-02-08,1031.46,1040.55,1023.25,1023.25,180931944
2018-02-09,991.09,1023.25,973.78,1003.94,241623614
2018-02-12,1011.64,1041.79,1003.94,1041.79,170886474
2018-02-13,1054.69,1060.48,1041.79,1059.73,173361750
2018-02-21,1073.33,1092.65,1059.73,1087.15,177459756
2018-02-22,1087.15,1091.62,1074.27,1076.03,200002940
2018-02-23,1086.81,1102.85,1076.03,1102.85,188357393
2018-02-26,1115.9,1127.57,1102.85,1114.53,233918266
2018-02-27,1124.03,1124.03,1106.77,1119.61,196356343
2018-02-28,1110.3,1129.89,1109.89,1124.87,232098170
2018-03-01,1121.54,1128.38,1110.92,1115.79,226986330
2018-03-02,1103.16,1121.91,1103.16,1121.21,209353770
2018-03-05,1121.21,1132.69,1093.48,1093.48,277434132
2018-03-06,1093.48,1120.29,1091.67,1120.29,234353472
2018-03-07,1121.99,1126.67,1103.29,1112.26,278767365
2018-03-08,1112.24,1126.35,1111.76,1124.15,198688740
2018-03-09,1128.73,1135.02,1119.18,1123.41,217075064
2018-03-12,1135.37,1135.48,1123.41,1126.29,244001635
2018-03-13,1127.53,1133.31,1118.49,1133.31,232375857
2018-03-14,1135.99,1142.88,1133.31,1138.09,249528409
2018-03-15,1134.51,1140.74,1129.66,1138.76,231979932
2018-03-16,1144.54,1152.52,1138.76,1150.19,307956277
2018-03-19,1160.74,1165.63,1150.19,1159.22,271697781
2018-03-20,1154.48,1166.33,1154.48,1159.39,213407755
2018-03-21,1166.51,1172.31,1159.39,1169.36,235134524
2018-03-22,1175.22,1180.44,1169.36,1172.36,232653039
2018-03-23,1154.25,1172.36,1139.07,1153.59,261519280
2018-03-26,1150.51,1176.95,1150.51,1171.22,211276764
2018-03-27,1187.42,1187.42,1169.58,1171.73,237309392
2018-03-28,1168.87,1179.18,1165.71,1172.24,208016445
2018-03-29,1174.73,1176.45,1164.12,1167.03,184296348
2018-03-30,1169.29,1175.36,1158.49,1174.46,204495993
2018-04-02,1180.26,1196.61,1174.46,1196.61,244220760
2018-04-03,1197,1199.93,1185.83,1188.29,254218487
2018-04-04,1194.26,1200.71,1188.29,1191.54,237528440
2018-04-05,1197.76,1199.15,1186.75,1193.17,240277929
2018-04-06,1194.15,1202.59,1193.17,1199.96,249232629
2018-04-09,1202.44,1207.45,1197.44,1204.33,250765345
2018-04-10,1207.62,1211.34,1192.22,1198.12,286340013
2018-04-11,1201.51,1202.46,1167.11,1167.11,285291272
2018-04-12,1162.48,1173.02,1153.64,1173.02,179577087
2018-04-13,1178.57,1181.52,1153.93,1157.14,195463355
2018-04-16,1156.49,1159.45,1141.81,1148.49,196039797
2018-04-17,1149.02,1156.7,1139.33,1153.28,174859690
2018-04-18,1153.28,1160.32,1138.42,1138.53,171343406
2018-04-19,1137.99,1138.53,1094.63,1094.63,203715723
2018-04-20,1095.84,1119.86,1078.01,1119.86,214184308
2018-04-23,1124.33,1127.24,1076.78,1076.78,217223209
2018-04-24,1064.86,1084.89,1048.68,1080.74,186463040
2018-04-26,1082.52,1082.52,1039.35,1044.86,207301570
2018-04-27,1037.36,1054.94,1031.89,1050.26,190763045
2018-05-02,1053.26,1053.52,1024.75,1029.08,182993306
2018-05-03,1018.47,1029.08,1003.79,1026.46,201591155
2018-05-04,1032.12,1037.02,1022.14,1026.8,161918676
2018-05-07,1034.64,1062.26,1026.8,1062.26,151869045
2018-05-08,1061.12,1072.28,1057.24,1060.45,169574634
2018-05-09,1058.33,1069.8,1051.79,1056.97,158292418
2018-05-10,1058.22,1059.34,1025.75,1028.87,203199633
2018-05-11,1026.34,1044.85,1014.3,1044.85,133958801
2018-05-14,1051.69,1066.98,1042.31,1066.98,135506471
2018-05-15,1072.25,1084.2,1066.98,1073.5,157878759
2018-05-16,1073.5,1073.5,1052.18,1054.62,147997272
2018-05-17,1055.21,1057.84,1030.64,1030.64,129158125
2018-05-18,1033.33,1040.84,1013.57,1040.54,407433870
2018-05-21,1043.82,1043.82,1014.98,1014.98,121868402
2018-05-22,1006.18,1015.97,976.73,985.91,180056246
2018-05-23,974.8,995.25,965.92,988.94,178574430
2018-05-24,992.24,995.82,974.14,985.92,128768319
2018-05-25,981.47,987.56,963.9,963.9,147741595
2018-05-28,938.86,963.9,927.47,931.75,218740970
2018-05-29,925.89,958.96,916,952.18,181915261
2018-05-30,953.41,953.41,932.26,948.5,145952094
2018-05-31,948,976,945,971,181235486
2018-06-01,973.67,995.06,971.25,992.87,203081880
2018-06-04,994.48,1013.78,992.01,1013.78,165295600
2018-06-05,1013.59,1025.26,1011.59,1022.74,211691644
2018-06-06,1020.97,1034.5,1012.98,1034.5,161424647
2018-06-07,1038.93,1043.71,1030.79,1036.69,172658090
2018-06-08,1032.59,1039.07,1026.94,1039.01,147668723
2018-06-11,1033.55,1045.6,1029.19,1039.02,184839827
2018-06-12,1033.55,1039.02,1005.1,1020.76,210808586
2018-06-13,1017.93,1030.53,1017.93,1030.53,114624850
2018-06-14,1032.62,1033.32,1015.72,1015.72,164427113
2018-06-15,1012.71,1018.95,1006.75,1016.51,164954583
2018-06-18,1012.71,1018.98,986.88,987.34,180463847
2018-06-19,972.38,987.34,941.57,962.16,250122410
2018-06-20,957.37,980.95,955.61,980.95,153725275
2018-06-21,979.57,980.95,966.28,969.4,115863417
2018-06-22,963.89,983.57,959.91,983.17,131559518
2018-06-25,997.34,997.34,983.17,990.52,141016443
2018-06-26,977.78,990.52,970.75,983.02,163126785
2018-06-27,981.44,984.46,968.91,968.91,178618950
2018-06-28,964.76,976.12,954.46,957.35,157128230
2018-06-29,955.64,962.93,950.48,960.78,140916713
2018-07-02,955.18,960.78,932.66,947.15,167726624
2018-07-03,945.87,947.15,906.01,906.01,179732904
2018-07-04,904.34,914.99,890.83,914.99,127049129
2018-07-05,914.48,921.85,892.67,899.4,140920025
2018-07-06,895.7,921.75,891.92,917.51,158240265
2018-07-09,922.72,929.5,915.12,915.12,118710016
2018-07-10,919.44,921.96,911.12,911.12,117174556
2018-07-11,898.08,911.12,885.09,893.16,156522188
2018-07-12,891.21,905.72,884.75,898.51,112874757
2018-07-13,904.8,912.53,898.51,909.72,138098938
2018-07-16,914.22,917.63,905.27,911.11,135156960
2018-07-17,905.32,921.27,902.02,921.27,154392244
2018-07-18,926.14,942.39,921.27,942.39,222546269
2018-07-19,942.39,947.07,939.58,943.97,198700532
2018-07-20,938.83,943.97,930.26,933.39,200838301
2018-07-23,931.52,949.14,930.25,936.74,205734655
2018-07-24,938.66,939.07,926.3,934.08,202770685
2018-07-25,936.57,938.33,927.58,927.58,230408100
2018-07-26,928.96,930.32,920.99,930.16,195058620
2018-07-27,933.21,937.23,928.82,935.52,177491888
2018-07-30,940.76,949.73,935.52,949.73,192626276
2018-07-31,949,959,947,956,246908451
2018-08-01,957.35,960.05,949.89,952.77,200891252
2018-08-02,952.75,953.55,942.39,953.55,211409737
2018-08-03,957.92,966.1,953.55,959.6,195164993
2018-08-06,960.12,962.99,955.42,960.23,229293851
2018-08-07,957.7,962.02,953.71,956.79,160717400
2018-08-08,958.31,966.27,956.79,966.27,154700118
2018-08-09,968.57,972.52,963.5,963.5,167352924
2018-08-10,955.04,968.47,955.04,968.47,184454472
2018-08-13,966.46,978.04,963.41,978.04,212747577
2018-08-14,979.66,981.42,974.47,978.27,176229010
2018-08-15,980.93,982,961.37,961.37,188689694
2018-08-16,952.83,964.28,947.09,964.28,173396294
2018-08-17,971.4,975.52,964.28,968.88,150831609
2018-08-20,970.81,973.57,966.46,969.62,180286277
2018-08-21,968.46,979.21,968.45,979.21,200280740
2018-08-22,979.21,986.36,979.21,982.15,203562362
2018-08-23,984.12,989.45,982.15,987.36,146355918
2018-08-24,985.49,989.21,982.88,987.05,179652082
2018-08-27,990.77,994.54,987.05,991.92,187919315
2018-08-28,991.92,995.29,989.81,995.19,174536524
2018-08-29,994.96,995.19,987.47,988.17,175121172
2018-08-30,987.62,998.07,983.43,998.07,185513008
2018-08-31,999,1003,990,990,185616231
2018-09-04,990.79,1003.06,975.94,975.94,185152779
2018-09-05,975.05,978.78,964.8,968.44,180628274
2018-09-06,968.37,970.84,957.99,958.19,158924428
2018-09-07,955.5,968.9,955.5,968.9,169075540
2018-09-10,969.74,974.59,968.19,970.34,188688028
2018-09-11,968.41,985.06,967.92,985.06,192348822
2018-09-12,990,994.83,985.06,987.01,181733720
2018-09-13,987.48,992.96,985.06,987.95,171494235
2018-09-14,987.95,995.55,987.95,991.34,174343506
2018-09-17,991.03,993.83,987.02,987.61,164043388
2018-09-18,983.43,993.49,981.89,993.49,196294194
2018-09-19,998.65,1001.83,993.49,995.54,243632710
2018-09-20,995.54,1004.74,995.54,1004.74,203998854
2018-09-21,1006.25,1009.1,1000.39,1002.97,300727501
2018-09-24,1008.06,1011.29,1002.97,1011.29,185767286
2018-09-25,1011.84,1014.53,1008.67,1010.74,230156870
2018-09-26,1008.93,1014.86,1007.44,1009.61,260171777
2018-09-27,1012.57,1017.78,1009.61,1015.37,206513381
2018-09-28,1019.34,1020.84,1015.37,1017.13,246584742
2018-10-01,1020.11,1023.87,1012.88,1012.88,247451695
2018-10-02,1014.26,1021.51,1012.88,1018.79,357523377
2018-10-03,1021.08,1024.59,1016.47,1020.4,173693870
2018-10-04,1024.68,1024.68,1020.4,1023.62,195870279
2018-10-05,1020.21,1023.62,1008.39,1008.39,290602181
2018-10-08,1003.31,1008.39,996.12,996.12,203814694
2018-10-09,998.7,1001.87,996.12,996.19,201377001
2018-10-10,998.66,999.62,991.22,993.96,189839089
2018-10-11,972.21,993.96,938.83,945.89,352319651
2018-10-12,939.2,970.08,933.35,970.08,227895049
2018-10-15,968.8,970.08,951.64,951.64,143094536
2018-10-16,950.36,963.69,950.36,963.37,147985519
2018-10-17,973.14,975.27,963.37,971.6,151562133
2018-10-18,968.93,971.6,962.68,963.47,145016530
2018-10-19,949.94,963.47,945.83,958.36,152331388
2018-10-22,958.36,963.79,953.51,953.51,147040376
2018-10-23,950.12,953.51,925.38,939.68,200028798
2018-10-24,935.25,939.68,922.73,922.73,148892679
2018-10-25,902.59,922.73,885.34,910.17,175043582
2018-10-26,918.11,918.16,900.82,900.82,156925397
2018-10-29,895.05,900.82,884.92,888.82,138533198
2018-10-30,881.32,894.8,880.85,888.69,132237292
2018-10-31,894,915,894,915,191963108
2018-11-01,915.52,918.84,888.69,907.96,177895187
2018-11-02,911.35,927.62,888.69,924.86,221725408
2018-11-05,920.87,925.53,915.77,925.53,133567755
2018-11-06,931,931.27,921.93,922.05,136566101
2018-11-07,922.03,924.6,915.41,922.16,141600460
2018-11-08,928.69,932.86,922.16,926.28,143684863
2018-11-09,921.11,926.28,914.29,914.29,147757465
2018-11-12,909.36,918.99,903.95,918.12,122555330
2018-11-13,904.35,918.12,903.48,907.99,169360048
2018-11-14,904.16,910.58,898.83,900.93,139408658
2018-11-15,901.13,903.83,892.5,897.15,161555072
2018-11-16,901.44,903.21,894.14,898.19,157126898
2018-11-19,902.65,916.06,898.19,916.06,144588987
2018-11-20,909.76,919.02,909.76,919.02,156125230
2018-11-21,909.83,922.56,907.47,922.56,146610520
2018-11-22,924.93,926.15,922.02,924.42,149875295
2018-11-23,923.91,925.59,916.87,917.97,132033586
2018-11-26,915.67,921.96,914.43,921.03,116116834
2018-11-27,925.31,930.37,921.03,923.12,150368352
2018-11-28,922.29,930.2,922.18,930.2,134987965
2018-11-29,934.88,937.75,926.79,926.79,130384860
2018-11-30,924,929,921,927,157132486
2018-12-03,937.7,951.59,926.54,951.59,207953614
2018-12-04,952.97,960.44,950.89,958.84,226059356
2018-12-05,950.34,960.87,946.97,957.14,210997662
2018-12-06,957.14,959.58,948.44,954.82,177813093
2018-12-07,956.49,962.39,954.82,958.59,189692360
2018-12-10,955.06,958.59,951.5,955.89,212226558
2018-12-11,955.93,957.97,949.4,954.58,179967157
2018-12-12,956.32,961.28,954.58,961.28,219546035
2018-12-13,961.28,966.83,960.1,960.25,171323065
2018-12-14,958.78,960.25,951.04,952.04,198998891
2018-12-17,948.09,952.04,933.65,933.65,252994398
2018-12-18,933.65,933.65,917.03,927.25,174016610
2018-12-19,926.35,927.25,914.66,919.24,183236264
2018-12-20,915.5,921.79,914.18,918.24,142881083
2018-12-21,911.57,918.24,907.88,912.26,194021404
2018-12-24,912.9,916.41,908.56,908.56,153635310
2018-12-25,893.53,908.56,882.17,897.94,245577359
2018-12-26,896.63,899.49,890.86,891.75,137428936
2018-12-27,904.8,918.24,882.17,900.81,150229157
2018-12-28,903.79,906.63,891.75,892.54,174430626
2019-01-02,903.79,906.63,891.1,891.75,106682750
2019-01-03,889.78,892.21,872.12,878.22,151816745
2019-01-04,872.69,881.48,861.85,880.9,133182976
2019-01-07,890.47,896.63,880.9,889.64,125858999
2019-01-08,891.37,891.87,883.67,887.44,107002355
2019-01-09,890.26,897.25,887.44,896.99,158483147
2019-01-10,897.85,899.47,895.17,898.3,129343689
2019-01-11,899.1,904.37,898.3,902.71,129890920
2019-01-14,903.83,903.83,897.18,901.8,142411021
2019-01-15,901.21,909.68,898.92,909.68,124839735
2019-01-16,911.32,912.48,906.39,908.7,161988751
2019-01-17,908.48,909.06,901.89,901.89,132314850
2019-01-18,902.7,906.35,900.64,902.3,139195280
2019-01-21,905.25,911.74,902.3,911.05,164353539
2019-01-22,912.73,913.37,906.55,906.55,150899563
2019-01-23,905.73,910.12,905.12,908.02,127437780
2019-01-24,908.56,910.59,906.59,908.79,109636847
2019-01-25,908.86,911.59,907.96,908.88,115786522
2019-01-28,912.53,913.43,908.88,912.18,125508675
2019-01-29,913.67,915.93,907.09,915.93,119199720
2019-01-30,914.08,917.8,913.48,915.84,132760608
2019-01-31,919.51,920.36,910.38,910.65,135611470
2019-02-01,911.98,912.81,907.52,908.67,137066092
2019-02-11,916.98,926.1,908.67,926.1,123347865
2019-02-12,930.37,938.64,926.1,937.54,186256419
2019-02-13,937.61,945.25,937.34,945.25,212897526
2019-02-14,946.21,953.66,945.25,952.34,179699603
2019-02-15,951.9,955.4,948.26,950.89,157626720
2019-02-18,954.85,961.3,950.89,961.3,193399548
2019-02-19,962.84,971.92,961.3,964.35,228333540
2019-02-20,964.37,972.75,964.35,970.58,169541615
2019-02-21,972.82,987.57,970.31,987.57,176856625
2019-02-22,983.99,993.05,982.86,988.91,212577729
2019-02-25,996.06,999.9,988.91,994.43,225671802
2019-02-26,991.63,996.44,979.24,987.06,250091695
2019-02-27,990.06,994.46,987.06,990.27,256596694
2019-02-28,989.84,990.27,965.47,965.47,222642380
2019-03-01,971.05,980.82,965.47,979.63,166417455
2019-03-04,983.5,994.46,979.63,993.99,234389447
2019-03-05,990.08,1000.25,987.92,992.45,295958096
2019-03-06,993.01,994.49,985.51,994.49,244821252
2019-03-07,995.65,1004.55,994.03,994.03,209715357
2019-03-08,987.89,994.03,984.48,985.25,201224801
2019-03-11,982.94,987.11,981.34,984.6,177480784
2019-03-12,991.14,1001.32,984.6,1001.32,206006519
2019-03-13,1003.75,1009.77,1001.32,1005.41,227617946
2019-03-14,1006.37,1011.39,1002.09,1009.56,198409806
2019-03-15,1008.44,1008.44,1001.1,1004.12,248704934
2019-03-18,1004.12,1013.29,1004.12,1011.86,229852143
2019-03-19,1013.75,1014.51,1004.22,1006.59,236096439
2019-03-20,1002.86,1006.59,992.02,1002.3,299014177
2019-03-21,1005.12,1006.37,981.78,981.78,199707625
2019-03-22,984.9,990.07,981.3,988.71,205659684
2019-03-25,976.53,988.71,964.76,970.07,244842502
2019-03-26,970.07,978.99,966.9,969.79,174213657
2019-03-27,976.67,979.32,969.79,975.91,159046085
2019-03-28,973.44,983.18,972.6,982.98,216315637
2019-03-29,985.35,988.24,980.76,980.76,172891815
2019-04-01,980.76,988.53,980.76,988.53,187224494
2019-04-02,994.87,996.41,985.48,985.81,234192667
2019-04-03,984.74,985.81,980.3,984.46,216003555
2019-04-04,987.47,989.08,982.94,986.91,164485802
2019-04-05,986.91,990.38,986.39,989.26,188254636
2019-04-08,989.26,997.56,989.26,997.56,162521095
2019-04-09,999.89,1000.02,987.82,988.48,164248810
2019-04-10,984.79,988.48,976.83,981.91,158980531
2019-04-11,984.46,985.95,981.06,985.95,128944818
2019-04-12,984.66,985.95,980.26,982.9,152276526
2019-04-16,970.87,982.9,963.06,977.17,149053999
2019-04-17,977.17,980.71,972.1,972.1,184885151
2019-04-18,969.5,973.73,962.05,962.3,159608841
2019-04-19,968.27,971.73,962.3,966.21,106479320
2019-04-22,963.78,966.69,959.33,965.86,215473399
2019-04-23,964.84,970.98,964.35,968,153493795
2019-04-24,969.66,978.71,968,976.92,133175692
2019-04-25,976.34,976.92,971.92,974.13,147906136
2019-04-26,972.86,979.64,970.73,979.64,117149642
2019-05-02,978.81,979.93,975.51,978.5,151745410
2019-05-03,976.77,978.5,971.75,974.14,146562382
2019-05-06,964.37,974.14,955.41,957.97,155066933
2019-05-07,961.31,965.61,955.42,957.56,144928463
2019-05-08,950.1,957.56,947.86,951.22,140800644
2019-05-09,950.45,953.66,944.91,947.01,180972362
2019-05-10,950.37,953.92,947.01,952.55,129335823
2019-05-13,952.11,958.54,951.76,958.54,231514712
2019-05-14,957.74,965.34,955.79,965.34,157304444
2019-05-15,967.95,977.65,965.34,975.64,188191147
2019-05-16,976.19,981.22,975.64,975.69,168976403
2019-05-17,977.85,980.04,974.91,976.48,134342858
2019-05-20,981.92,987.13,981.91,987.13,152486814
2019-05-21,989.67,992.84,986.07,986.29,205946899
2019-05-22,986.97,992.26,982.68,983.78,174063453
2019-05-23,982,984.57,977.17,982.71,156484399
2019-05-24,976.43,983.14,970.03,970.03,167702106
2019-05-27,970.73,975.4,970.03,975.14,134734494
2019-05-28,977.02,978.8,969.51,972,148496956
2019-05-29,972.75,974.96,969.55,971.54,144346753
2019-05-30,971.04,974.56,967.21,969.34,159714242
2019-05-31,968.84,969.94,959.88,959.88,135008526
2019-06-03,953.58,959.88,940.28,946.47,182611353
2019-06-04,945.62,951.42,943.21,951.16,161793584
2019-06-05,956.46,958.39,951.16,951.41,128713393
2019-06-06,951.41,951.41,939.35,948.21,124463456
2019-06-07,951.64,958.28,948.21,958.28,146284943
2019-06-10,963.78,966.9,958.28,962.9,150537432
2019-06-11,962.43,964.81,959.98,962.07,135833856
2019-06-12,960.6,962.07,953.83,954.17,136003856
2019-06-13,951.26,954.17,946.29,950.08,141785922
2019-06-14,948.65,954.7,948.65,953.61,155287405
2019-06-17,953.97,955.18,944.47,946.95,170366599
2019-06-18,945.73,947.3,938.95,944.01,166070417
2019-06-19,948.92,950.04,944.01,949.69,144712256
2019-06-20,949.48,962.33,948.97,959.18,184248610
2019-06-21,962.69,964.52,959.12,959.2,205444307
2019-06-24,949.48,967.11,962.63,962.85,148779079
2019-06-25,949.48,963.23,960.06,960.13,163270719
2019-06-26,949.48,962.7,958.49,959.13,251407689
2019-06-27,949.48,958.07,943.11,943.11,157565481
2019-06-28,944.53,949.94,939.12,949.94,177873791
2019-07-01,958.92,965.61,949.94,965.61,165483258
2019-07-02,964.77,966.76,959.8,961.98,136683642
2019-07-03,960.44,961.98,956.91,960.39,134141176
2019-07-04,961.78,973.04,960.39,973.04,187407706
2019-07-05,973.04,975.34,970.16,975.34,135907288
2019-07-08,972.83,975.34,963.84,966.35,165044017
2019-07-09,965.24,969.05,963.05,969.05,168394047
2019-07-10,971.19,974.96,969.05,973.65,150128412
2019-07-11,976.95,980.02,973.65,978.63,161255567
2019-07-12,980.11,982.1,974.32,975.4,155757580
2019-07-15,975.57,975.66,970.93,972.53,149099328
2019-07-16,975.05,982.11,972.53,982.11,171316809
2019-07-17,981.49,985.59,979.05,982.57,168994587
2019-07-18,979.16,982.57,975.01,976.05,135555338
2019-07-19,978.12,986.12,976.05,982.34,169739993
2019-07-22,981.17,985.13,980.08,982.04,160382175
2019-07-23,981.38,990.39,980.22,989.46,182614475
2019-07-24,993.01,994.85,986.34,988.41,166474367
2019-07-25,986.85,997.49,986.85,994.95,169770546
2019-07-26,994.8,998.52,992.97,993.35,149897544
2019-07-29,994.23,997.94,988.29,997.94,145948711
2019-07-30,1001.46,1002.77,986.02,986.02,153040865
2019-07-31,986,993.4,982.64,991.66,171661856
2019-08-01,993.25,997.39,990.88,997.39,222057053
2019-08-02,987.55,997.39,985.69,991.1,185842033
2019-08-05,988.6,991.1,973.15,973.15,193827944
2019-08-06,960.29,973.15,958.39,964.61,209831960
2019-08-07,967.18,971.96,961.64,965.93,217532781
2019-08-08,965.93,975.83,964.21,975.24,217819979
2019-08-09,976.41,978.69,974.33,974.34,191457353
2019-08-12,975.38,977.63,973.22,975.31,173678500
2019-08-13,972.7,975.31,964.03,966.83,180847000
2019-08-14,975.88,975.99,966.83,968.91,149839838
2019-08-15,958.05,979.38,955.76,979.38,180329544
2019-08-16,974.88,985.61,974.88,980,196738484
2019-08-19,984.04,985.48,979.17,981.03,156542121
2019-08-20,983.94,985.35,981.03,984.67,177266657
2019-08-21,984.36,995.44,983.3,994.38,200449208
2019-08-22,996.41,998.67,993.23,997.26,152296408
2019-08-23,998.21,998.21,990.83,992.45,161728129
2019-08-26,983.8,992.45,977,982.88,188560111
2019-08-27,986.33,988.49,976.79,976.79,198871499
2019-08-28,977.1,981.35,976.79,977.26,146072789
2019-08-29,978.17,978.78,973.34,978.59,137077049
2019-08-30,980.25,984.87,978.59,984.06,140758544
2019-09-03,984.79,985.21,978.62,979.36,185027349
2019-09-04,977.97,979.91,973.37,977.63,156515303
2019-09-05,979.83,981.67,976.79,976.79,158849767
2019-09-06,977.83,978.73,973.87,974.08,160481484
2019-09-09,974.53,975.03,972.47,974.12,152251382
2019-09-10,974.62,977.44,968.36,970.26,160350088
2019-09-11,969.59,973.13,967.14,969.31,153374880
2019-09-12,972.39,976.07,969.31,976.07,139801696
2019-09-13,976.07,987.22,975.95,987.22,188000858
2019-09-16,987.07,992.6,986.72,989.86,185759222
2019-09-17,990.06,996.74,986.96,996.74,229745711
2019-09-18,995.75,998.4,993.94,995.15,190094519
2019-09-19,995.49,997.2,990.55,997.1,184955148
2019-09-20,997.6,998.56,990.36,990.36,202660672
2019-09-23,991.75,993.98,987.54,987.54,173375182
2019-09-24,986.33,991.36,984.94,988.13,164121707
2019-09-25,985.96,989.18,983.06,987.3,170628250
2019-09-26,988.7,991.66,986.35,990.75,151611641
2019-09-27,992.26,998.34,990.75,997.84,179468579
2019-09-30,999.92,1004.17,996.51,996.56,175389041
2019-10-01,997.87,999.72,996.2,999.59,209462141
2019-10-02,999.18,1000.93,989.63,991.19,177738960
2019-10-03,985.65,992.45,983.35,992.45,193011978
2019-10-04,993.69,994.81,987.59,987.59,204268609
2019-10-07,989.45,990.34,983.09,983.09,178681474
2019-10-08,983.62,988.51,981.89,988.22,177370455
2019-10-09,987.82,992,986.74,987.83,179531142
2019-10-10,988.81,990.89,986.93,987.38,181920834
2019-10-11,988.57,991.84,987.38,991.84,167306542
2019-10-14,994.61,997.25,991.84,993.57,192663382
2019-10-15,993.55,994.75,990.74,993.05,178255097
2019-10-16,995.75,997.41,993.05,994.46,187508950
2019-10-17,995.04,995.81,989.82,989.82,189958077
2019-10-18,992,993.03,988.56,989.2,173360850
2019-10-21,988.18,989.2,983.56,983.56,198718418
2019-10-22,983.52,987.59,983.52,987.19,230549053
2019-10-23,987.04,989.61,985.52,987.79,177569684
2019-10-24,988.85,993.6,987.65,993.6,157889100
2019-10-25,993.91,996.67,992.91,996.57,171679347
2019-10-28,998.27,999.56,996.48,996.48,181708244
2019-10-29,997.77,999.88,995.87,995.87,248717069
2019-10-30,996.83,1003.4,994.86,1000.89,179789647
2019-10-31,1000.89,1004.4,998.58,998.82,217977500
2019-11-01,998.82,1015.88,998.82,1015.59,239818015
2019-11-04,1019,1023.92,1015.59,1022.43,231717876
2019-11-05,1022.77,1025.19,1021.63,1024.34,197745956
2019-11-06,1023.43,1028.97,1023.42,1024.91,224304670
2019-11-07,1023.49,1028.45,1022.61,1024.03,191501313
2019-11-08,1026.98,1027.39,1021.11,1022.49,179615447
2019-11-11,1023.32,1024.77,1016.35,1016.75,208975060
2019-11-12,1016.97,1021.84,1015.97,1018.33,219974046
2019-11-13,1019.07,1020.09,1010.8,1012.77,285252167
2019-11-14,1013.85,1016.71,1010.6,1012.3,204712185
2019-11-15,1012.93,1015.16,1005.1,1010.03,211278635
2019-11-18,1010.03,1012.09,1002.63,1002.91,180944000
2019-11-19,1002.89,1008.35,1001.35,1008.35,230061254
2019-11-20,1009.21,1009.21,1000.56,1000.56,208254980
2019-11-21,999.37,1000.56,987.89,987.89,212521093
2019-11-22,992.73,993.7,971.03,977.78,229391413
2019-11-25,977.85,979.6,971.24,976.35,187427229
2019-11-26,976.35,981.96,976.35,976.79,190195718
2019-11-27,978.98,982.76,976.79,978.17,196305936
2019-11-28,977.66,979.17,967.68,970.39,189976351
2019-11-29,971.1,972.89,968.03,970.75,166180199
2019-12-02,971.42,972.91,958.3,959.31,209857143
2019-12-03,957.4,960.82,950.96,953.43,263964885
2019-12-04,952.51,965.9,950.13,965.9,209212959
2019-12-05,969,969.53,962.16,963.27,193167601
2019-12-06,962.38,965.41,960.99,963.56,170179884
2019-12-09,963.91,967.57,962.59,966.06,271480529
2019-12-10,965.92,966.58,955.14,960.3,241040002
2019-12-11,960.59,961.78,954.56,961.78,215395115
2019-12-12,963.39,968.39,961.78,968.17,217566989
2019-12-13,969.43,971.84,965.93,966.18,218006493
2019-12-16,966,966.18,960.39,961.47,276131193
2019-12-17,962.49,962.79,954.03,954.03,278730480
2019-12-18,951.52,954.18,949.86,951.13,321613384
2019-12-19,950.61,955.85,946.74,952.26,219466625
2019-12-20,953.55,957.52,952.26,956.41,240319668
2019-12-23,959.55,960.71,956.41,959.43,237561660
2019-12-24,959.43,959.43,953.29,958.88,227388705
2019-12-25,958.18,962.83,957.5,960.92,235025084
2019-12-26,960.67,962.11,957.43,958.59,264335777
2019-12-27,957.7,963.51,954.19,963.51,178754671
2019-12-30,962.89,967.52,962.47,965.03,175590090
2019-12-31,965.71,965.71,958.23,960.99,184117173
2020-01-02,960.26,966.67,959.67,966.67,199078197
2020-01-03,968.72,970.88,965.14,965.14,163377030
2020-01-06,962.79,963.2,955.59,955.79,174743568
2020-01-07,955.79,959.46,953.19,958.88,170274833
2020-01-08,954.13,955.84,945.28,948.98,314889160
2020-01-09,960.01,960.73,952.16,960.15,156704789
2020-01-10,961.17,969.71,961.17,968.54,215612110
2020-01-13,966.89,968.63,964.79,965.84,140812853
2020-01-14,966.26,968.85,965.76,967,184399054
2020-01-15,967.69,967.69,964.84,967.56,145276529
2020-01-16,967.2,974.7,967.17,974.31,187338263
2020-01-17,976.28,980.02,973.79,978.96,155643394
2020-01-20,978.23,979.85,975.93,978.63,139621069
2020-01-21,978.82,986.37,978.82,986.37,150240335
2020-01-22,986.52,991.46,983.92,991.46,144045252
2020-01-30,975.15,977.72,954,959.58,191988780
2020-01-31,959.58,960.96,936.62,936.62,248951880
2020-02-03,916.6,930.37,891.85,928.14,268750540
2020-02-04,929.42,934.91,919.33,929.09,190295660
2020-02-05,934.75,936.33,921.89,925.91,187355088
2020-02-06,926.66,938.54,925.21,938.54,220891034
2020-02-07,938.61,943.48,935.94,940.75,183112320
2020-02-10,934.38,935.87,926.61,930.73,151372718
2020-02-11,930.73,936.04,930.73,934.67,176240010
2020-02-12,940.72,943.11,937.34,937.68,223996560
2020-02-13,937.19,939.1,934.47,938.24,175110780
2020-02-14,939.28,940.65,936.47,937.45,203731291
2020-02-17,938.52,938.52,931.66,934.77,180980659
2020-02-18,934.47,934.98,926.01,927.93,185672824
2020-02-19,926.41,931.66,925.86,928.76,190514987
2020-02-20,933.69,938.13,930.41,938.13,196076108
2020-02-21,938.13,940.53,932.32,933.09,204777789
2020-02-24,917.49,917.49,903.34,903.34,290227839
2020-02-25,893.95,909.67,893.95,909.67,215729307
2020-02-26,901.51,903.27,894.25,895.97,141350090
2020-02-27,892.15,899.34,889.14,898.44,162521398
2020-02-28,885.47,887.07,872.46,882.19,241346580
2020-03-02,878.43,886.45,877.31,884.43,205497912
2020-03-03,895.39,896.39,890.06,890.61,211917192
2020-03-04,887.85,889.85,882.83,889.37,237500826
2020-03-05,892.71,898.43,891.2,893.31,230725699
2020-03-06,888.96,891.44,882.71,891.44,210067994
2020-03-09,875.8,875.8,834.67,835.49,307929473
2020-03-10,813.83,843.28,806.63,837.5,293563642
2020-03-11,843.52,844.94,794.54,811.35,317715700
2020-03-12,778.06,778.06,762.12,769.25,337825235
2020-03-13,735.6,764.69,723.42,761.78,353511100
2020-03-16,758.28,758.59,737.58,747.86,290933937
2020-03-17,724.07,750.03,721.84,745.78,285882921
2020-03-18,747.4,752.65,742.12,747.66,258181937
2020-03-19,732.35,733.43,714.02,725.94,352024045
2020-03-20,728.55,729.35,709.73,709.73,228909653
2020-03-23,694.77,694.77,664.23,666.59,279065985
2020-03-24,666.59,666.59,652.27,659.21,243955927
2020-03-25,669.76,690.25,667.58,690.25,268953570
2020-03-26,689,700.76,680.1,694.21,220853680
2020-03-27,692.54,703.22,682.52,696.06,325102990
2020-03-30,663.91,665.56,657.36,662.26,232201218
2020-03-31,669.74,678.64,649.1,662.53,258685418
2020-04-01,658.8,684.96,657.41,680.23,265162596
2020-04-03,687.92,701.8,687.92,701.8,231696136
2020-04-06,716.22,736.75,715.39,736.75,332849528
2020-04-07,744.97,749.13,730.28,746.69,291169450
2020-04-08,740.03,748.36,730.12,748.02,251864140
2020-04-09,751.08,765.87,751.08,760.33,297983597
2020-04-10,759.08,764.36,751.59,757.94,337848204
2020-04-13,762.99,774.62,762.53,765.79,234876297
2020-04-14,769.01,769.53,753.85,767.41,265998122
2020-04-15,768.05,779.52,768.01,777.22,302090210
2020-04-16,773.11,781.06,770.91,780.7,250402800
2020-04-17,786.96,790.95,783.74,789.6,308802172
2020-04-20,796.17,797.49,786.73,794.97,333885492
2020-04-21,794.97,794.97,761.96,766.84,395833150
2020-04-22,752.8,774.94,749.97,768.92,251674441
2020-04-23,774.23,785.6,768.92,773.91,205377143
2020-04-24,777.28,778.3,767.31,776.66,260958208
2020-04-27,774.63,785.74,770.77,770.77,306700832
2020-04-28,773.31,776.13,763.66,767.21,218679645
2020-04-29,768.59,772.62,768.19,769.11,249696191
2020-05-04,766.14,769.73,761.64,762.47,283854068
2020-05-05,763.22,767.03,760.04,764.16,211891745
2020-05-06,767.3,782.59,765.37,782.59,271904258
2020-05-07,785.08,796.54,785.08,796.54,240410059
2020-05-08,800.32,825.72,800.2,813.73,370976239
2020-05-11,818.26,828.33,812.48,828.33,353416000
2020-05-13,835.32,839.59,815.13,834.21,374602816
2020-05-15,835.42,838.47,824.59,827.03,301891136
2020-05-18,827.49,827.9,823.23,823.23,29758024
2020-05-19,852.14,854.25,844.15,845.92,385271840
2020-05-20,843.26,850.46,842.21,850.46,178192416
2020-05-21,854.93,862.73,854.04,862.73,328605856
2020-05-25,852.74,858.26,849.12,857.99,165032192
2020-05-26,861.47,864.47,860.22,863.74,164662816
2020-05-28,858.97,866.17,856.48,861.39,312561856
2020-06-01,868.97,874.92,868.97,873.62,193475168
2020-06-02,879.23,882.73,877.47,879.24,212590640
2020-06-03,876.73,881.17,874.01,881.17,347558592
2020-06-04,883.22,888.32,883.22,883.9,429474080
2020-06-05,883.4,886.59,878.5,886.22,497498720
2020-06-08,888.7,905.65,888.7,899.92,566177408
2020-06-09,902.26,904.89,898.87,899.43,501725120
2020-06-10,898.78,902.69,890.3,900,540489216
2020-06-11,900.48,903.7,873.39,873.39,634409664
2020-06-12,841.85,863.52,841.44,863.52,617701888
2020-06-15,867.52,868.16,832.47,832.47,706576960
2020-06-16,848.86,858.7,844.67,856.13,406455488
2020-06-17,861.05,861.05,852.27,854.44,353852832
2020-06-18,850.92,858.03,847.49,855.27,272130304
2020-06-19,857.77,868.56,857.77,868.56,436782048
2020-06-22,871.56,872.94,867.37,871.28,348625664
2020-06-23,871.12,873.2,864.02,868.2,449815616
2020-06-24,868.2,873.13,857.58,859.71,366401152
2020-06-25,851.09,856.23,849.65,854.59,311072928
2020-06-26,859.07,862.59,850.66,851.98,299985536
2020-06-29,846.26,846.53,826,829.36,388718400
2020-06-30,836.72,840.31,821.92,825.11,357307008
2020-07-01,827.67,844.26,826.38,843.49,299935104
2020-07-02,845.66,845.66,838.48,842.38,223235856
2020-07-03,845.26,848.16,843.25,847.44,166008672
2020-07-06,851.47,861.85,850.04,861.16,214705120
2020-07-07,865.46,870.63,863.42,863.42,321946272
2020-07-08,861.75,865.58,859.98,864.5,236354704
2020-07-09,867.66,876.38,867.45,875.57,198632320
2020-07-10,873.7,878.53,867.59,871.21,286337216
2020-07-13,874.85,876.83,873.67,874.05,59205060
2020-07-14,865.01,866.36,860.28,863.84,165637600
2020-07-15,872.8,876.69,872.8,873.57,137181104
2020-07-21,863.94,864.7,856.94,861.69,241711008
2020-07-22,862.8,864,854.97,855.08,277714112
2020-07-23,854.92,857.22,851.97,856.75,240163424
2020-07-24,854.23,854.57,816.65,829.16,503563840
2020-07-27,794.14,808.74,780.64,785.17,416770496
2020-07-28,786.72,814.4,786.67,813.36,327063104
2020-07-29,800.39,800.39,779.82,788.29,305660192
2020-07-30,796.22,802.97,794.88,801.13,187303808
2020-07-31,787.78,803.55,786.98,798.39,246572576
2020-08-03,796.86,814.84,796.47,814.65,297589184
2020-08-04,822.86,827.57,820.2,827.57,273010048
2020-08-05,827.54,839.52,820.74,837.8,302780672
2020-08-06,838.01,844.16,833.56,840.04,255225088
2020-08-07,840.65,844.33,836.84,841.46,258641120
2020-08-10,845.11,849.52,843.2,843.2,307182304
2020-08-11,847.61,847.61,840.35,843.08,245112784
2020-08-12,844.19,848.54,842.88,846.92,269543168
2020-08-13,849.96,855.19,849.86,855.05,256101744
2020-08-14,854.29,860.32,848.38,850.74,298087296
2020-08-17,848.08,852.05,841.62,850.15,236768240
2020-08-18,850.15,851.06,845,846.43,224491664
2020-08-19,847.19,853.07,846.22,853.04,171861520
2020-08-26,873.62,876.97,871.78,873.47,349794208
2020-08-27,872.38,875.71,871.93,874.71,324316928
2020-08-28,878.79,885.86,877.7,878.98,394668288
2020-08-31,882.13,888.44,879.26,881.65,348626528
2020-09-01,882.4,892.51,880.79,891.73,307182048
2020-09-03,898.25,904.32,896.26,903.97,367066176
2020-09-04,896.02,903.11,893.86,901.54,339328160
2020-09-07,903.85,905.8,888.25,888.25,430515328
2020-09-08,891.61,894.58,884.88,890.14,289231712
2020-09-09,883.68,892.4,881.57,889.32,314746784
2020-09-10,895.29,896.78,888.82,888.82,384987136
2020-09-11,888.82,889.81,884.67,888,181389664
2020-09-16,897.43,897.58,894.63,897.47,288877504
2020-09-17,897.47,898.48,895.58,897.44,119131608
2020-09-21,904.5,909.75,904.5,908.49,219443840
2020-09-22,905.9,909.69,902.47,906.19,394882880
2020-09-23,908.97,913.52,908.97,912.5,390852224
2020-09-24,910.53,914.51,907.32,908.58,392759936
2020-09-25,910.78,911.3,905.56,908.27,352970624
2020-09-29,916.63,917.49,904.69,905.28,439606432
2020-09-30,904.34,907,900.44,905.21,339708800
2020-10-01,910.13,914.09,909.13,914.09,351520032
2020-10-02,914.09,916.67,897.72,909.91,521811200
2020-10-05,913.77,915.55,910.96,914.68,456077408
2020-10-06,918.11,918.93,912.77,915.67,491463872
2020-10-07,913.62,923.57,912.69,919.72,516240608
2020-10-08,922.08,922.08,916.95,918.4,250672288
2020-10-09,919.48,924,917.7,924,385953024
2020-10-12,930.78,933.13,923.28,925.83,455583840
2020-10-13,926.76,930.96,923.78,929.86,354660992
2020-10-14,931.89,940.18,931.89,940.18,473979232
2020-10-15,945.28,945.93,938.7,942.76,469150432
2020-10-16,944.03,946.23,935.98,943.3,441944288
2020-10-19,945.01,946.29,941.92,943.69,388916480
2020-10-20,941,943.17,937.32,939.16,332656352
2020-10-21,947.68,948.2,939,939.03,409376192
2020-10-22,938.06,949.9,933.78,949.9,363556096
2020-10-23,953.45,961.26,953.14,961.26,450714944
2020-10-26,967.52,970.15,950.8,950.8,426328160
2020-10-27,950.8,954.72,946.28,946.47,454866080
2020-10-28,942.82,946.91,921.05,921.05,451897856
2020-10-29,916.49,923.53,914.48,921.53,214723504
2020-10-30,925.41,926.32,911.2,925.47,310626432
2020-11-02,926.09,933.68,924.14,933.68,297071936
2020-11-03,936.73,937.57,932.18,935.41,316796544
2020-11-04,935.41,943.56,933.86,939.76,350261568
2020-11-05,940.32,945.51,937.75,937.75,300944672
2020-11-06,939.73,941.2,934.63,938.29,266470704
2020-11-09,942.15,951.99,942.15,951.99,388388512
2020-11-10,962.68,963.47,951.9,951.9,455630784
2020-11-11,954.46,956.65,947.61,952.22,375033152
2020-11-12,953.97,959.28,953.62,959.28,331040704
2020-11-13,959.56,966.29,959.13,966.29,457004800
2020-11-16,970.11,972.98,950.5,950.79,517018592
2020-11-17,955.52,968.9,953.22,968.9,397382272
2020-11-18,969.48,974.3,966.32,973.53,478142880
2020-11-19,975.32,983.26,974.33,983.26,497047392
2020-11-20,984.71,990,980.72,990,498397120
2020-11-23,991.87,995.9,985.38,994.19,485071392
2020-11-24,996.55,997.99,984.92,995.76,544793216
2020-11-25,1000.39,1002.31,996.8,999.94,472805088
2020-11-26,999.24,1005.97,994.91,1005.97,487284224
2020-11-27,1006.68,1010.22,1004,1010.22,432952288
2020-11-30,1011.82,1012.5,1002.61,1003.08,530834528
2020-12-01,988.71,1008.87,988.71,1008.87,578853376
2020-12-02,1008.77,1015.86,1007.91,1014.32,679373824
2020-12-03,1016.73,1020.35,1014.06,1019.8,516118208
2020-12-04,1019.8,1025.17,1018.67,1021.49,551804224
2020-12-07,1024.34,1030.41,1022.14,1029.98,512401600
2020-12-08,1027.91,1032.03,1027.7,1028.63,503586368
2020-12-09,1029.26,1039.55,1029.26,1039.13,581588224
2020-12-10,1041.65,1044.1,1030.91,1030.91,625054272
2020-12-11,1033.19,1045.96,1030.06,1045.96,459865120
2020-12-14,1048.97,1064.09,1048.97,1064.09,575954048
2020-12-15,1062.02,1067.45,1052.01,1055.27,671053504
2020-12-16,1058.34,1066.99,1057.21,1066.99,589124416
2020-12-17,1065.85,1065.85,1051.42,1051.77,660979264
2020-12-18,1055.75,1068.56,1055.75,1067.46,618501056
2020-12-21,1071.62,1081.6,1070.86,1081.08,706880960
2020-12-22,1081.85,1084.23,1077.06,1083.45,752019904
2020-12-23,1087.89,1094.09,1077.92,1078.9,808257408
2020-12-24,1083.83,1084.76,1046.89,1067.52,750640384
2020-12-25,1068.83,1084.42,1061.83,1084.42,644964992
2020-12-28,1094.37,1096.11,1083.9,1091.33,707511808
2020-12-29,1090.49,1102.79,1087.93,1099.49,651425984
2020-12-30,1099.78,1108.83,1094.91,1097.54,674479744
2020-12-31,1098.25,1105.33,1096.27,1103.87,522818624
2021-01-04,1113.77,1126.43,1113.59,1120.47,761359296
2021-01-05,1116.96,1134.45,1116.49,1132.55,757840704
2021-01-06,1139.12,1152.85,1133.7,1143.21,780492032
2021-01-07,1147.26,1156.49,1143.44,1156.49,748227968
2021-01-08,1164.1,1176.33,1160.48,1167.69,803793792
2021-01-11,1176.47,1186.45,1175,1184.89,844438144
2021-01-12,1190.38,1192.28,1179.24,1192.28,709578368
2021-01-13,1197.32,1200.82,1183.18,1186.05,804921728
2021-01-14,1189.48,1190.5,1178.84,1187.4,776717760
2021-01-15,1188.84,1197.74,1188.84,1194.2,779559296
2021-01-18,1198.79,1200.85,1190.33,1191.94,741797760
2021-01-19,1189.91,1189.91,1117.17,1131,984733440
2021-01-20,1136.5,1142.48,1098.05,1134.68,832868480
2021-02-05,1114.79,1126.91,1112.19,1126.91,523998528
2021-02-08,1127.06,1127.06,1075.1,1083.18,692740736
2021-02-09,1090.88,1114.93,1078.98,1114.93,514816672
2021-02-17,1127.46,1155.78,1127.46,1155.78,566668096
2021-02-18,1157.1,1174.38,1148.66,1174.38,612883392
2021-02-19,1160.65,1178.18,1157.6,1173.5,574417024
2021-02-22,1173.57,1182.67,1169.12,1175.04,622766144
2021-02-23,1174.57,1184.32,1168.32,1177.64,591988992
2021-02-24,1184.32,1185.58,1154.36,1162.01,598665856
2021-02-25,1169.97,1169.97,1155.74,1165.43,508740480
2021-02-26,1148.88,1169.28,1148.88,1169.04,499873216
2021-03-01,1176.93,1186.82,1174.45,1186.17,640006912
2021-03-02,1196.16,1196.16,1181.99,1186.61,569568192
2021-03-03,1184.73,1189.18,1180.25,1186.95,628660736
2021-03-04,1191.78,1191.9,1159.48,1168.52,668388288
2021-03-05,1164.19,1169.56,1155.6,1168.69,591770304
2021-03-08,1180.33,1181.25,1164.02,1168.27,650153664
2021-03-09,1160.96,1166.42,1150.94,1161.97,639095616
2021-03-10,1163.86,1170.59,1154.89,1170.08,700688384
2021-03-11,1170.08,1183.73,1170.08,1181.73,627326337
2021-03-12,1185.21,1186.52,1178.14,1181.56,621833088
2021-03-15,1183.89,1186.06,1178.8,1184.56,673179776
2021-03-16,1184.91,1184.91,1171.76,1179.9,683298240
2021-03-17,1178.64,1186.09,1176.26,1186.09,685116160
2021-03-18,1196.6,1200.94,1191.94,1200.94,613144512
2021-03-19,1195.47,1199.67,1191.96,1194.05,668228928
2021-03-22,1200.05,1200.21,1189.31,1194.43,698752896
2021-03-23,1190.28,1191.47,1177.1,1183.45,681511552
2021-03-24,1169.42,1174.2,1154.22,1161.81,745117824
2021-03-25,1164.41,1170.76,1154.44,1163.1,680121344
2021-03-26,1162.71,1165.76,1137.9,1148.46,553416960
2021-03-29,1169.65,1175.77,1165.78,1175.68,658223232
2021-03-30,1179.64,1187.29,1172.85,1186.36,775502144
2021-03-31,1186.36,1196.45,1186.36,1191.44,701422849
2021-04-01,1194.59,1217.26,1192.83,1216.1,669558848
2021-04-02,1225.76,1228.29,1221.07,1224.45,660388032
2021-04-05,1245.28,1245.28,1228.18,1236.05,689912832
2021-04-06,1233.37,1244.63,1231.14,1239.96,688807040
2021-04-07,1237.39,1242.38,1232.52,1242.38,721204096
2021-04-08,1242.38,1246.4,1232.26,1234.89,661930752
2021-04-09,1231.51,1234.98,1227.6,1231.66,728188224
2021-04-12,1236.79,1252.45,1232.35,1252.45,886260608
2021-04-13,1262.44,1268.02,1247.66,1248.33,1020857664
2021-04-14,1240.9,1255.87,1233.01,1255.87,860784640
2021-04-15,1262.25,1265.87,1247.25,1247.25,798227840
2021-04-16,1245.06,1254.61,1227.14,1238.71,982946240
2021-04-19,1243.58,1260.58,1233.77,1260.58,812583744
2021-04-20,1267.74,1286.32,1261.28,1268.28,839123776
2021-04-22,1264.31,1271.98,1227.82,1227.82,764632896
2021-04-23,1227.18,1248.53,1216.15,1248.53,712385664
2021-04-26,1251.25,1251.25,1214.14,1215.77,741112448
2021-04-27,1213.84,1220.96,1204.14,1219.75,593764800
2021-04-28,1220.26,1230.91,1217.49,1229.55,610754496
2021-04-29,1234.91,1239.39,1231.25,1239.39,640565952
2021-05-04,1222.08,1242.8,1212.56,1242.2,786542656
2021-05-05,1244.69,1265.93,1244.69,1256.43,742476864
2021-05-06,1255.42,1261.49,1246.64,1250.57,727607808
2021-05-07,1245.48,1250.5,1231.92,1241.81,779989376
2021-05-10,1239.96,1259.58,1236.85,1259.58,769141824
2021-05-11,1265.11,1272.55,1256.04,1256.04,763921920
2021-05-12,1251.97,1269.09,1249.18,1269.09,697701376
2021-05-13,1262.98,1273.49,1261.99,1261.99,703813056
2021-05-14,1266.43,1271.45,1259.97,1266.36,729990336
2021-05-17,1272.55,1277.83,1258.5,1258.7,754980160
2021-05-18,1259.57,1262.22,1249.02,1252.68,690106304
2021-05-19,1254.78,1262.71,1250.58,1262.49,691145664
2021-05-20,1264.62,1278.22,1255.78,1278.22,740844160
2021-05-21,1272.84,1289.03,1268.46,1283.93,692529920
2021-05-24,1287.5,1299.83,1287.36,1297.98,710524160
2021-05-25,1299.19,1308.58,1297.23,1308.58,673821376
2021-05-26,1308.04,1317.3,1304.68,1316.7,710504384
2021-05-27,1318.42,1319.67,1299.99,1303.57,730038906
2021-05-28,1307.79,1323.09,1300.06,1320.46,768362752
2021-05-31,1326.65,1328.05,1307.56,1328.05,730465660
2021-06-01,1329.47,1346.34,1328.84,1337.78,629421184
2021-06-02,1337.78,1344.98,1330.82,1340.78,804521921
2021-06-03,1345.21,1366,1345.21,1364.28,895269252
2021-06-04,1367.06,1374.05,1360.42,1374.05,940314240
2021-06-07,1374.8,1375.74,1347.21,1358.78,872809900
2021-06-08,1355.36,1364.48,1318.11,1319.88,921420544
2021-06-09,1323.52,1339.14,1312.08,1332.9,818482876
2021-06-10,1332.9,1336.71,1317.49,1323.58,719836672
2021-06-11,1326.79,1352.47,1322.08,1351.74,729930560
2021-06-14,1352.73,1368.53,1352.73,1361.72,774566720
2021-06-15,1361.58,1372.72,1356.59,1367.36,727219584
2021-06-16,1363.85,1370.14,1350.73,1356.52,765679296
2021-06-17,1341.06,1364.55,1337.49,1359.92,758000128
2021-06-18,1366.19,1377.77,1363.52,1377.77,797554560
2021-06-21,1373.59,1381.74,1367.85,1372.63,765113216
2021-06-22,1380.84,1385.98,1375,1379.97,742905280
2021-06-23,1383.15,1388.33,1372.06,1376.87,687378304
2021-06-24,1376.87,1384.71,1372.99,1379.72,590234304
2021-06-25,1382.11,1390.12,1372.8,1390.12,591310976
2021-06-28,1397.96,1406.02,1390.56,1405.81,693161344
2021-06-29,1408.34,1416.34,1406.87,1410.04,634305152
2021-06-30,1410.83,1419.61,1408.18,1408.55,585257536
2021-07-01,1412.15,1417.27,1402.18,1417.08,744995840
2021-07-02,1422.89,1424.28,1415.82,1420.27,703308800
2021-07-05,1420.27,1420.27,1394.68,1411.13,817327360
2021-07-06,1411.13,1418.99,1354.79,1354.79,803157248
2021-07-07,1354.79,1388.55,1334.88,1388.55,780790656
2021-07-08,1388.55,1388.55,1363.92,1374.68,549356224
2021-07-09,1374.68,1374.68,1335.9,1347.14,753739904
2021-07-15,1270.95,1299.18,1270.95,1293.92,439087200
2021-07-16,1299.05,1304.37,1296.06,1299.31,462262304
2021-07-19,1270.7,1276.55,1237.79,1243.51,729253504
2021-07-20,1247.49,1273.29,1225.52,1273.29,566382080
2021-07-21,1277.87,1284.33,1266.71,1270.79,448559744
2021-07-22,1270.57,1294.16,1266.54,1293.67,534550656
2021-07-26,1261.91,1277.33,1254.57,1272.71,504503840
2021-07-27,1283.89,1288.35,1276.53,1276.93,552081024
2021-07-28,1273.45,1281.17,1271.78,1277.07,403539872
2021-07-29,1287.27,1293.6,1282.88,1293.6,490637024
2021-07-30,1297.18,1311.97,1296.95,1310.05,635233408
2021-08-02,1308.53,1322.35,1304.49,1314.22,613293760
2021-08-03,1315.87,1332.44,1315.57,1332.44,646811840
2021-08-04,1336.63,1340.76,1328.4,1334.74,660956672
2021-08-05,1331.56,1346.62,1326.8,1345.55,631647040
2021-08-06,1348.97,1351.85,1341.45,1341.45,732191360
2021-08-09,1337.71,1361.12,1334.69,1359.86,687149696
2021-08-10,1367.49,1370.35,1358.12,1362.43,714066816
2021-08-11,1365.07,1374.03,1357.79,1357.79,805842048
2021-08-12,1356,1365.01,1353.05,1353.05,741464320
2021-08-13,1351.88,1357.41,1336.74,1357.05,740370496
2021-08-16,1363.76,1372.33,1361.75,1370.96,826644480
2021-08-17,1377.22,1379.7,1359.11,1363.09,767520384
2021-08-18,1362.29,1370.5,1355.83,1360.94,688297024
2021-08-19,1360.56,1374.85,1352.94,1374.85,726525632
2021-08-20,1368.38,1369.39,1317.52,1329.43,1202935936
2021-08-23,1323.28,1327.04,1298.86,1298.86,794012096
2021-08-24,1304.23,1307.56,1289.16,1298.74,710500160
2021-08-25,1301.42,1309.8,1291.7,1309.55,518735872
2021-08-26,1313.14,1316.26,1295.77,1301.12,520458720
2021-08-27,1295.9,1313.2,1285.16,1313.2,682595904
2021-08-30,1323.09,1329.62,1318.76,1328.14,673820096
2021-08-31,1332.95,1336.14,1325.69,1331.47,730907904
2021-09-01,1328.86,1338.02,1328.13,1334.65,718513280
2021-09-06,1341.34,1348.36,1339.8,1346.39,940656000
2021-09-07,1349.12,1353.66,1340.32,1341.9,869134848
2021-09-08,1344.48,1344.49,1328.35,1333.61,625074944
2021-09-09,1334.63,1345.59,1332.67,1343.98,634258560
2021-09-10,1349.29,1350.43,1345.07,1345.31,597835328
2021-09-13,1348.27,1350.69,1340.5,1341.43,771718272
2021-09-14,1343.88,1349.13,1336.84,1339.7,726923584
2021-09-15,1338.45,1347.7,1334.97,1345.83,681041152
2021-09-16,1351.99,1353.12,1341.23,1345.87,595423424
2021-09-17,1347.77,1356.45,1347.13,1352.64,848579968
2021-09-20,1360.86,1365.92,1349.18,1350.48,891279104
2021-09-21,1336.92,1346.32,1324.82,1339.84,852484544
2021-09-22,1344.84,1350.71,1336.63,1350.68,773613632
2021-09-23,1358.64,1361.09,1350.43,1352.76,992678016
2021-09-24,1355.31,1356.97,1348.07,1351.17,668809664
2021-09-27,1353.44,1354.38,1324.99,1324.99,776728320
2021-09-28,1320.12,1341.81,1316.41,1339.31,621919168
2021-09-29,1338.29,1340.9,1328.17,1339.21,596805632
2021-09-30,1342.24,1348.89,1341.15,1342.06,472897120
2021-10-01,1340.29,1344.06,1332.97,1334.89,732745088
2021-10-04,1338.97,1347.49,1333.53,1339.54,734807360
2021-10-05,1345.13,1354.63,1343.67,1354.63,632801600
2021-10-06,1359.24,1362.82,1355,1362.82,632608576
2021-10-07,1366.39,1367.64,1360.57,1365.99,692447488
2021-10-08,1369.33,1373.18,1365.93,1372.73,631841152
2021-10-11,1377.52,1394.64,1377.3,1394.09,763575296
2021-10-12,1398.19,1400.78,1389.43,1394.8,738382336
2021-10-13,1398.14,1400.67,1389.61,1391.91,644516160
2021-10-14,1393.27,1398.67,1388.89,1391.85,708552384
2021-10-15,1395.64,1399.03,1388,1392.7,781275072
2021-10-18,1395.68,1402.63,1390.88,1395.53,787297792
2021-10-19,1395.35,1399.66,1388.95,1395.33,634701568
2021-10-20,1398.37,1401.76,1376.15,1393.8,837495232
2021-10-21,1397.55,1398.45,1384.77,1384.77,707026560
2021-10-22,1388.82,1393.7,1385.53,1389.24,795578112
2021-10-25,1395.14,1395.69,1385.4,1385.4,898401600
2021-10-26,1384.45,1393.03,1377.56,1391.63,745308032
2021-10-27,1397.49,1423.02,1395.83,1423.02,928049600
2021-10-28,1427.39,1440.64,1420.42,1438.01,861708800
2021-10-29,1439.27,1447.62,1432.19,1444.27,978806592
2021-11-01,1448.58,1451.81,1435.57,1438.97,1130970368
2021-11-02,1439.9,1452.46,1438.83,1452.46,1007353920
2021-11-03,1459.48,1463.63,1440.67,1444.3,1500452736
2021-11-04,1443.06,1451.98,1435.84,1448.34,925156672
2021-11-05,1450.63,1459.93,1444.51,1456.51,870062656
2021-11-08,1462.5,1470.49,1456.9,1467.57,1053921152
2021-11-09,1470.35,1474.2,1457.57,1461.5,1026660480
2021-11-10,1465.48,1470.19,1457.98,1465.02,983535808
2021-11-11,1469.26,1472.89,1449.18,1462.35,1259121024
2021-11-12,1464.58,1474.98,1453.22,1473.37,942625984
2021-11-15,1481.96,1481.96,1466.01,1476.57,1172819328
2021-11-16,1472.15,1476.97,1459.08,1466.45,1216002560
2021-11-17,1467.83,1477.04,1464.78,1475.85,854638976
2021-11-18,1478.82,1482.68,1469.83,1469.83,1087978496
2021-11-19,1474.86,1481.53,1434.69,1452.35,1518391424
2021-11-22,1452.94,1466.46,1442.85,1447.25,1261482496
2021-11-23,1442.2,1463.63,1438.41,1463.63,878628352
2021-11-24,1471.24,1491.05,1467.29,1488.87,1114417792
2021-11-25,1496.69,1505.36,1490.32,1500.81,1001072896
2021-11-26,1506.64,1511.68,1488.83,1493.03,1053654464
2021-11-29,1469.24,1488.93,1468.25,1484.84,1010860608
2021-11-30,1497.06,1503.09,1471.57,1478.44,1084182016
2021-12-01,1477.84,1487.68,1471.3,1485.19,870021888
2021-12-02,1489.04,1493.84,1482.05,1482.05,761232832
2021-12-03,1490.4,1491.2,1443.32,1443.32,1090061056
2021-12-06,1447.52,1452.55,1400.87,1413.58,1034718208
2021-12-07,1428.47,1446.77,1421.6,1446.77,754054336
2021-12-08,1452.09,1460.28,1447.88,1452.87,767416000
2021-12-09,1448.18,1467.98,1446.88,1467.98,659412480
2021-12-10,1470.55,1475.85,1461.78,1463.54,797823488
2021-12-13,1471.27,1481.7,1470.08,1476.21,859105472
2021-12-14,1476.58,1485.14,1469.21,1476.02,961817920
2021-12-15,1476.43,1481.67,1468.21,1475.5,904653440
2021-12-16,1482.19,1482.32,1468.95,1476.61,925186624
2021-12-17,1482.62,1487.73,1479.79,1479.79,1113566720
2021-12-20,1482.09,1483.23,1468.88,1477.33,955232640
2021-12-21,1475.31,1486.03,1472.43,1478.74,899152640
2021-12-22,1485.4,1489.24,1471.84,1477.67,1066749760
2021-12-23,1480.52,1481.21,1447.14,1456.96,1355777152
2021-12-24,1465,1478.8,1456.32,1477.03,888131584
2021-12-27,1485.1,1490.12,1469.91,1488.88,750900224
2021-12-28,1497.16,1499.77,1483.97,1494.39,1000895104
2021-12-29,1498.3,1498.91,1485.82,1485.82,840898240
2021-12-30,1491.24,1493.38,1484.82,1485.97,747236992
2021-12-31,1490.25,1499.07,1490.08,1498.28,873116160
2022-01-04,1508.15,1526.69,1508.15,1525.58,881549760
2022-01-05,1531.81,1535.82,1522.5,1522.5,1056163776
2022-01-06,1518.78,1536.24,1518.18,1528.57,1117564800
2022-01-07,1534.1,1534.52,1524.96,1528.48,1019140480
2022-01-10,1530.74,1536.45,1503.71,1503.71,1369197184
2022-01-11,1506.73,1512.05,1488.4,1492.31,1246802304
2022-01-12,1491.3,1510.51,1464.49,1510.51,1129745664
2022-01-13,1519.79,1522.6,1495.13,1496.05,993886208
2022-01-14,1477.5,1503.25,1476.68,1496.02,784394560
2022-01-17,1499.47,1503.86,1452.84,1452.84,985088256
2022-01-18,1444.16,1452.14,1424.65,1438.94,738556992
2022-01-19,1444.6,1449.11,1434.46,1442.79,635225024
2022-01-20,1439.06,1469.08,1432.58,1465.3,785235712
2022-01-21,1470.75,1477.09,1463.06,1472.89,810727744
2022-01-24,1465.33,1467.99,1432.18,1439.71,824774592
2022-01-25,1433.2,1479.58,1424.36,1479.58,747488320
2022-01-26,1485.83,1490.45,1478.41,1481.58,809859520
2022-01-27,1475.15,1486.39,1464.06,1470.76,563214464
2022-01-28,1471.14,1484.48,1465.22,1478.96,698895872
2022-02-07,1497.55,1505.69,1493.89,1497.66,577578688
2022-02-08,1495.58,1503.33,1491.78,1500.99,732983104
2022-02-09,1501.67,1511.72,1499.53,1505.38,793861952
2022-02-10,1510.66,1512.88,1495.7,1506.79,679449792
2022-02-11,1502.83,1508.54,1499.06,1501.71,634921088
2022-02-14,1486.73,1495.99,1471.96,1471.96,800495488
2022-02-15,1473.92,1495.56,1470.06,1492.75,605248896
2022-02-16,1499.07,1499.5,1486.68,1492.1,702251584
2022-02-17,1494.02,1507.99,1492.49,1507.99,608987520
2022-02-18,1494.3,1507.29,1492.38,1504.84,696726720
2022-02-21,1504.96,1516.63,1500.97,1510.84,788541632
2022-02-22,1499.18,1506.38,1484.81,1503.47,903169984
2022-02-23,1509.12,1520.78,1507.37,1512.3,692671488
2022-02-24,1508.73,1513.25,1473.76,1494.85,1158726528
2022-02-25,1504.55,1512.05,1494.85,1498.89,767097728
2022-02-28,1499.43,1502.36,1487.57,1490.13,729177536
2022-03-01,1493.93,1501.73,1491.48,1498.78,842192192
2022-03-02,1499.37,1500.41,1479.55,1485.52,936451904
2022-03-03,1492.48,1505,1487.69,1505,921857664
2022-03-04,1505,1509.19,1501.39,1505.33,924964992
2022-03-07,1500.65,1505.32,1493.87,1499.05,971475776
2022-03-08,1487.37,1499.05,1473.71,1473.71,1030217920
2022-03-09,1478.43,1482.86,1462.8,1473.74,921452288
2022-03-10,1485.11,1488.59,1476.76,1479.08,648611328
2022-03-11,1478.44,1480.29,1458.88,1466.54,877365504
2022-03-14,1459.28,1466.54,1439.19,1446.25,855380032
2022-03-15,1444.92,1453.07,1437.27,1452.74,672243776
2022-03-16,1459.68,1462.98,1453.91,1459.33,622497536
2022-03-17,1466.56,1467.74,1459.14,1461.34,715216192
2022-03-18,1467.67,1474.86,1465.57,1469.1,792375744
2022-03-21,1474.78,1494.95,1474.38,1494.95,787335936
2022-03-22,1500.08,1507.71,1494.95,1503.78,941863744
2022-03-23,1505.76,1513.9,1501.67,1502.34,853836160
2022-03-24,1503.91,1505.39,1495.18,1498.26,783228608
2022-03-25,1500.17,1503.29,1494.55,1498.5,766886848
2022-03-28,1490.44,1496.79,1473.8,1483.18,1062270016
2022-03-29,1487.57,1498.45,1485.22,1497.76,730062528
2022-03-30,1491.92,1503.89,1483.9,1490.51,898903680
2022-03-31,1492.5,1498.41,1488.27,1492.15,677216960
2022-04-01,1489.48,1516.87,1484.13,1516.44,964757952
2022-04-04,1528.87,1530.95,1522.82,1524.7,777734208
2022-04-05,1521.4,1527.57,1519.28,1520.03,701620416
2022-04-06,1510.69,1523.75,1507.62,1522.9,942764416
2022-04-07,1524.12,1524.92,1502.35,1502.35,794151680
2022-04-08,1504.31,1507.73,1482,1482,761998208
2022-04-12,1487.94,1490.58,1455.25,1455.25,673778240
2022-04-13,1455.25,1477.2,1448.52,1477.2,672831296
2022-04-14,1483.08,1484.34,1471.75,1472.12,521901792
2022-04-15,1470.32,1478.95,1456.39,1458.56,657232064
2022-04-18,1455.04,1456.47,1425.07,1432.6,826007360
2022-04-19,1435.82,1442.04,1406.45,1406.45,697273024
2022-04-20,1401.63,1410.64,1384.72,1384.72,685262976
2022-04-21,1369.8,1392.33,1356.58,1370.21,805646592
2022-04-22,1378.28,1392.89,1352.43,1379.23,833075776
2022-04-25,1377.75,1382.13,1298.38,1310.92,759301376
2022-04-26,1285.4,1341.34,1261.4,1341.34,724910592
2022-04-27,1331.73,1355.92,1314.81,1353.77,516805440
2022-04-28,1353.48,1358.07,1344.1,1350.99,479023200
2022-04-29,1347.08,1369.31,1343.24,1366.8,596021056
2022-05-04,1366.11,1366.39,1348.68,1348.68,528002208
2022-05-05,1361.62,1362.18,1331.41,1360.68,528130080
2022-05-06,1333.55,1353.48,1328.13,1329.26,563489600
2022-05-09,1313.49,1314.52,1265.54,1269.62,669260032
2022-05-10,1240.93,1293.56,1232.57,1293.56,663547008
2022-05-11,1295.39,1305.17,1277.91,1301.53,413453760
2022-05-12,1290.4,1301.53,1238.05,1238.84,553965888
2022-05-13,1235.03,1237.8,1180.6,1182.77,814151168
2022-05-16,1208.05,1215.96,1170.59,1171.95,575098368
2022-05-17,1164.32,1228.37,1156.54,1228.37,578269888
2022-05-18,1240.06,1249.84,1222.92,1240.76,566098560
2022-05-19,1211.31,1246.66,1210.43,1241.64,491939872
2022-05-20,1240.72,1252.96,1232.33,1240.71,501724032
2022-05-23,1246.56,1246.58,1207.99,1218.81,556957440
2022-05-24,1218.87,1233.38,1203.28,1233.38,528208608
2022-05-25,1238.52,1268.43,1234.2,1268.43,655182848
2022-05-26,1273.8,1278.11,1261.55,1268.57,541056833
2022-05-27,1270.56,1286.99,1268.57,1285.45,602250496
2022-05-30,1287.21,1296.22,1281.27,1293.92,583016704
2022-05-31,1288.63,1297.64,1280.44,1292.68,588722368
2022-06-01,1289.56,1302.25,1286.01,1299.52,567394944
2022-06-02,1300.58,1302.66,1283.32,1288.62,569771776
2022-06-03,1284.62,1292.78,1276.37,1287.98,473094560
2022-06-06,1290.04,1302.14,1281.95,1290.01,586779840
2022-06-07,1285.07,1291.35,1260.92,1291.35,670093504
2022-06-08,1297.56,1316.69,1291.35,1307.91,583291328
2022-06-09,1310.35,1312.44,1300.85,1307.8,457986976
2022-06-10,1298.78,1309.59,1284.08,1284.08,601986304
2022-06-13,1251.08,1284.08,1226.01,1227.04,729850112
2022-06-14,1213.44,1239.36,1211.13,1230.31,556644544
2022-06-15,1231.23,1235.56,1195.19,1213.93,680114240
2022-06-16,1227.24,1246.32,1213.93,1236.63,560687616
2022-06-17,1210.5,1220.41,1191.92,1217.3,729954752
2022-06-20,1218.37,1221.6,1180.4,1180.4,667570816
2022-06-21,1172.98,1189.97,1162.94,1172.47,689701248
2022-06-22,1180.11,1185.86,1162.98,1169.27,590151040
2022-06-23,1162.06,1188.88,1162.06,1188.88,431887232
2022-06-24,1190.82,1196.85,1185.48,1185.48,474392992
2022-06-27,1189.12,1203.51,1185.48,1202.82,518363008
2022-06-28,1202.41,1221.74,1198.99,1218.1,584543104
2022-06-29,1208.22,1219.58,1207.38,1218.09,554924608
2022-06-30,1218.22,1220.51,1197.6,1197.6,508349312
2022-07-01,1193.04,1202.41,1170.95,1198.9,526123712
2022-07-04,1206.47,1208.96,1192.63,1195.53,437680448
2022-07-05,1198.42,1200.99,1181.29,1181.29,609774784
2022-07-06,1167.25,1175.26,1147.63,1149.61,553117504
2022-07-07,1148.97,1166.48,1142.8,1166.48,409115872
2022-07-08,1174.53,1177.18,1164.23,1171.31,474987968
2022-07-11,1161.3,1165.6,1144.55,1155.29,535369568
2022-07-12,1154.31,1174.82,1153.55,1174.82,523732160
2022-07-13,1173.46,1182.21,1170.92,1173.92,561789312
2022-07-14,1170.7,1182.17,1170.04,1182.17,524709248
2022-07-15,1183.15,1189.66,1178.12,1179.25,603163712
2022-07-18,1184.74,1184.93,1174.7,1176.49,523446624
2022-07-19,1176.1,1180.46,1168.99,1178.33,532137248
2022-07-20,1188.12,1198.63,1185.82,1194.14,642528064
2022-07-21,1195.03,1201.91,1194.89,1198.47,527173568
2022-07-22,1199.16,1202.69,1194.76,1194.76,474484736
2022-07-25,1191.43,1198.16,1184.32,1188.5,436927680
2022-07-26,1189.2,1194.15,1184.44,1185.07,428051904
2022-07-27,1180.83,1191.04,1178.58,1191.04,443168960
2022-07-28,1201.77,1214.03,1191.19,1208.12,665358400
2022-07-29,1214.32,1217.84,1206.33,1206.33,577345728
2022-08-01,1209.05,1231.35,1206.46,1231.35,706221568
2022-08-02,1230.31,1236.41,1224.11,1236.12,673906304
2022-08-03,1233.84,1250.2,1232.41,1249.76,779398784
2022-08-04,1252.49,1257.38,1247.38,1254.15,723968000
2022-08-05,1250.25,1253.75,1245.05,1252.74,692734528
2022-08-08,1252.36,1258.84,1252.04,1256.75,696606464
2022-08-09,1260.36,1263.14,1252.84,1258.85,717955520
2022-08-10,1255.69,1260.36,1253.89,1256.5,639848640
2022-08-11,1267.37,1268.03,1245.85,1252.07,808679936
2022-08-12,1250.66,1262.33,1248.65,1262.33,540748352
2022-08-15,1268.56,1274.24,1262.33,1274.2,632219264
2022-08-16,1274.08,1275.93,1271.11,1274.69,613713152
2022-08-17,1276.78,1280.61,1271.97,1275.28,711888192
2022-08-18,1273.45,1283.15,1268.64,1273.66,594158528
2022-08-19,1272.23,1280,1263.45,1269.18,606064192
2022-08-22,1264.64,1270.57,1255.83,1260.43,617884032
2022-08-23,1253.45,1270.81,1253.45,1270.81,564723968
2022-08-24,1275.57,1280.36,1272.33,1277.16,596389376
2022-08-25,1280.39,1289.18,1280.28,1288.88,608830080
2022-08-26,1291.29,1295.12,1280.05,1282.57,667642560
2022-08-29,1263.43,1270.8,1249.17,1270.8,842183744
2022-08-30,1274.97,1287.65,1274,1279.39,524293504
2022-08-31,1276.49,1285.29,1274.99,1280.51,497543872
2022-09-05,1280.26,1285.7,1275.35,1277.35,522411904
2022-09-06,1279.58,1286.92,1277.4,1277.4,579114944
2022-09-07,1274.6,1277.4,1243.17,1243.17,842479040
2022-09-08,1251.06,1251.36,1234.6,1234.6,594727808
2022-09-09,1241.26,1248.78,1228.54,1248.78,585259712
2022-09-12,1255,1257.8,1248.97,1249.62,408413280
2022-09-13,1251.1,1252.35,1243.87,1248.4,473039616
2022-09-14,1229.76,1248.4,1228.51,1240.77,602565888
2022-09-15,1247.34,1250.93,1240.77,1245.66,425678432
2022-09-16,1243.38,1246.17,1230.37,1234.03,630193408
2022-09-19,1231.45,1233.46,1202.07,1205.43,694428480
2022-09-20,1212.08,1218.93,1199.71,1218.93,464889856
2022-09-21,1213.47,1217.28,1204.68,1210.55,388988864
2022-09-22,1200.34,1214.7,1196.64,1214.7,472245952
2022-09-23,1212.61,1216.59,1201.45,1203.28,482996704
2022-09-26,1186.41,1190.27,1159.12,1174.35,743720000
2022-09-27,1177.51,1180.75,1166.44,1166.54,462763968
2022-09-28,1158.53,1162.6,1142.79,1143.62,525485184
2022-09-29,1157.09,1159.49,1126.07,1126.07,485356992
2022-09-30,1115.2,1135.47,1099.44,1132.11,719135808
2022-10-03,1124.46,1132.11,1079.86,1086.44,549435968
2022-10-04,1095.73,1100.42,1069.74,1078.14,570588864
2022-10-05,1092.08,1110.21,1092.08,1104.26,442193664
2022-10-06,1105.31,1106.97,1072.57,1074.52,539061568
2022-10-07,1061.93,1062.23,1022.38,1035.91,869411840
2022-10-10,1019.67,1051.02,1012.94,1042.48,654326400
2022-10-11,1036.48,1036.48,998.64,1006.2,667702912
2022-10-12,1006.1,1039.44,1002.89,1034.81,606854720
2022-10-13,1035.33,1050.99,1025.04,1050.99,474627904
2022-10-14,1063.07,1068.12,1055.29,1061.85,639782080
2022-10-17,1053.46,1054.05,1033.59,1051.58,491023904
2022-10-18,1065.6,1071.74,1051.58,1063.66,509850496
2022-10-19,1065.08,1065.99,1052.29,1060.07,395065504
2022-10-20,1056.14,1065.28,1048.21,1058.45,377879968
2022-10-21,1059.03,1059.09,1013.69,1019.82,731699456
2022-10-24,1021.25,1023.51,977.41,986.15,632681216
2022-10-25,980.47,1011.39,962.45,997.7,734535872
2022-10-26,1000.71,1004.55,984.71,992.85,382562592
2022-10-27,994.82,1023.49,990.48,1022.16,614294464
2022-10-28,1036.27,1044.57,1026.53,1028.56,612850560
2022-10-31,1028.24,1030.32,1005,1021.42,625073472
2022-11-01,1034.77,1043.53,1027.39,1028.41,580676672
2022-11-02,1033.51,1034.73,1018.64,1021.52,532856288
2022-11-03,1011.41,1023.95,1010.65,1017.03,412007648
2022-11-04,1008.23,1009.96,974.61,994.12,679505088
2022-11-07,989.74,996.18,969.61,971.22,574823744
2022-11-08,960.93,981.86,956.97,976.99,614127424
2022-11-09,983.62,994.79,977.93,981.33,546616128
2022-11-10,974.76,976.31,935.78,942.65,655656512
2022-11-11,954.95,966.7,947.24,952.88,682331712
2022-11-14,939.94,949.38,923.53,941.04,657943616
2022-11-15,926.08,929.06,900.17,911.9,658748544
2022-11-16,876,945.42,873.78,942.9,1024616256
2022-11-17,952.91,972.88,945.09,969.26,700900224
2022-11-18,967.18,971.77,939.73,969.33,934032384
2022-11-21,971.57,973.19,956.77,960.65,587725376
2022-11-22,953.78,985.28,948.52,952.12,1044120576
2022-11-23,947.81,958.61,942.02,946,538800960
2022-11-24,942.86,950.03,934.31,947.71,528225344
2022-11-25,956.62,971.46,955.53,971.46,612877248
2022-11-28,979.68,1006.22,971.46,1005.69,950020159
2022-11-29,1008.85,1032.16,998.56,1032.16,1176699780
2022-11-30,1037.44,1048.42,1021.54,1048.42,1069148160
2022-12-01,1057.97,1066.28,1035.62,1036.28,1332475776
2022-12-02,1032.67,1080.01,1030.81,1080.01,1090716160
2022-12-05,1090.97,1099.45,1082.59,1093.67,1217486080
2022-12-06,1088.9,1090.64,1048.69,1048.69,1468304000
2022-12-07,1046.72,1059.79,1034.92,1041.02,915775552
2022-12-08,1055.21,1078.09,1045.98,1050.53,911862592
2022-12-09,1056.85,1061.21,1041.39,1051.81,785236096
2022-12-12,1059.55,1065.16,1032.07,1032.07,893844352
2022-12-13,1035.76,1047.45,1026.3,1047.45,792084223
2022-12-14,1062.18,1062.18,1046.43,1050.43,755646528
2022-12-15,1049.16,1062.61,1049.06,1055.32,717860800
2022-12-16,1048.62,1064.79,1047.16,1052.48,874728192
2022-12-19,1053.91,1065.59,1038.4,1038.4,973198656
2022-12-20,1035.82,1038.74,1010.08,1023.13,1068219392
2022-12-21,1033.34,1033.84,1005.43,1018.88,772734912
2022-12-22,1026.49,1033.18,1016.54,1022.61,668847360
2022-12-23,1023.69,1027.34,1013.2,1020.34,537715968
2022-12-26,1019.66,1021.89,985.21,985.21,611116608
2022-12-27,986.07,1007.88,985.28,1004.57,582860288
2022-12-28,1008.41,1020.52,998.97,1015.66,575669760
2022-12-29,1016.06,1021.96,1009.29,1009.29,453396448
2022-12-30,1017.45,1017.99,1007.09,1007.09,395620480
2023-01-03,1011.39,1043.9,1011.38,1043.9,548487360
2023-01-04,1048.31,1052.6,1041.56,1046.35,643758144
2023-01-05,1048.17,1058.14,1046.64,1055.82,531992896
2023-01-06,1055.51,1065.58,1047.26,1051.44,694258240
2023-01-09,1057.49,1057.49,1050.95,1054.21,465044576
2023-01-10,1054.84,1057.44,1045.75,1053.35,537346880
2023-01-11,1058.25,1065.69,1054.53,1055.76,540720192
2023-01-12,1058.51,1060.97,1050.27,1056.39,498993728
2023-01-13,1060.71,1066.39,1055.23,1060.17,661973696
2023-01-16,1062.14,1067.74,1057.87,1066.68,507637088
2023-01-17,1071.37,1088.29,1067.6,1088.29,665779648
2023-01-18,1092.5,1100.39,1088.29,1098.28,602432512
2023-01-19,1095.53,1111.72,1094.46,1108.08,611985536
2023-01-27,1114.15,1124.3,1111.41,1117.1,600038720
2023-01-30,1117.66,1118.46,1102.57,1102.57,796982400
2023-01-31,1100.4,1111.18,1088.25,1111.18,744674624
2023-02-01,1114.68,1116.96,1075.97,1075.97,1027755072
2023-02-02,1079.69,1083.36,1070.81,1077.59,631351296
2023-02-03,1078.83,1081.89,1070.46,1077.15,555867136
2023-02-06,1073.52,1089.29,1067.24,1089.29,515247968
2023-02-07,1088.07,1092.12,1065.18,1065.84,670195840
2023-02-08,1067.58,1079.51,1063.5,1072.22,567414592
2023-02-09,1070.07,1075.2,1064.03,1064.03,468311968
2023-02-10,1066.16,1066.28,1054.08,1055.3,462035840
2023-02-13,1050.99,1054.05,1031.7,1043.7,675272896
2023-02-14,1045.14,1046.64,1032.76,1038.64,390913248
2023-02-15,1037.17,1051.89,1034.39,1048.2,581759872
2023-02-16,1051.16,1058.29,1047.45,1058.29,473657440
2023-02-17,1058.99,1062.25,1053.26,1059.31,458046784
2023-02-20,1059.74,1088.01,1059.56,1086.69,681844992
2023-02-21,1089.74,1095.1,1081.8,1082.23,710327040
2023-02-22,1073.62,1079.72,1054.28,1054.28,810477184
2023-02-23,1053.95,1054.48,1030.58,1053.66,715619072
2023-02-24,1051.58,1052.49,1034.66,1039.56,424423872
2023-02-27,1029.55,1031.59,1017.7,1021.25,585054912
2023-02-28,1027.74,1034.36,1018.72,1024.68,423328384
2023-03-01,1018.07,1040.55,1013.37,1040.55,513984704
2023-03-02,1039,1043.8,1033.07,1037.61,363822080
2023-03-03,1038.1,1041.82,1022.78,1024.77,442593536
2023-03-06,1032.35,1042.43,1026.73,1027.18,416423648
2023-03-07,1033.96,1043.92,1033.32,1037.84,461679520
2023-03-08,1028.77,1049.18,1027.8,1049.18,505502336
2023-03-09,1050.61,1060.56,1049.45,1055.95,604018112
2023-03-10,1050.53,1053.86,1046.31,1053,502993632
2023-03-13,1046.95,1055.58,1045.46,1052.8,620801600
2023-03-14,1049.3,1051.56,1034.72,1040.13,620666240
2023-03-15,1052.06,1062.55,1043.82,1062.19,619189248
2023-03-16,1056.15,1058.73,1043.65,1047.4,530346816
2023-03-17,1053.37,1055.42,1043.54,1045.14,556727360
2023-03-20,1041.91,1042.6,1022.71,1023.1,563464832
2023-03-21,1028.83,1036.15,1017.05,1032.43,471473984
2023-03-22,1035.84,1042.84,1032.6,1040.54,452992832
2023-03-23,1035.33,1045.1,1030.93,1045.1,430076224
2023-03-24,1047.1,1052.29,1044.02,1046.79,574361920
2023-03-27,1047.78,1053.78,1041.99,1052.25,556101440
2023-03-28,1055.57,1059.83,1051.75,1054.29,629994944
2023-03-29,1055.18,1056.33,1048.26,1056.33,459582112
2023-03-30,1061.32,1066.23,1056.33,1059.44,595226304
2023-03-31,1060,1067.55,1059.85,1064.64,638266112
2023-04-03,1074.69,1079.28,1071.62,1079.28,820699264
2023-04-04,1081.36,1082.21,1075.1,1078.45,798212800
2023-04-05,1079.06,1080.86,1074.1,1080.86,790254976
2023-04-06,1083.27,1084.52,1070.91,1070.91,994858496
2023-04-10,1073.86,1075.54,1063.45,1065.35,855848448
2023-04-11,1063.64,1070.56,1056.9,1069.46,695585088
2023-04-12,1071.61,1072.7,1066.43,1069.45,718535552
2023-04-13,1070.96,1070.96,1062.39,1064.3,671524992
2023-04-14,1067.21,1068.79,1052.89,1052.89,779924672
2023-04-17,1053.02,1054.72,1049.11,1053.81,451985280
2023-04-18,1055.85,1057.15,1050.89,1055.02,535160928
2023-04-19,1057.88,1058.14,1047.47,1048.98,563813696
2023-04-20,1050.02,1051.86,1045.85,1049.25,371423776
2023-04-21,1050.1,1050.4,1041.26,1042.91,547312960
2023-04-24,1045.28,1047.18,1038.36,1041.36,551653440
2023-04-25,1045.87,1045.87,1032.49,1034.85,535177792
2023-04-26,1034.02,1040.8,1029.19,1040.8,500715744
2023-04-27,1041.39,1044.25,1037.62,1039.63,510669984
2023-04-28,1043.17,1049.12,1042.04,1049.12,605861376
2023-05-04,1046.05,1048.16,1038.18,1040.61,623392384
2023-05-05,1040.23,1043.22,1036.69,1040.31,543410624
2023-05-08,1040.31,1052.76,1040.31,1052.62,618773248
2023-05-09,1055.42,1058.71,1052.68,1053.77,557705664
2023-05-10,1055.62,1058.67,1053.34,1058.26,714771968
2023-05-11,1060.75,1063.69,1056.72,1057.12,705981440
2023-05-12,1057.7,1066.9,1053.97,1066.9,723347200
2023-05-15,1074.82,1076.32,1065.71,1065.71,830397056
2023-05-16,1068.51,1069.27,1063.65,1065.91,678489664
2023-05-17,1066.41,1069.95,1060.44,1060.44,830269760
2023-05-18,1063.55,1073.41,1060.94,1068.31,646254848
2023-05-19,1069.64,1070.15,1058.56,1067.07,753243328
2023-05-22,1067.32,1070.64,1065.88,1070.64,707300864
2023-05-23,1073.12,1073.96,1062.15,1065.85,718771712
2023-05-24,1069.13,1069.61,1060.6,1061.79,783054528
2023-05-25,1062.03,1065.5,1057.91,1064.63,663084480
2023-05-26,1067.24,1067.28,1063.76,1063.76,634260800
2023-05-29,1067.68,1077.18,1067.27,1074.98,828512064
2023-05-30,1078.82,1079.31,1071.01,1078.05,913968832
2023-05-31,1078.39,1079.11,1071.38,1075.17,917399552
2023-06-01,1076.27,1078.39,1071.61,1078.39,852591680
2023-06-02,1084.19,1092.24,1083.36,1090.84,1025982016
2023-06-05,1100.2,1103.81,1096.76,1097.82,942253440
2023-06-06,1099.99,1108.31,1098.28,1108.31,837786240
2023-06-07,1111.67,1112.28,1104.26,1109.54,995078784
2023-06-08,1111.86,1115.14,1101.32,1101.32,1321305344
2023-06-09,1103.11,1107.53,1097.23,1107.53,897118528
2023-06-12,1110.26,1116.02,1100.08,1116.02,783528704
2023-06-13,1117.43,1122.46,1116.1,1122.46,940781824
2023-06-14,1124.56,1129.49,1117.42,1117.42,915957312
2023-06-15,1117.06,1120.13,1112.11,1116.97,703437888
2023-06-16,1121.92,1128.92,1112.51,1115.22,1157762560
2023-06-19,1115.68,1117.23,1104.73,1105.4,807629888
2023-06-20,1107.3,1111.72,1102.58,1111.72,689274560
2023-06-21,1112.73,1118.46,1110.65,1118.46,868996480
2023-06-22,1126.21,1127.54,1122.27,1125.3,905032832
2023-06-23,1126.4,1130.61,1122.62,1129.38,901592384
2023-06-26,1130.08,1134,1119.95,1132.03,1035697024
2023-06-27,1134.55,1136.49,1128.82,1134.33,711965952
2023-06-28,1137.18,1140.56,1131.86,1138.35,871618048
2023-06-29,1139.42,1140.43,1125.39,1125.39,902448832
2023-06-30,1124.3,1126.33,1120.01,1120.18,613568640
2023-07-03,1125.55,1128.35,1121.17,1125.5,549873856
2023-07-04,1127.11,1132.12,1123.49,1132,693614912
2023-07-05,1136.64,1138.67,1133.45,1134.62,801237760
2023-07-06,1133.7,1135.81,1122.35,1126.22,915839808
2023-07-07,1124.98,1138.07,1122.94,1138.07,791868352
2023-07-10,1142.61,1149.02,1140.03,1149.02,874313600
2023-07-11,1151.13,1157.01,1149.38,1151.77,919958016
2023-07-12,1154.37,1157.43,1149.28,1154.2,777236672
2023-07-13,1159.88,1165.42,1158.15,1165.42,802197696
2023-07-14,1169.2,1169.84,1156.28,1168.4,1039511424
2023-07-17,1171.75,1174.89,1168.77,1173.13,905118720
2023-07-18,1173.23,1175.7,1170.04,1174.09,821596032
2023-07-19,1177.5,1178.55,1172.98,1172.98,891140288
2023-07-20,1171.83,1174.39,1166.62,1172.81,789583424
2023-07-21,1173.21,1185.9,1172.07,1185.9,980566976
2023-07-24,1190.74,1193.22,1183.39,1190.72,1041864960
2023-07-25,1194.45,1199.27,1193.34,1195.9,996016640
2023-07-26,1195.5,1200.84,1195.44,1200.84,906391488
2023-07-27,1201.69,1203.69,1191.08,1197.33,1160976000
2023-07-28,1197.32,1207.67,1195.86,1207.67,1105954688
2023-07-31,1219.66,1224.81,1207.67,1222.9,1199654784
2023-08-01,1230.32,1234.5,1217.56,1217.56,1276467200
2023-08-02,1217.17,1223.04,1213.18,1220.43,930382848
2023-08-03,1219.73,1222.35,1209.06,1210.95,1029956160
2023-08-04,1216.27,1228.12,1211.9,1225.98,1124416768
2023-08-07,1233.1,1241.42,1230.38,1241.42,1291669248
2023-08-08,1244.35,1246.22,1239.01,1242.23,1191071360
2023-08-09,1240.68,1241.96,1231.28,1233.99,1083543040
2023-08-10,1236.51,1238.19,1220.61,1220.61,1006663360
2023-08-11,1228.92,1232.21,1213.37,1232.21,1008884544
2023-08-14,1237.14,1239.61,1229.04,1236.84,1100327040
2023-08-15,1239.42,1239.42,1230.58,1234.05,910816256
2023-08-16,1239.95,1243.48,1234.77,1243.26,920483200
2023-08-17,1242.58,1243.98,1233.48,1233.48,1106323584
2023-08-18,1227.02,1228.98,1177.74,1177.99,1689444608
2023-08-21,1177.01,1188.16,1164.63,1179.76,1064248192
2023-08-22,1183.92,1184.43,1149.13,1180.49,1043223744
2023-08-23,1192.96,1193.79,1168.89,1172.56,731631488
2023-08-24,1175.2,1189.99,1171.33,1189.39,834759168
2023-08-25,1188.99,1192.59,1181.6,1183.37,871918848
2023-08-28,1189.43,1202.02,1189.43,1201.72,871787776
2023-08-29,1204.75,1208.78,1197.57,1204.43,989036224
2023-08-30,1206.1,1213.52,1203.51,1213.16,908175040
2023-08-31,1216,1224.84,1214.32,1224.05,941763264
2023-09-05,1231.43,1236.21,1228.7,1234.98,1083696384
2023-09-06,1237.07,1245.5,1229.89,1245.5,1131264512
2023-09-07,1248.91,1255.11,1240.82,1243.14,1125098624
2023-09-08,1242.28,1248.1,1240.15,1241.48,1096407040
2023-09-11,1250.48,1251.37,1223.33,1223.63,1380687104
2023-09-12,1227.16,1245.44,1220.85,1245.44,963572096
2023-09-13,1248.94,1250.61,1232.84,1238.39,1259350912
2023-09-14,1238.19,1244.21,1223.03,1223.81,1218798208
2023-09-15,1228.87,1233.87,1220.27,1227.36,909883648
2023-09-18,1225.6,1227.36,1203.88,1211.81,841376320
2023-09-19,1215.96,1219.57,1199.85,1211.5,966841216
2023-09-20,1212.7,1226.11,1209.46,1226.11,861723328
2023-09-21,1226.79,1227.88,1211.65,1212.74,954009856
2023-09-22,1197.49,1205.41,1174.57,1193.05,1392864128
2023-09-25,1190.58,1195.62,1153.2,1153.2,1083225984
2023-09-26,1150.94,1163.52,1137.96,1137.96,1039491264
2023-09-27,1139.76,1153.85,1126.36,1153.85,845872960
2023-09-28,1153.74,1155.39,1136.99,1152.43,683541504
2023-09-29,1157.76,1163.88,1152.43,1154.15,572894400
2023-10-02,1155.07,1161.48,1149.63,1155.25,501611968
2023-10-03,1145.85,1146.59,1117.28,1118.1,984502720
2023-10-04,1106.61,1133.77,1106.4,1128.67,678860352
2023-10-05,1131.29,1133.12,1113.89,1113.89,606657344
2023-10-06,1115.23,1129.13,1107.4,1128.54,621154560
2023-10-09,1130.25,1137.36,1127.03,1137.36,601244864
2023-10-10,1143.6,1150.34,1140.83,1143.69,669993856
2023-10-11,1146.2,1150.81,1138.22,1150.81,538812032
2023-10-12,1155.12,1156.73,1148.11,1151.61,640588928
2023-10-13,1145.03,1155.1,1138.99,1154.73,615106112
2023-10-16,1152.69,1157.46,1140.64,1141.42,674893696
2023-10-17,1145.34,1147.89,1121.65,1121.65,602323392
2023-10-18,1123.73,1125.27,1088.87,1103.4,1024485504
2023-10-19,1102.93,1104.03,1087.85,1087.85,638820864
2023-10-20,1085.83,1108.16,1073.73,1108.03,657621440
2023-10-23,1106.56,1106.8,1086.54,1093.53,562497984
2023-10-24,1095.42,1107.3,1088.17,1105.9,502883392
2023-10-25,1106.41,1111.39,1100.64,1101.66,532012800
2023-10-26,1082.8,1083.22,1049.71,1055.45,1171656703
2023-10-27,1059.41,1061.87,1037.46,1060.62,675686016
2023-10-30,1054.03,1060.39,1042.4,1042.4,524183744
2023-10-31,1045.6,1046.17,1025.03,1028.19,752219904
2023-11-01,1029,1039.66,1020.01,1039.66,674512192
2023-11-02,1048.62,1075.47,1039.86,1075.47,767166720
2023-11-03,1081.35,1082.23,1071.11,1076.78,739651904
2023-11-06,1082.21,1089.66,1076.78,1089.66,688285632
2023-11-07,1086.68,1089.89,1079.42,1080.29,619799296
2023-11-08,1079.14,1113.43,1075.8,1113.43,928885696
2023-11-09,1116.42,1124.78,1112.13,1113.89,1033742528
2023-11-10,1105.75,1116.02,1101.23,1101.68,1021663680
2023-11-13,1103.66,1107.91,1093.19,1100.07,773867840
2023-11-14,1109.08,1115.6,1101.67,1109.73,813947136
2023-11-15,1124.56,1132.75,1118.74,1122.5,935097792
2023-11-16,1119.98,1125.53,1114.97,1125.53,678322176
2023-11-17,1128.14,1129.84,1096.16,1101.19,1244855040
2023-11-20,1085.4,1111.26,1085.32,1103.66,835819200
2023-11-21,1112.61,1112.77,1103.79,1110.46,711761792
2023-11-22,1111.35,1115.47,1103.26,1113.82,940697728
2023-11-23,1117.71,1118.54,1088.49,1088.49,1014867776
2023-11-24,1090.97,1095.61,1073.31,1095.61,955714432
2023-11-27,1095.59,1096.84,1085.69,1088.06,590020288
2023-11-28,1088.6,1095.43,1076.45,1095.43,676625920
2023-11-29,1097.28,1105.28,1095.43,1102.8,604645440
2023-11-30,1101.75,1107.45,1094.13,1094.13,715938752
2023-12-01,1099.18,1102.2,1090.08,1102.16,595675392
2023-12-04,1107.74,1123.96,1102.16,1120.49,1115486336
2023-12-05,1122.28,1124.11,1113.55,1115.97,819991808
2023-12-06,1118.06,1126.43,1115.97,1126.43,850653184
2023-12-07,1128.67,1129.83,1109.51,1121.49,1333046528
2023-12-08,1122.09,1127.45,1119.43,1124.44,811313920
2023-12-11,1127.92,1129.15,1120.32,1125.5,688147776
2023-12-12,1127.55,1129.77,1123.35,1127.63,641360384
2023-12-13,1129.94,1131.21,1112.08,1114.2,837384512
2023-12-14,1119.62,1120.36,1107.86,1110.13,679391936
2023-12-15,1109.51,1112.79,1102.3,1102.3,745423616
2023-12-18,1103.43,1103.74,1091.45,1091.88,700400960
2023-12-19,1091.26,1096.3,1082.29,1096.3,636044672
2023-12-20,1098.1,1102.27,1093.38,1100.76,595242816
2023-12-21,1096.22,1102.43,1094.47,1102.43,517259520
2023-12-22,1103.08,1104.65,1099.32,1103.06,554714816
2023-12-25,1104.27,1118.31,1104.27,1117.66,655464448
2023-12-26,1120.11,1123.11,1117.93,1122.25,628095488
2023-12-27,1123.28,1126.47,1121.99,1121.99,747803648
2023-12-28,1122.77,1130.58,1120.5,1128.93,687477568
2023-12-29,1131.75,1135.05,1129.93,1129.93,691339584
2024-01-02,1136.39,1139.71,1128.69,1131.72,838630464
2024-01-03,1130.53,1144.17,1128.32,1144.17,715205888
2024-01-04,1145.49,1160.08,1144.32,1150.72,1177634560
2024-01-05,1152.37,1155.84,1149.08,1154.68,802135296
2024-01-08,1159.42,1162.56,1155.48,1160.19,902490432
2024-01-09,1161.71,1162.83,1155.46,1158.59,855085888
2024-01-10,1158.79,1166.1,1155.94,1161.54,989921408
2024-01-11,1162.49,1169.1,1157.43,1162.22,838395264
2024-01-12,1159.25,1161.91,1146.75,1154.7,1081769472
2024-01-15,1159.37,1163.75,1154.12,1154.12,614835392
2024-01-16,1150.31,1163.12,1147.71,1163.12,608745792
2024-01-17,1161.95,1168.46,1160.45,1162.53,765919296
2024-01-18,1164.32,1169.73,1162.62,1169.06,593184960
2024-01-19,1171.5,1181.5,1171.47,1181.5,656119872
2024-01-22,1186.29,1186.96,1175.54,1182.86,859366080
2024-01-23,1183.96,1184.74,1173.78,1177.5,672144896
2024-01-24,1175.58,1180.3,1172,1172.97,709618176
2024-01-25,1173.58,1173.83,1168.5,1170.37,533835360
2024-01-26,1173.43,1176.76,1173.26,1175.67,556304192
2024-01-29,1177.23,1180.46,1174.88,1175.69,658514816
2024-01-30,1176.02,1179.92,1174.13,1179.65,611031808
2024-01-31,1181.62,1182.53,1163.13,1164.31,1112277632
2024-02-01,1162.78,1174.5,1162.45,1173.02,653326272
2024-02-02,1173.93,1178.27,1169.7,1172.55,904503424
2024-02-05,1174.22,1188.45,1173.54,1186.06,863532416
2024-02-06,1189.08,1190.92,1185.68,1188.48,617518016
2024-02-07,1190.51,1199.52,1190.5,1198.53,684745600
2024-02-15,1203.08,1207.56,1198.81,1202.5,866806208
2024-02-16,1204.9,1210.25,1204.29,1209.7,822084736
2024-02-19,1213.24,1225.48,1212.58,1224.97,1040941056
2024-02-20,1227.75,1230.47,1222.66,1230.06,935224192
2024-02-21,1231.78,1234.22,1222.92,1230.04,987185152
2024-02-22,1229.85,1232.09,1226.15,1227.31,833078400
2024-02-23,1230.3,1240.81,1211.55,1212,1391771776
2024-02-26,1212.93,1225.21,1210.52,1224.17,886094848
2024-02-27,1228.93,1237.6,1226.49,1237.46,976812864
2024-02-28,1241.77,1254.55,1236.32,1254.55,956194176
2024-02-29,1259.59,1264.39,1247.7,1252.73,1081910144
2024-03-01,1256.72,1258.76,1247.87,1258.28,960467392
2024-03-04,1264.07,1268.25,1256.54,1261.41,1178324736
2024-03-05,1262.89,1269.98,1257.81,1269.98,1008772096
2024-03-06,1269.8,1277.51,1256.3,1262.73,1058679808
2024-03-07,1263.51,1269.88,1260.24,1268.46,987451920
2024-03-08,1272.62,1274.3,1247.35,1247.35,1343076480
2024-03-11,1248.32,1254.01,1233.49,1235.49,973325952
2024-03-12,1235.4,1248.33,1233.14,1245,833707136
2024-03-13,1250.2,1270.51,1245.25,1270.51,976311296
2024-03-14,1276,1276.41,1258.67,1264.26,1056019840
2024-03-15,1263.76,1271.63,1252.36,1263.78,1056168512
2024-03-18,1266.11,1269.9,1221.67,1243.56,1706017408
2024-03-19,1246.54,1249.75,1238.92,1242.46,900932608
2024-03-20,1243.79,1261.55,1235.46,1260.08,913049536
2024-03-21,1269.96,1276.42,1264.2,1276.42,1246349056
2024-03-22,1281.56,1291.27,1276.38,1281.8,1376654208
2024-03-25,1278.86,1286.84,1264.51,1267.86,1238590464
2024-03-26,1267.95,1282.5,1264.42,1282.21,935733376
2024-03-27,1286.34,1286.72,1276.95,1283.09,917618432
2024-03-28,1293.03,1293.9,1285.52,1290.18,1004141376
2024-03-29,1292.7,1293.04,1282.44,1284.09,908466112
2024-04-01,1282.37,1286.8,1274.09,1281.52,960291968
2024-04-02,1276.38,1287.04,1268.48,1287.04,1083884928
2024-04-03,1285.3,1288.99,1271.47,1271.47,1071915136
2024-04-04,1271.87,1277.62,1265.12,1268.25,971640832
2024-04-05,1258.58,1268.25,1253.56,1255.11,1065832192
2024-04-08,1255.37,1258.4,1246.87,1250.35,865493952
2024-04-09,1252.4,1262.82,1247.7,1262.82,711114944
2024-04-10,1266.52,1268.72,1258.56,1258.56,698047744
2024-04-11,1249.88,1262.03,1248.11,1258.2,684929600
2024-04-12,1262.96,1278.39,1259.02,1276.6,942190208
2024-04-15,1274.02,1281.81,1216.61,1216.61,1435511808
2024-04-16,1218.64,1222.45,1191.73,1215.68,1329769856
2024-04-17,1221.47,1221.47,1193.01,1193.01,853687808
2024-04-19,1180.87,1190.96,1165.99,1174.85,1068555328
2024-04-22,1183.77,1193.88,1181.13,1190.22,696415104
2024-04-23,1190.56,1192.8,1169.61,1177.4,772262336
2024-04-24,1186.47,1207.61,1177.4,1205.61,783986304
2024-04-25,1206.25,1208.41,1200.21,1204.97,549032832
2024-04-26,1199.83,1216.6,1198.73,1209.52,617209408
2024-05-02,1212.13,1216.36,1206.28,1216.36,561159296
2024-05-03,1222.54,1225.75,1219.69,1221.03,619471808
2024-05-06,1226.89,1241.58,1224.22,1241.58,836769600
2024-05-07,1245.5,1250.63,1240.09,1248.63,697202112
2024-05-08,1243.61,1251.62,1234.76,1250.46,972595840
2024-05-09,1252.81,1256.8,1243.29,1248.64,754058368
2024-05-10,1251.78,1252.5,1237.46,1244.7,668214080
2024-05-13,1248.19,1249.2,1233.56,1240.18,736736512
2024-05-14,1246.23,1252.52,1240.88,1243.28,636983552
2024-05-15,1248.61,1257.92,1243.28,1254.39,868160896
2024-05-16,1264.51,1271.66,1261.19,1268.78,880281088
2024-05-17,1270.34,1274.27,1266.32,1273.11,933144960
2024-05-20,1281.5,1285.19,1277.36,1277.58,1141253120
2024-05-21,1277.85,1281.29,1267.29,1277.14,966197632
2024-05-22,1280.26,1283.06,1263.87,1266.91,1133051392
2024-05-23,1265.6,1281.03,1262.29,1281.03,917217472
2024-05-24,1276.68,1285.07,1250.28,1261.93,1365692032
2024-05-27,1263.46,1267.68,1257.27,1267.68,701757504
2024-05-28,1272.23,1281.73,1269.37,1281.73,863869312
2024-05-29,1284.74,1285.63,1271.6,1272.64,1060543872
2024-05-30,1264.45,1269.07,1251.8,1266.32,1039411712
2024-05-31,1268.37,1271.07,1261.43,1261.72,756632576
2024-06-03,1271.65,1284.48,1271.65,1280,1037689664
2024-06-04,1285.51,1289.31,1281.98,1283.52,912210368
2024-06-05,1287.12,1293.93,1284.35,1284.35,915994496
2024-06-06,1288.79,1292.02,1278.4,1283.56,885249600
2024-06-07,1289.05,1293.03,1283.13,1287.58,691695424
2024-06-10,1292.67,1297.39,1287.44,1290.67,857236928
2024-06-11,1295.03,1296.41,1279.47,1284.41,973490176
2024-06-12,1285.01,1301.35,1281.71,1300.19,880605952
2024-06-13,1305.69,1306.01,1297.6,1301.51,884527296
2024-06-14,1303.37,1305.02,1279.91,1279.91,1108445056
2024-06-17,1282.08,1283.1,1272.54,1274.77,868908672
2024-06-18,1279.39,1286.52,1278.38,1279.5,804834432
2024-06-19,1283,1284.14,1270.66,1279.79,980063552
2024-06-20,1281.82,1286.54,1273.54,1282.3,904815104
2024-06-21,1285.07,1288.06,1279.44,1282.02,815868160
2024-06-24,1281.19,1284.84,1252.66,1254.12,1233806464
2024-06-25,1255.77,1260.07,1250.25,1256.56,804929152
2024-06-26,1258.95,1262.67,1247.55,1261.24,832452160
2024-06-27,1260.71,1262.49,1255.12,1259.09,589457088
2024-06-28,1260.27,1262.61,1240.3,1245.32,837219200
2024-07-01,1246.33,1254.56,1240.07,1254.56,484034592
2024-07-02,1258.87,1270.47,1257.93,1269.79,523556704
2024-07-03,1273.26,1278.14,1268.23,1276.85,582845120
2024-07-04,1278.87,1283.13,1274.58,1279.89,523085216
2024-07-05,1281.21,1284.98,1276.93,1283.04,610314496
2024-07-08,1285.34,1287.14,1277.68,1283.56,762678976
2024-07-09,1286.33,1294.15,1283.62,1293.71,814078016
2024-07-10,1295.57,1297.96,1285.94,1285.94,742347136
2024-07-11,1291.14,1293.32,1283.8,1283.8,695392576
2024-07-12,1284.57,1288.67,1277.16,1280.75,600094848
2024-07-15,1284.14,1286.37,1276.27,1279.82,567179072
2024-07-16,1282.83,1291.47,1279.37,1281.18,676878080
2024-07-17,1286.07,1290.76,1256.42,1268.66,1218616064
2024-07-18,1270.95,1274.67,1256.21,1274.44,725641664
2024-07-19,1275.28,1279.94,1260.68,1264.78,767101696
2024-07-22,1261.42,1267.43,1245.02,1254.64,922548032
2024-07-23,1256.72,1258.74,1231.81,1231.81,726452928
2024-07-24,1225.5,1242.4,1218.65,1238.47,733244608
2024-07-25,1232.92,1235.67,1226.2,1233.19,474923616
2024-07-26,1235.21,1242.11,1234.05,1242.11,453711776
2024-07-29,1247.71,1249.68,1243.08,1246.6,496463200
2024-07-30,1247.23,1248.73,1236.97,1245.06,647887808
2024-07-31,1247.45,1255.77,1246.3,1251.51,715124608
2024-08-01,1254.59,1257.85,1222.51,1226.96,882579712
2024-08-02,1215.67,1236.6,1209.77,1236.6,681492800
2024-08-05,1219.05,1236.6,1184.53,1188.07,1032698304
2024-08-06,1197.52,1213.35,1186.74,1210.28,680286400
2024-08-07,1216.96,1217.79,1205.11,1215.88,615654976
2024-08-08,1211.83,1219.97,1202.58,1208.32,750242752
2024-08-09,1215.3,1225.02,1208.32,1223.64,582942336
2024-08-13,1229.81,1231.55,1223.01,1230.42,537449344
2024-08-14,1233.7,1236.51,1228.93,1230.36,505301216
2024-08-15,1230.58,1231.69,1222.28,1223.56,481168192
2024-08-16,1228.27,1253.24,1225.73,1252.23,960751040
2024-08-19,1259.36,1263.84,1252.23,1261.62,691898816
2024-08-20,1263.65,1275.95,1261.62,1272.55,805641216
2024-08-21,1272.34,1284.05,1268.91,1284.05,834436928
2024-08-22,1287.34,1288.42,1280.42,1282.78,662035328
2024-08-23,1283.22,1287.43,1276.43,1285.32,723180864
2024-08-26,1289.65,1290.45,1278.72,1280.02,774450368
2024-08-27,1279.55,1282.92,1274.7,1280.56,654752384
2024-08-28,1283.41,1285.72,1276.9,1281.44,714082432
2024-08-29,1281.05,1288.2,1280.24,1281.47,627488576
2024-08-30,1283.61,1286.84,1282.58,1283.87,566286976
2024-09-04,1271.39,1277.27,1268.43,1275.8,642292416
2024-09-05,1276.35,1282.21,1266.05,1268.21,663928960
2024-09-06,1268.22,1274.44,1262.94,1273.96,632645632
2024-09-09,1269.83,1273.96,1262.97,1267.73,494511552
2024-09-10,1269.83,1271.83,1252.22,1255.23,685115136
2024-09-11,1254.25,1256.86,1244.79,1253.27,583008448
2024-09-12,1258.42,1260.93,1253.27,1256.35,426999904
2024-09-13,1253.48,1254.24,1248.78,1251.71,478165536
2024-09-16,1251,1255.42,1239.26,1239.26,604032128
2024-09-17,1240,1258.95,1238.69,1258.95,631141760
2024-09-18,1261.23,1271.77,1257.93,1264.9,797548224
2024-09-19,1268.08,1271.27,1264.82,1271.27,605613120
2024-09-20,1277.73,1283.3,1271.27,1272.04,879150208
2024-09-23,1275.15,1276.99,1267.87,1268.48,545321600
2024-09-24,1268.25,1276.99,1266.68,1276.99,809537408
2024-09-25,1282.48,1288.44,1280.47,1287.48,986610816
2024-09-26,1290.03,1298.71,1289.15,1291.49,942350848
2024-09-27,1295.03,1300.31,1287.21,1290.92,946563520
2024-09-30,1290.17,1292.03,1283.92,1287.94,745955904
2024-10-01,1290.68,1302.22,1287.94,1292.2,977299200
2024-10-02,1289.65,1293.69,1285.14,1287.84,767699712
2024-10-03,1288.45,1299.36,1276.51,1278.1,1040166912
2024-10-04,1278.9,1279.19,1270.6,1270.6,600895104
2024-10-07,1275.59,1278.61,1264.65,1269.93,536570176
2024-10-08,1271.98,1275.82,1266.94,1271.98,666067712
2024-10-09,1273.96,1283.01,1273.04,1281.85,672297344
2024-10-10,1289.61,1294.33,1284.97,1286.36,717494848
2024-10-11,1287.66,1289.37,1283.56,1288.39,513942560
2024-10-14,1296.54,1297.67,1286.13,1286.34,790231808
2024-10-15,1287.81,1294.05,1279.81,1281.08,705520704
2024-10-16,1279.86,1283.33,1276.4,1279.48,533187680
2024-10-17,1282.65,1286.52,1271.86,1286.52,676282688
2024-10-18,1291.16,1294.1,1285.46,1285.46,681895744
2024-10-21,1284.17,1287.71,1279.77,1279.77,615034304
2024-10-22,1280.21,1280.21,1265.44,1269.89,793801408
2024-10-23,1270.58,1273.21,1263.26,1270.9,589533248
2024-10-24,1271.17,1274.11,1257.41,1257.41,671998016
2024-10-25,1260.94,1261.72,1251.75,1252.72,561206912
2024-10-28,1252.76,1255.18,1250.94,1254.77,479253824
2024-10-29,1258.03,1262.38,1257.43,1261.78,868684288
2024-10-30,1263.57,1264.84,1255.07,1258.63,535536800
2024-10-31,1260.23,1267.88,1255.55,1264.48,600236224
2024-11-01,1262.39,1264.67,1254.33,1254.89,575288832
2024-11-04,1255.92,1256.96,1242.36,1244.71,706206080
2024-11-05,1244.85,1248.97,1243.55,1245.76,415322656
2024-11-06,1251.22,1262.44,1250.57,1261.28,565507648
2024-11-07,1266.61,1267.09,1259.75,1259.75,497306880
2024-11-08,1262.84,1264.09,1250.77,1252.56,550302016
2024-11-11,1253.81,1253.87,1241.29,1250.32,788661248
2024-11-12,1251.79,1257.02,1242.91,1244.82,595767296
2024-11-13,1242.94,1247.04,1234.62,1246.04,649715264
2024-11-14,1243.85,1247.07,1231.69,1231.89,676132416
2024-11-15,1229.36,1229.59,1217.03,1218.57,744140608
2024-11-18,1218.3,1225.38,1204.6,1217.12,635334144
2024-11-19,1220.68,1221.4,1205.15,1205.15,506331872
2024-11-20,1203.71,1222.73,1197.99,1216.54,765098176
2024-11-21,1216.32,1228.55,1214.99,1228.33,477379488
2024-11-22,1228.39,1233.42,1226.33,1228.1,529740192
2024-11-25,1229.39,1236.57,1229,1234.7,488333120
2024-11-26,1235.63,1246.83,1234.7,1242.13,556376256
2024-11-27,1241.36,1245.34,1239.23,1241.97,424283360
2024-11-28,1246.37,1250.46,1240.91,1242.11,475297088
2024-11-29,1242.51,1250.92,1241,1250.46,500233568
2024-12-02,1255.73,1258.05,1247.74,1251.21,473474784
2024-12-03,1251.43,1253.83,1244.91,1249.83,661812160
2024-12-04,1247.34,1247.78,1239.82,1240.41,572931520
2024-12-05,1241.81,1269.18,1238.49,1267.53,906533120
2024-12-06,1270.96,1276.1,1268.58,1270.14,693857792
2024-12-09,1271.46,1277.69,1268.69,1273.84,738306112
2024-12-10,1274.29,1277.32,1270.32,1272.07,626892608
2024-12-11,1273.23,1276.67,1264.15,1268.86,607780224
2024-12-12,1270.86,1275.64,1265.99,1267.35,552831168
2024-12-13,1264.98,1266.55,1260.48,1262.57,459600608
2024-12-16,1264.03,1267.1,1258.65,1263.79,505634656
2024-12-17,1264.91,1265.45,1260.6,1261.72,484998528
2024-12-18,1262.57,1266.53,1261.49,1266,508489408
2024-12-19,1256.9,1259.76,1249.39,1254.67,774204224
2024-12-20,1255.6,1259,1253.9,1257.5,540171584
2024-12-23,1262.45,1265.2,1257.5,1262.76,478968736
2024-12-24,1263.03,1263.05,1253.78,1260.36,622981184
2024-12-25,1262.03,1283.09,1261.87,1274.04,801257280
2024-12-26,1275.68,1277.17,1271.99,1272.87,577316992
2024-12-27,1275.56,1277.89,1272.23,1275.14,655900224
2024-12-30,1273.75,1274.15,1268.77,1272.02,525707520
2024-12-31,1272.25,1272.46,1266.78,1266.78,469698048
2025-01-02,1268.96,1271.13,1263.25,1269.71,419226176
2025-01-03,1268.74,1269.01,1254.59,1254.59,553308800
2025-01-06,1254.79,1260.37,1244.87,1246.35,562217664
2025-01-07,1249.19,1254.09,1243.06,1246.95,546782656
2025-01-08,1246.16,1251.02,1239.67,1251.02,437806656
2025-01-09,1250.56,1253.26,1242.9,1245.77,333832864
2025-01-10,1245.68,1247.8,1230.48,1230.48,491795584
2025-01-13,1226.66,1235.65,1220.87,1235.65,511942336
2025-01-14,1234.77,1235.54,1226.7,1229.07,369639904
2025-01-15,1233.29,1237.46,1231.13,1236.18,463297760
2025-01-16,1241.74,1245.4,1235.56,1242.36,466092288
2025-01-17,1242.38,1249.11,1239.63,1249.11,405069984
2025-01-20,1250.03,1253.02,1247.5,1249.55,431303904
2025-01-21,1252.75,1254.17,1243.08,1246.09,479672864
2025-01-22,1248.26,1249.14,1242.53,1242.53,500084832
2025-01-23,1245.59,1263.59,1244.77,1259.63,540845760
2025-01-24,1259.26,1265.38,1258.46,1265.05,519722240
2025-02-03,1259.09,1259.09,1249.78,1253.03,535483904
2025-02-04,1256.91,1264.68,1255.44,1264.68,657310976
2025-02-05,1268.43,1271.8,1266.18,1269.61,583908288
2025-02-06,1273.58,1275.47,1268.28,1271.48,557739520
2025-02-07,1271.98,1279.35,1269.12,1275.2,617157120
2025-02-10,1272.27,1274.47,1263.26,1263.26,794895680
2025-02-11,1265.44,1268.45,1263.11,1268.45,626667968
2025-02-12,1270.83,1272.86,1266.59,1266.91,504861088
2025-02-13,1267.25,1270.67,1263.85,1270.35,511151168
2025-02-14,1277.52,1280.6,1274,1276.08,649374272
2025-02-17,1277.12,1278.49,1272.72,1272.72,851272512
2025-02-18,1274.05,1283.34,1272.19,1278.14,705870336
2025-02-19,1280.6,1288.56,1278.92,1288.56,810380480
2025-02-20,1292.94,1295.82,1290.84,1292.98,764899392
2025-02-21,1293.63,1296.75,1290.98,1296.75,731061440
2025-02-24,1298.39,1304.56,1294.69,1304.56,892076416
2025-02-25,1306.86,1309.97,1298.54,1303.16,881445056
2025-02-26,1305.16,1306.49,1301.2,1302.96,755585408
2025-02-27,1307.31,1307.87,1296.43,1307.8,890929920
2025-02-28,1307.14,1308.77,1300.66,1305.36,807648000
2025-03-03,1306.97,1309.77,1304.3,1309.37,961792768
2025-03-04,1306.82,1313.21,1298.28,1311.91,1057315712
2025-03-05,1312.84,1319.52,1304.71,1304.71,973122560
2025-03-06,1308.02,1318.22,1307.91,1318.22,1061285440
2025-03-07,1320.08,1327.07,1318.71,1326.05,952809344
2025-03-10,1331.6,1335.87,1326.51,1330.28,1013701440
2025-03-11,1319.17,1332.54,1315.92,1332.54,930716672
2025-03-12,1337.63,1342.91,1331.75,1334.41,934615616
2025-03-13,1335.66,1340.91,1324.87,1326.27,1066749056
2025-03-14,1325.84,1333.32,1324.3,1326.15,1021045504
2025-03-17,1330.62,1336.26,1329.05,1336.26,952007616
2025-03-18,1340.16,1341.65,1330.97,1330.97,899439936
2025-03-19,1330.4,1330.7,1320.85,1324.63,945869568
2025-03-20,1326.8,1332.41,1316.11,1323.93,910926464
2025-03-21,1324,1325.22,1320.67,1321.88,799888896
2025-03-24,1322.9,1330.32,1316.73,1330.32,919259648
2025-03-25,1335.29,1337.6,1329.81,1331.92,1009780224
2025-03-26,1333.33,1338.55,1323.69,1326.09,819106752
2025-03-27,1325.98,1328.82,1323.01,1323.81,670508736
2025-03-28,1324.42,1325.34,1315.72,1317.46,734342720
2025-03-31,1313.51,1314.09,1304.1,1306.86,863300416
2025-04-01,1313.03,1317.46,1308.06,1317.33,608962176
2025-04-02,1321.53,1324.46,1317.68,1317.83,848992320
2025-04-03,1272.87,1277.9,1229.41,1229.84,1754245760
2025-04-04,1159.33,1210.67,1158.17,1210.67,1977718784
2025-04-08,1173.14,1174.4,1130.98,1132.79,1142773376
2025-04-09,1073.61,1141.35,1073.61,1094.3,1594477056
2025-04-10,1166.09,1168.4,1165.86,1168.34,367335072
2025-04-11,1185.86,1222.46,1180.59,1222.46,1721989896
2025-04-14,1235.01,1242.94,1226.06,1241.44,1037578688
2025-04-15,1232.64,1246.21,1221.75,1227.79,1065639808
2025-04-16,1225.29,1233.84,1205.93,1210.3,816347840
2025-04-17,1201.63,1217.25,1197.5,1217.25,775554560
2025-04-18,1228.37,1234.67,1219.12,1219.12,1064573312
2025-04-21,1220.38,1222.77,1201.63,1207.07,880812736
2025-04-22,1201.38,1203.82,1136.98,1197.13,1700038528
2025-04-23,1215.65,1216.28,1202.27,1211,851439104
2025-04-24,1214.78,1224.66,1210.37,1223.35,770280320
2025-04-25,1227.16,1230.72,1220.67,1229.23,854847232
2025-04-28,1234.3,1234.3,1222.56,1226.8,676417856
2025-04-29,1227.25,1229.1,1222.3,1226.3,669984448
2025-05-05,1226.3,1241.51,1226.3,1240.05,562287400
2025-05-06,1244.3,1251.02,1240.75,1241.95,723040799
2025-05-07,1241.1,1250.79,1240.67,1250.37,696102300
2025-05-08,1250.37,1271.44,1250.37,1269.8,780069567
2025-05-09,1274.5,1275.59,1264.87,1267.3,693909959
2025-05-12,1267.3,1283.86,1267.3,1283.26,831857112
2025-05-13,1283.26,1293.46,1283.26,1293.43,883805575
2025-05-14,1293.43,1310.57,1293.43,1309.73,915939876
2025-05-15,1314.19,1315.86,1301.61,1313.2,1046611026
2025-05-16,1314.16,1316.53,1299.77,1301.39,849810205
2025-05-19,1293.61,1306.2,1291.66,1296.29,829016708
2025-05-20,1298.62,1316.67,1298.62,1315.15,856903527
2025-05-21,1329.83,1331.6,1313.13,1323.05,989954494
2025-05-22,1319.88,1331.93,1312.82,1313.84,1118092439
2025-05-23,1313.93,1320.07,1308.62,1314.46,641199057
2025-05-26,1317.08,1332.51,1288.86,1332.51,959629532
2025-05-27,1338.09,1339.81,1329.6,1339.81,1052148659
2025-05-28,1344.08,1348.05,1337.18,1341.87,898547998
2025-05-29,1346.68,1348.31,1335.62,1341.86,894918607
2025-05-30,1342.89,1344.32,1330.53,1332.6,910315797
2025-06-02,1330.77,1336.3,1322.95,1336.3,860225663
2025-06-03,1341.31,1350.89,1339.56,1347.25,1034655094
2025-06-04,1350.52,1351.14,1341.53,1345.74,952312254
2025-06-05,1346.13,1347.14,1336.11,1342.09,756606282
2025-06-06,1339.13,1341.78,1329.67,1329.89,900453514
2025-06-09,1329.66,1331.56,1310.57,1310.57,718350414
2025-06-10,1307.74,1323.61,1307.74,1316.23,702729250
2025-06-11,1321.68,1321.68,1310.39,1315.2,539559282
2025-06-12,1321.25,1326.03,1316.8,1322.99,810972360
2025-06-13,1313.08,1321,1304.12,1315.49,1163417530
2025-06-16,1313.4,1338.66,1313.4,1338.11,778082690
2025-06-17,1343.7,1353.01,1339.39,1347.69,762355364
2025-06-18,1350.17,1353.99,1341.64,1346.83,766359975
2025-06-19,1346.33,1353.96,1342.08,1352.04,650852162
2025-06-20,1354.69,1356.78,1347.36,1349.35,778282664
2025-06-23,1345.24,1358.18,1338.49,1358.18,734132370
2025-06-24,1365.69,1371.24,1362.05,1366.77,881509880
2025-06-25,1368.51,1371.57,1365.45,1366.75,733106140
2025-06-26,1368.73,1370.61,1360.78,1365.67,598738983
2025-06-27,1369.13,1373.28,1362.09,1371.44,677782586
2025-06-30,1374.9,1377.3,1372.62,1376.07,636408174
2025-07-01,1378.14,1382.16,1369.74,1377.84,725237758
2025-07-02,1377.26,1384.59,1375.26,1384.59,848885603
2025-07-03,1381.64,1392.39,1377.06,1381.96,1315032525
2025-07-04,1384.93,1388.04,1379.4,1386.97,834917440
2025-07-07,1393.34,1402.32,1393.24,1402.06,1230455872
2025-07-08,1407.07,1415.46,1403.36,1415.46,1174871653
2025-07-09,1421.12,1432.29,1420.26,1431.32,1430949638
2025-07-10,1437.13,1446.16,1434.06,1445.64,1073701407
2025-07-11,1451.12,1463.91,1448.29,1457.76,1232260482
2025-07-14,1471.4,1473.93,1447.72,1470.42,1256774726
2025-07-15,1473.43,1476.32,1460.49,1460.65,1332298301
2025-07-16,1459.87,1475.47,1457.31,1475.47,1218566877
2025-07-17,1481.85,1494.46,1481.44,1490.01,1405002217
2025-07-18,1497.53,1501.2,1484.29,1497.28,1459740870
2025-07-21,1508.6,1511.96,1485.05,1485.05,1388969063
2025-07-22,1485.26,1509.54,1476.61,1509.54,1226974741
2025-07-23,1519.58,1523.37,1507.14,1512.31,1439115085
2025-07-24,1520.25,1525.32,1502.82,1521.02,1390154530
2025-07-25,1521.56,1534.51,1521.52,1531.13,1405568881
2025-07-28,1541.82,1558.12,1538.72,1557.42,1788192102
2025-07-29,1564.84,1564.92,1493.41,1493.41,2642722700
2025-07-30,1502.26,1512.15,1482.45,1507.63,1620038736
2025-07-31,1521.96,1522.39,1488.3,1502.52,1651133772
2025-08-01,1506.88,1509.03,1486.59,1495.21,1378350894
2025-08-04,1493.37,1528.21,1491.11,1528.19,1228661002
2025-08-05,1547.19,1584.98,1519.08,1547.15,2697027395
2025-08-06,1558.56,1573.71,1551.6,1573.71,1325741058
2025-08-07,1587.84,1587.84,1567.72,1581.81,1605153483
2025-08-08,1589.32,1589.44,1565.45,1584.95,1817288244
2025-08-11,1590.98,1601.79,1586.21,1596.86,1589742304
2025-08-12,1603.5,1608.23,1591.18,1608.22,1583593191
2025-08-13,1615.57,1616.99,1585.54,1611.6,1863151895
2025-08-14,1623.18,1641.28,1619.76,1640.69,1752441563
2025-08-15,1665.86,1665.97,1615.26,1630,2011992093
2025-08-18,1638.37,1642.71,1625.61,1636.37,1514197226
2025-08-19,1646.73,1665.48,1643.04,1654.2,1789073441
2025-08-20,1662.11,1665.54,1614.6,1664.36,2280731304
2025-08-21,1674.76,1693.68,1672.26,1688,1635930140
2025-08-22,1680.42,1689.3,1629.49,1645.47,2234242998
2025-08-25,1659.7,1660.49,1608.53,1614.03,1449075936
2025-08-26,1611.61,1667.96,1603.73,1667.63,1229376641
2025-08-27,1678.54,1696.6,1669.67,1672.78,1477066097
2025-08-28,1679.33,1684.16,1659.68,1680.86,1098450679
2025-08-29,1690.11,1694.42,1678.57,1682.21,1460861015
2025-09-03,1682.11,1685.73,1670.39,1681.3,1241257543
2025-09-04,1687.59,1696.29,1675.95,1696.29,1289344174
2025-09-05,1705.13,1711.49,1665.81,1666.97,1651250921
2025-09-08,1660.91,1667.36,1624.53,1624.53,1769876607
2025-09-09,1629.58,1637.32,1613.01,1637.32,1012829196
2025-09-10,1646.09,1646.49,1629.29,1643.26,833100714
2025-09-11,1638.75,1659.19,1605.76,1657.75,1197131426
2025-09-12,1662.02,1670.62,1653.79,1667.26,1006501112
2025-09-15,1672.59,1684.9,1668.09,1684.9,1122425898
2025-09-16,1696.1,1696.33,1677.03,1680.9,1232560447
2025-09-17,1678.09,1684.62,1667.07,1670.97,967047675
2025-09-18,1675.85,1679.63,1654.12,1665.18,863667370
2025-09-19,1671.24,1671.77,1640.62,1658.62,863955588
2025-09-22,1656.66,1659.13,1616.02,1634.45,1138988356
2025-09-23,1635.12,1643.59,1627.58,1635.26,657137789
2025-09-24,1635.36,1657.46,1619.09,1657.46,942294584
2025-09-25,1661.08,1668.21,1654.47,1666.09,914938950
2025-09-26,1666.68,1671.43,1657.94,1660.7,899321657
2025-09-29,1659.24,1674.84,1655.03,1666.48,808656985
2025-09-30,1667.86,1676.8,1645.97,1661.7,1048764085
2025-10-01,1664.95,1671.07,1658.81,1665.05,665999631
2025-10-02,1668.04,1679.73,1651.18,1652.71,735858787
2025-10-03,1651.39,1654.6,1638.6,1645.82,814582654
2025-10-06,1673.16,1695.5,1664.17,1695.5,1005160153
2025-10-07,1703.9,1703.9,1680.74,1685.3,799007265
2025-10-08,1701.06,1704.42,1680.87,1697.83,1016488853
2025-10-09,1702.76,1717.65,1699.17,1716.47,1043251858
2025-10-10,1725.27,1747.57,1721.76,1747.55,998294168
2025-10-13,1738.23,1766.77,1736.03,1765.12,1231241730
2025-10-14,1782.97,1794.58,1755.64,1761.06,1491009356
2025-10-15,1766.12,1773.73,1750.4,1757.95,1107614674
2025-10-16,1764.51,1768.45,1753.5,1766.85,1087385525
2025-10-17,1771.61,1771.61,1727.8,1731.19,1221045346
2025-10-20,1723.59,1727.11,1636.43,1636.43,1636108645
2025-10-21,1640.8,1677.11,1622.37,1663.43,1530032193
2025-10-22,1678.82,1678.82,1628.37,1678.5,910675007
2025-10-23,1680.61,1698.01,1669.78,1687.06,699304369
2025-10-24,1684.95,1691.69,1660.32,1683.18,916269054
2025-10-27,1695.98,1697.16,1652.54,1652.54,903493887
2025-10-28,1647.86,1680.5,1621.52,1680.5,876810299
2025-10-29,1685.9,1695.99,1675.68,1685.83,823542134
2025-10-30,1690.69,1690.69,1661.92,1669.57,763111948
2025-10-31,1668.11,1668.11,1639.33,1639.65,777803290
2025-11-03,1645.15,1652.48,1617,1617,965233110
2025-11-04,1618.02,1658.93,1600.56,1651.98,1131564973
2025-11-05,1647.46,1659.58,1640.51,1654.89,614850900
2025-11-06,1656.67,1658.69,1638.12,1642.64,550189158
2025-11-07,1634.05,1638.59,1595.34,1599.1,818296957
2025-11-10,1598.02,1609.49,1580.54,1580.54,656338910
2025-11-11,1585.32,1597.08,1578.42,1593.61,596030348
2025-11-12,1599.63,1631.86,1596.43,1631.86,682207403
2025-11-13,1632.64,1638.98,1626.14,1631.44,629954183
2025-11-14,1627.45,1638.35,1623.03,1635.46,649838136
2025-11-17,1640.47,1654.42,1640.47,1654.42,661269040
2025-11-18,1657.15,1660.41,1647.64,1659.92,706237540
2025-11-19,1659.25,1661.51,1643.04,1649,741997320
2025-11-20,1651.93,1660.55,1647.79,1655.99,592496709
2025-11-21,1646.24,1656.84,1635.1,1654.93,666027161
2025-11-24,1656.03,1674.29,1656.01,1667.98,522154043
2025-11-25,1670.08,1676.7,1658.47,1660.36,778049790
2025-11-26,1667.31,1682.17,1663.99,1680.36,682182877
2025-11-27,1686.03,1695.34,1681.08,1684.32,598407577
2025-11-28,1683.77,1696.14,1679.12,1690.99,632979322
2025-12-01,1698.98,1713.77,1697.38,1701.67,519841839
2025-12-02,1704.84,1719.03,1690.36,1717.06,661265926
2025-12-03,1725.9,1741.65,1714.9,1731.77,720629160
2025-12-04,1735.61,1741.71,1725.23,1737.24,762188232
2025-12-05,1755.72,1758.44,1741.32,1741.32,629671556
2025-12-08,1757.41,1758.41,1746.03,1753.74,609653976
2025-12-09,1771.82,1771.82,1724.66,1747.17,895768193
2025-12-10,1748.82,1748.82,1714.44,1718.98,518373930
2025-12-11,1710.28,1718.84,1693.72,1698.9,497312893
2025-12-12,1702.72,1702.73,1640.91,1646.89,830667261
2025-12-15,1645.87,1665.65,1636.82,1646.01,599602932
2025-12-16,1647.42,1689.07,1629.37,1679.18,751636809
2025-12-17,1680.4,1683.95,1671.07,1673.66,495753236
2025-12-18,1674.36,1676.98,1665.21,1676.98,490167302
2025-12-19,1678.72,1705.76,1677.67,1704.31,660580746
2025-12-22,1717.42,1751.03,1712.48,1751.03,755374637
2025-12-23,1765,1778.18,1763.52,1772.15,732383695
2025-12-24,1782.71,1784.98,1753.65,1782.82,685897134
2025-12-25,1779.51,1805.93,1742.85,1742.85,633306718
2025-12-26,1706.39,1730.99,1687.14,1729.8,920350846
2025-12-29,1733.39,1754.84,1731.63,1754.84,513330603
2025-12-30,1758.45,1766.9,1740.07,1766.9,554603881
2025-12-31,1760.81,1787.75,1760.14,1784.49,592835116
2026-01-05,1786.08,1797.4,1775.19,1788.4,810900473
2026-01-06,1795.57,1817.06,1790.44,1816.27,838989917
2026-01-07,1831.62,1861.58,1819.17,1861.58,929077252
2026-01-08,1880.81,1888.33,1850.11,1855.56,1172488005
2026-01-09,1861.02,1880.16,1853.16,1867.9,1218660759
2026-01-12,1880.38,1887.92,1868.89,1877.33,1322446972
2026-01-13,1876.61,1910.69,1871.79,1902.93,1289021469
2026-01-14,1910.68,1918.46,1870.87,1894.44,1335130373
2026-01-15,1883.7,1884.19,1845.95,1864.8,1198731055
2026-01-16,1874.83,1901.22,1874.83,1879.13,980958156
2026-01-19,1894.67,1898.24,1874.69,1896.59,832522475
2026-01-20,1907.56,1915.11,1884.6,1893.78,987970727
2026-01-21,1876.96,1894.22,1859.25,1885.44,1125596634
2026-01-22,1895.08,1904.56,1874.81,1882.73,945697108
2026-01-23,1889.73,1898.83,1866.87,1870.79,841053745
2026-01-26,1876.82,1879.45,1833.21,1843.72,998240671
2026-01-27,1843.94,1845.7,1821.79,1830.5,752074184
2026-01-28,1837.67,1842.61,1793.13,1802.91,863394661
2026-01-29,1804.63,1814.98,1797.32,1814.98,657114403
2026-01-30,1822.1,1831.97,1808.98,1829.04,827036508
2026-02-02,1822.38,1827.91,1777.85,1806.5,888369649
2026-02-03,1807.09,1827.22,1805.22,1813.4,916896859
2026-02-04,1813.87,1813.87,1780.71,1791.43,969815852
2026-02-05,1789.14,1800.1,1782.18,1782.56,703264966
2026-02-06,1768.77,1782.34,1755.49,1755.49,997365978
2026-02-09,1769.76,1771.73,1749.87,1754.82,517575829
2026-02-10,1755.83,1776.24,1741.37,1754.03,719682136
2026-02-11,1766.74,1799.92,1763.96,1796.85,808848823
2026-02-12,1809.01,1816.11,1804.6,1814.09,451674492
2026-02-13,1816.29,1824.09,1792.91,1824.09,576394307
2026-02-23,1838.12,1863.13,1836.61,1860.14,732214189
2026-02-24,1862.18,1867.62,1849.6,1867.62,967871763
2026-02-25,1869.49,1876.01,1857.16,1860.91,1084949538
2026-02-26,1861.32,1882.17,1859.04,1879.64,753927389
2026-02-27,1883.12,1899.44,1868.91,1880.33,858209995
2026-03-02,1876.01,1885.18,1844.25,1846.1,1418296837
2026-03-03,1854.28,1854.28,1808.55,1813.14,1221025992
2026-03-04,1803.54,1833.33,1766.86,1818.27,1478621201
2026-03-05,1837.34,1849.01,1808.07,1808.51,1097224844
2026-03-06,1801.08,1807.31,1767.84,1767.84,952770876
2026-03-09,1757.73,1757.73,1651.68,1652.79,1278597856
2026-03-10,1664.52,1716.62,1651.29,1676.73,1344747032
2026-03-11,1675.87,1729.67,1675.17,1728.34,896281821
2026-03-12,1716.62,1725.52,1701.59,1709.61,857917482
2026-03-13,1697.72,1716.75,1688.67,1696.24,877875254
2026-03-16,1702.13,1707,1680.7,1693.21,746306319
2026-03-17,1709.38,1732.31,1708.83,1710.29,725273862
2026-03-18,1718.3,1742.87,1706.53,1713.83,699754878
2026-03-19,1700.77,1709.47,1685.9,1699.13,821692120
2026-03-20,1698.62,1698.62,1642.65,1647.81,856451948
2026-03-23,1630.11,1636.27,1586.44,1591.17,986020339
2026-03-24,1626.34,1630.63,1602.92,1614.77,687078246
2026-03-25,1629.73,1658.77,1629.73,1658.19,796965260
2026-03-26,1661.53,1661.6,1634.55,1644.63,641307834
2026-03-27,1643.89,1673.31,1640.31,1672.8,814663981
2026-03-30,1646.08,1671.6,1637.58,1662.54,745194737
2026-03-31,1669.57,1677.83,1663.05,1674.49,787839248
2026-04-01,1713.92,1715.21,1700.18,1702.93,826834534
2026-04-02,1706.15,1706.15,1684.47,1694.82,730462121
2026-04-03,1700.14,1713.95,1679.79,1684.04,696862532
2026-04-06,1682.24,1693.03,1669.31,1674.99,556779316
2026-04-07,1677.87,1690.31,1665.36,1677.54,514778977
2026-04-08,1706.59,1756.55,1706.59,1756.55,1121941552
2026-04-09,1750.88,1754.77,1736.68,1736.68,939896157
2026-04-10,1750.86,1762.84,1748.96,1750,855525196
2026-04-13,1738.57,1765.67,1733.18,1758.96,767253461
2026-04-14,1775.25,1784.43,1765.52,1775.65,774460243
2026-04-15,1787.37,1801.89,1786.65,1800.65,805513607
2026-04-16,1806.46,1824.03,1799.18,1819.83,819390678
2026-04-17,1834.32,1846.19,1814.47,1817.17,632349354
2026-04-20,1819.03,1837.11,1802.42,1837.11,581405080
2026-04-21,1851.84,1866.1,1833.48,1833.48,751134492
2026-04-22,1833.93,1861.34,1819.21,1857.3,562382244
2026-04-23,1868.31,1888.99,1855.09,1870.36,953432252
2026-04-24,1873.23,1881.93,1843.63,1853.29,568682199
2026-04-28,1850.07,1887.69,1848.98,1875.84,577907915
2026-04-29,1879.53,1881.18,1841.3,1854.1,626247808
2026-05-04,1870.66,1876.8,1840.43,1854.06,614072346
2026-05-05,1853.13,1875.97,1849.32,1874.85,701963400
2026-05-06,1881.22,1892,1868.92,1891.2,788372585
2026-05-07,1897.44,1924.95,1896.45,1909.01,852195767
2026-05-08,1911.15,1921.81,1897.06,1915.37,840759266
2026-05-11,1919.05,1927.06,1893.75,1895.5,870568077
2026-05-12,1893.2,1906.64,1875.25,1901.1,646156258
2026-05-13,1908.77,1908.77,1865.12,1898.37,796945943
2026-05-14,1896.72,1927.7,1883.98,1925.46,580872676
2026-05-15,1928.61,1930.58,1909.9,1921.6,708757508
2026-05-18,1916.56,1932.62,1908.78,1927.94,774679381
2026-05-19,1933.01,1933.11,1904.47,1912.93,904325068
2026-05-20,1906.73,1919.39,1859.22,1913.23,1078815114
2026-05-21,1920.44,1923.21,1886.62,1896.89,562755083
2026-05-22,1896.74,1896.74,1856.08,1877.13,650651924
2026-05-25,1876.37,1891.26,1876.37,1886.03,495245425
2026-05-26,1889.15,1889.15,1876.32,1884.18,598836621
2026-05-27,1889.87,1889.87,1863.18,1874.43,667675136
2026-05-28,1868.88,1882.66,1857.25,1863.67,602798527
2026-05-29,1864.65,1873.17,1855.96,1863.49,556018675
2026-06-01,1867.44,1871.09,1841.32,1844.54,431817093
2026-06-02,1845.32,1858.76,1824.08,1826.47,719741504
2026-06-03,1824.18,1831.65,1798.05,1819.01,717622784
2026-06-04,1822.08,1831.55,1812.65,1831.55,546633600
2026-06-05,1833.07,1846.71,1832.76,1838.9,491758208
2026-06-08,1822.1,1822.95,1789.31,1790.53,696165568
2026-06-09,1799.21,1800.8,1780.71,1793.05,523970176
2026-06-10,1793.45,1805.03,1789.48,1803.71,596041536
2026-06-11,1793.15,1801.99,1788.64,1798.61,408853376
2026-06-12,1813.07,1813.57,1788.8,1791.65,637931712
2026-06-15,1804.24,1810.41,1775.72,1799.31,761472768
2026-06-16,1808.56,1811.59,1799.86,1807.94,669627584
2026-06-17,1797.41,1808.57,1787.89,1806.2,771408960
2026-06-18,1822.37,1836.4,1819.62,1830.47,629881856
2026-06-19,1837.38,1838.52,1822.47,1824.53,596143488
2026-06-22,1827.53,1859.78,1822.58,1857.91,505126112
2026-06-23,1871.92,1886.6,1863.51,1869.04,932868864
2026-06-24,1873.19,1894.75,1861.72,1878.02,619329472
2026-06-25,1878.71,1880.16,1856.3,1863.07,462923392
2026-06-26,1857.24,1873.91,1854.94,1871.91,498278784
2026-06-29,1868.64,1869.52,1852.2,1854.97,592439872
2026-06-30,1855.67,1863.14,1844.66,1860.01,691943872
2026-07-01,1859.96,1871.68,1859.68,1867.21,613215680
2026-07-02,1869.87,1873.87,1863.75,1866.35,555476352
2026-07-03,1867.17,1872.98,1857.28,1862.08,604259520
2026-07-06,1873.24,1873.58,1829.05,1843.5,779589120
2026-07-07,1840.69,1848.25,1825.79,1848.25,554175616
2026-07-08,1847.42,1855.74,1842.19,1853.7,662188416
2026-07-09,1843.01,1850.56,1840.7,1840.7,585707200
2026-07-10,1840.33,1845.86,1828.34,1828.34,585312064
2026-07-13,1829.5,1829.5,1781.45,1800.54,845364032
2026-07-14,1793.23,1806.63,1774.22,1806.63,561857536
2026-07-15,1805.93,1805.93,1776.83,1782.12,603241792
2026-07-16,1772.52,1804.24,1757.42,1804.24,788577792
2026-07-17,1801.89,1803.14,1787.45,1787.45,435884192
2026-07-20,1782.93,1783.83,1736.43,1743.51,858477248
2026-07-21,1733.44,1750.3,1725.34,1730.56,782582400
2026-07-22,1729.33,1736.91,1668.53,1668.53,904523584
2026-07-23,1664.5,1703.48,1658.35,1699.38,862797376
2026-07-24,1683.23,1696.78,1674.64,1686.11,585994880
2026-07-27,1694.78,1700.69,1669.01,1669.01,627269632
2026-07-28,1653.51,1684.54,1651.2,1680.62,778939712
2026-07-29,1682.72,1704.68,1675.19,1704.68,554227264
2026-07-30,1703.94,1744.8,1701.14,1744.66,837197568
2026-07-31,1764.45,1764.45,1735.36,1735.78,756503744
2026-08-03,1745.06,1767.58,1737.26,1762.84,760113024
2026-08-04,1764.98,1777.23,1759.64,1777.23,662723712
2026-08-05,1784.94,1790.87,1773.39,1776.46,746409280
2026-08-06,1784.65,1784.65,1764.32,1764.78,578878912
2026-08-07,1761.23,1774.61,1756.07,1768.06,647697536
2026-08-10,1775.79,1785.38,1759.06,1776.77,730811072
2026-08-11,1781.08,1789.35,1772.03,1773.41,636947456
2026-08-12,1776.63,1794.01,1770.63,1793.18,570616704
2026-08-13,1793.81,1798.79,1765.63,1765.63,743382208
2026-08-14,1763.6,1763.6,1717.64,1729.08,737002304
2026-08-17,1727.81,1735.2,1715.91,1727.46,519224704
2026-08-18,1727.62,1750.86,1724.33,1732.02,548635840
2026-08-19,1732.02,1734.39,1719.16,1726.69,572422912
2026-08-20,1735.56,1742.38,1729.48,1734.24,463424256
2026-08-21,1733.52,1768.12,1725.4,1768.12,777638144
2026-08-24,1787.54,1795.38,1778.4,1788.78,845757440
2026-08-25,1792.19,1812.18,1785.22,1791.41,835458304
2026-08-26,1789.43,1821.32,1787.8,1821.32,724836160
2026-08-27,1821.82,1838.25,1815.42,1831.56,604677120
2026-08-28,1833.27,1838.2,1819.16,1832.12,562183972
2026-09-03,1821.82,1829.84,1802.11,1827.72,520015364
2026-09-04,1829.66,1862.63,1829.66,1853.08,618685696
2026-09-07,1857.32,1874.48,1821.64,1821.64,643819648
2026-09-08,1820.75,1831.31,1814.5,1830.44,559481536
2026-09-09,1836.98,1848.17,1822.63,1827.12,566830080
2026-09-10,1825.79,1834.96,1812.98,1829.23,484570080
2026-09-11,1820.11,1822.44,1795.21,1795.21,697692096
2026-09-14,1792.67,1799.1,1776.85,1788.23,663717506
2026-09-15,1795.12,1813.94,1794.76,1811.15,523818299
2026-09-16,1812.96,1816.26,1805.2,1810.11,583285568
2026-09-17,1802.79,1830.35,1801.42,1822.77,715923328
2026-09-18,1835.32,1841.2,1815.66,1815.66,862063616
2026-09-21,1829.03,1829.03,1786.37,1799.67,654159104
2026-09-22,1798.9,1816.93,1787.62,1816.93,531618144
2026-09-23,1818.06,1822.67,1801.65,1801.65,663744448
2026-09-24,1801.07,1801.07,1772.24,1775.09,638302592
